条件,サンプルのインデックス,ID,プレイヤー,文字数,対原文類似度,テキスト内容
そのまま,3,3,原文,99,1.0,2023年11月、AIモデルが初めて将棋のプロ棋士に勝利し、囲碁やチェスといった他のゲームでも目覚ましい成果を上げ始めた。これはAI技術の進化と、ゲームにおける戦略理解能力の向上を示す出来事である。
そのまま,3,3,1人目,60,0.21650935489837125,2023年11月、アーティフィシャルインテリジェンスが初めてプロ棋士に勝利し、その他のゲームでも優秀な成績を残している。
そのまま,3,3,2人目,71,0.11000564489668659,2023年11月、アーティフィシャルインテリジェンスが競技で初めてプロの棋士に勝ち、その他ではもともとできるゲームでも優れた結果となっている。
そのまま,3,3,3人目,64,0.07655948373510787,2023年の秋、人工知能が初めてプロの将棋選手を打ち負かす。その他の競技やゲームでも、それまで可能だった限り優秀な結果を残した。
そのまま,3,3,4人目,74,0.032916632976842344,今年の秋になると、新しい記録が立てられた。人工知能は人間のプロの将棋選手に勝った。そして、そのほかの競技やゲームでは、以前より優れた成績で活躍した。
そのまま,3,3,5人目,71,0.04461106577637537,今年の秋になると、新しい記録がたてられた。AIは人間のプロの将棋選手に勝った。そして、そのほかの競技やゲームでは、前よりもいい成績で活躍した。
そのまま,3,3,6人目,98,0.04796965361673053,今年の秋にはまた新しい記録がつく。その中でもとりわけ注目されたのはAIの将棋に対する優勢だった。それは人間のプロの選手に勝ったからだ。そしてそのほかの競技やゲームでは、前よりもいい成績で活躍した。
そのまま,3,3,7人目,97,0.048053085245124236,今年の秋にはまた新しい記録がつく。その中でもとりわけ注目されたのはAIの将棋に対する優勢だった。それは人間のプロの選手に勝ったからだ。そしてそのほかの競技やゲームでは前よりもいい成績で活躍した。
そのまま,3,3,8人目,97,0.05134578734714142,今年の秋、AIの将棋優勢という記録が続いた。その中でも注目されたのは人間のプロに勝ったことだった。前年の成績よりさらに上の結果を出し、他の競技やゲームではもはやプロと区別されなくなってしまった。
そのまま,3,3,9人目,99,0.05093768180802611,今年の秋、AIの将棋優勢という記録が続いた。その中でも注目されたのは人間のプロに勝ったことだった。前年の成績よりさらに上の結果を出し、今や他の競技やゲームではもはやプロと区別すらなくなってしまった。
そのまま,3,3,10人目,97,0.05161973303997956,今年の秋、AIの将棋優勢という記録が続き注目されたのは人間のプロに勝ったことだった。それまでの前年の成績よりさらに上の結果を出し、今は他の競技やゲームでももはやプロと区別すらなくなってしまった。
そのまま,1,1,原文,96,1.0,2023年11月、気象庁が記録的な大雨による河川の氾濫を予測し、避難指示を発令した。多くの住民が安全な場所に移動し、都市部では交通網が麻痺した。被害状況の詳細な調査と復旧作業が進められている。
そのまま,1,1,1人目,75,0.22339637342335705,気象庁は11月の大雨による氾濫で多くの地域に避難指示を出した。市民は安全な場所へ避難し、交通網も混乱したままだった。被害の詳細や復旧作業が進行中です。
そのまま,1,1,2人目,86,0.14357553196445913,気象庁は11月の大雨による氾濫で多くの地域に避難指示が出たため、市民は安全な場所へ避難し、交通網も混乱したままだった状態となっていた。被害の詳細や復旧作業はまだ進行中です。
そのまま,1,1,3人目,90,0.12975611268905868,気象庁は11月の大雨による氾濫で多くの地域に避難指示が出たため、市民は安全な場所へ避難し、交通網も混乱したままだった状況が続いていたようだ。被害の詳細や復旧作業はまだ進行途中です。
そのまま,1,1,4人目,77,0.09236571111674143,気象庁によると氾濫で多くの地域に避難指示が出たため、多くの人たちは安全な場所へ避難し、交通網も混乱していたようだ。被害の具合や復旧作業はまだ進行途中です。
そのまま,1,1,5人目,83,0.09257813127729969,気象庁によると氾濫で多くの地域に避難指示が出たため、各地の人が安全な場所へ避難した様子が確認され、交通網も混乱していたようだ。被害の具合や復旧作業はまだ進行途中です。
そのまま,1,1,6人目,69,0.06171013695136105,気象庁によると氾濫で避難指示が出たため多くの人に安全な場所へ避難し、交通が混乱していたようだ。被害の具合などはまだわかっていない状態です。
そのまま,1,1,7人目,62,0.0404017765675177,気象庁によると氾濫で避難指示が出たので多くの人が避難して交通が混まっていたそうだ。被害や状況についてはまだ詳しくないようだ。
そのまま,1,1,8人目,50,0.03350369231297828,気象庁によると、多くの人が避難したという情報が入り、交通の混乱も起こっているような事実はあるようだ。
そのまま,1,1,9人目,37,0.038911500773719285,今までにたくさんの人が避難し、それによって交通がとても混まれているようだ。
そのまま,1,1,10人目,32,0.02391093093160003,多くの人々が避難のために流れ込み、道路が混雑している状況らしい。
そのまま,4,4,原文,123,1.0,2023年11月、大阪府吹田市で、深夜に発生した大規模停電が市民生活を混乱させた。電力供給の停止により、多くの家や店舗が営業できず、交通機関にも影響が出た。原因は送電線のショートで、復旧作業には長時間かかり、地域住民は徐々に電気復旧へと向かった。
そのまま,4,4,1人目,97,0.388480166987108,2023年11月、大阪府吹田市で深夜の大規模停電が発生し、多くの家や店舗を混乱させた。停電の原因は送電線のショートであったため、交通機関も影響を受けたが、地域住民は徐々に復旧へと向かっていった。
そのまま,4,4,2人目,85,0.35928620091089003,2023年11月、大阪府吹田市で深夜の大規模停電が発生し、多くの家や店舗が混乱した。原因は送電線のショートであり、交通も影響を受けたが、地域住民は復旧へと向かっていった。
そのまま,4,4,3人目,83,0.31576022947587457,2023年11月、大阪府吹田市で深夜の大規模停電が発生し、多くの家や店舗に影響があった原因は送電線のショートであり、交通も混乱したが地域住民は復旧へと向かっていった。
そのまま,4,4,4人目,91,0.2151592450465596,2023年11月、大阪府吹田市で深夜の大規模停電があり、多くの家と店舗に影響が出た原因は、送電線のショートだった。交通も混ましかったが、地域の人たちは復旧への取り組みを見せていった。
そのまま,4,4,5人目,97,0.2155017057211779,2023年11月、大阪府吹田市で深夜の大規模停電があり、多くの家と店舗に被害が出た原因は送電線のショートだった。それにより交通も大変混ましかったが、地域の人たちは復旧への取り組みを見せていった。
そのまま,4,4,6人目,96,0.19839936232102756,2023年11月、大阪府吹田市で深夜の大規模停電があり多くの家と店舗に被害が出た原因は送電線のショートだった。それにより交通も大変混ましかったが、地域の人たちは復旧への取り組みを見せていった。
そのまま,4,4,7人目,82,0.15086120896566685,2023年11月、大阪府吹田市で深夜の大規模停電があった。それにより多くの家や店舗に被害が出て、交通も大きく混乱したが、地域の人々は早急な復旧にも取り組んだようだ。
そのまま,4,4,8人目,74,0.05102499704208213,大阪府吹田市での深夜の大きな停電の影響で、たくさんの人が困ることになった。吹田市の人たちは、交通などを再び正常にするために、できることをしたようだ。
そのまま,4,4,9人目,110,0.033951937307823435,吹田市は大変な深夜の大停電の被害を受けているらしいが、この影響で多くの人々が困ることになっており、地域住民たちも状況に応じてできることがあって、それらを効果的に取り入れて地域での交通などを正常にする努力をしておりそうだ。
そのまま,4,4,10人目,111,0.040511916090562476,吹田市は深夜の大停電の被害を受けているようで、この影響が多くの人々にとって困ることになっており、住民たちは状況に応じてできることを効果的に取り入れ、地域での交通や日常生活などを正常にする努力をしているようなので聞いている。
そのまま,2,2,原文,109,1.0,2023年11月、日本各地で記録的な大雨となり、河川の氾濫や土砂災害が発生しました。多くの住民が避難を余儀なくされ、交通機関にも大きな影響が出ました。緊急の支援活動が行われ、被害状況の把握と復旧作業が進められています。
そのまま,2,2,1人目,123,0.21264284314503168,2023年11月に日本で記録的な大雨が降り出し、多くの地域で氾濫や土砂災害をもたらし、避難生活を強いられる住民が数多く出ました。交通の麻痺により、多くの日常生活は大きく影響を受けていますが、被害の程度と復旧作業の状況については、今でも把握中です。
そのまま,2,2,2人目,111,0.19040879818307913,2023年11月の日本で記録的大雨が降り出し、多くの地域では氾濫や土砂災害が出現し、避難生活を強いられる住民も多数出ました。交通の中断により日常生活に大きな影響がありますが、今でも被害の程度と復旧状況については把握中です。
そのまま,2,2,3人目,109,0.1588571236080639,2023年11月の大雨の影響で日本各地で氾濫や土砂災害が発生し、多くの地域で避難生活を強いられた住民も出ています。交通の中断による日常生活への影響は大きく、被害の状況や復旧進度についてまだ把握する余裕がなくて大変です。
そのまま,2,2,4人目,106,0.15383524504530144,2023年11月の大雨の影響で日本各地の氾濫や土砂災害が発生し、多くの地域で避難生活を強いられている住民もいます。交通の中断による日常生活への影響は大きく被害の状況や復旧進度についてまだ把握する余裕がありません。
そのまま,2,2,5人目,109,0.10247065855952607,2023年11月の大雨が日本各地にわたって氾濫や土砂災害を引き起こし、多くの地域で避難生活を強いられている住民もいます。交通の麻痺による日常生活への影響は大きく被害の状況や復旧状況についてまだ把握する余裕がありません。
そのまま,2,2,6人目,105,0.0690442337802856,2023年の大雨が日本各地に広がり、氾濫や土砂災害を引き起こし、避難生活を強いられている住民も増えているようだ。交通の障壁による日常生活への影響は大きく被害の状況や復旧の進捗についてまだ十分な把握がないようだ。
そのまま,2,2,7人目,109,0.07216017874013529,2023年の大雨が日本各地に広がり、氾濫や土砂災害を引き起こし、避難生活を強いられている住民も増えているように思われる。交通の障壁による日常生活への影響は大きく被害の状況や復旧の進捗についてまだ十分な把握がないようだ。
そのまま,2,2,8人目,91,0.06447264757877362,2023年の大雨が日本各地に広がり、避難を強いられている住民も増えているように思われる。交通の障壁による日常生活への影響は大きく、今現在復旧の進捗についてまだ十分な把握がないようだ。
そのまま,2,2,9人目,93,0.030810207874553165,今年の大雨が国中で広がっていて、避難している人も急増していると見られる。交通が混乱し日々の生活に大きな障害となっているように思われるが、現在復旧状況をよく知る情報は得られていないようだ。
そのまま,2,2,10人目,107,0.03769087567141353,今年の大雨が国中で広がっていて、避難している人も急増していると見られる。また、交通が混乱し日々の生活に大きな障害となっているように思われるが、今現在は復旧状況についてよくわからないような情報が得られていないようだ。
そのまま,5,5,原文,95,1.0,2023年9月、東京都内で記録的な集中豪雨が発生し、河川の氾濫や土砂災害を引き起こしました。多くの住民が避難を余儀なくされ、交通網は大混乱に陥りました。重力災害として警戒が必要な状況でした。
そのまま,5,5,1人目,71,0.3932573350036845,2023年9月、東京都内では集中豪雨の影響により氾濫や土砂災害が発生し、住民が避難を強いられ、交通は混乱に陥ったという報告が届いておりました。
そのまま,5,5,2人目,35,0.05974721461280737,東京都で集中豪雨の被害が出て、多くの人が避難していると言われています。
そのまま,5,5,3人目,50,0.060909635550124436,東京都で大雨による災害が相次いで起こっていて、多くの住民が家に戻ることができない状況となっています。
そのまま,5,5,4人目,91,0.03340087672269216,都内では大雨の影響で多くの区で避難勧告が出ています。その中で特別な対策として、東京都は全員に水道水を使うことや、自宅にあふれが入らないように窓を閉じるなどをすることを指示しています。
そのまま,5,5,5人目,82,0.02819720167536158,都内では大雨の影響で多くの区で避難勧告が出ています。その中で特別な対策として東京都は全員に水道水を使うことや、自宅の窓を閉じてあふれが入らないように指示しています。
そのまま,5,5,6人目,87,0.03301705710524605,都内では大雨による影響から多くの区で避難勧告が出ています。その中で特別な対策として東京都は全員に水道水を使うよう指示し、自宅の窓を閉じてあふれが入らないように強調しています。
そのまま,5,5,7人目,112,0.032982425309611416,都内では大雨による影響から多くの区で避難勧告が出ています。その中で特別な対策として東京都は全員に水道水を使うよう指示し、自宅の窓を閉じてあふれが入らないように強調しています。東京都は今後も状況を見ながら対応を決めていきます。
そのまま,5,5,8人目,118,0.028730302652033645,都内では大雨による影響から多くの区で避難勧告が出ています。その中で特別な対策として東京都は、自宅の窓を閉じてあふれが入らないように強調しているほか、全員に水道水を使うよう指示しています。東京都は今後も状況を見ながら対応を決めていきます。
そのまま,5,5,9人目,110,0.023869002208196887,都内で大雨による影響から多くの区で避難勧告が出ています。その中で特別な対策として、自宅の窓を閉じて水が入らないように強調しているほか全員に水道水を使うよう指示しています。東京都は今後も状況を見ながら対応を決めていきます。
そのまま,5,5,10人目,87,0.012208276917747504,都内大雨による影響で多くの区で避難勧告が出ている。その中で自宅窓の閉じ方や水道水使いについて特別な対策を指示している。そのため東京都は状況を見ながら対応を決めていく予定です。
そのまま,6,6,原文,102,1.0,ある患者が、高血圧と糖尿病を合併しており、症状の悪化を防ぐため、医師が複数の薬剤を処方した。その後、定期的な検査の結果、血糖値と血圧が改善し、生活習慣の見直しも実施されたことで、健康状態が良好に回復した。
そのまま,6,6,1人目,99,0.4400204790159479,ある患者が、高血圧や糖尿病を持っていたので、複数の薬を服用するように指示された。その後、定期的な検査の結果、血糖値と高血圧は改善され、生活習慣を見直すことが成功したことで、健康状態も良好に回復した。
そのまま,6,6,2人目,105,0.3131690881755666,ある患者が、高血圧や糖尿病を患っていたので、多数の薬を毎日服用するように指示された。その後、定期的な検査結果により、血糖値と高血圧は改善されていて、生活習慣を見直したことで健康状態も回復して良好なようになった。
そのまま,6,6,3人目,51,0.12341374648347614,患者が多数の薬を毎日服用するよう指示された後、高血圧や糖尿病の症状が改善され、検査結果も良好にあった。
そのまま,6,6,4人目,51,0.05714506206158055,多くの患者は、毎日医師から何度も指示を受け、そのような処方箋を続けて高血圧や糖尿病の症状は改善された。
そのまま,6,6,5人目,104,0.029114536155794804,多くの患者が毎日医師から何度も処方箋を受けたことにも注目が集まっていますが、処方箋を受けるということはあくまで自らの治療を進めるための手段でしかありません。多くの症状は処方箋に従わなければ改善されないのです。
そのまま,6,6,6人目,107,0.03102732928169423,多くの患者が毎日医師から何度も薬の処方箋を受けたことにも注目が集まっていますが、処方箋を受けるということはあくまで自らの健康を維持するための手段でしかありません。多くの症状は処方箋に従わなければ改善されないのです。
そのまま,6,6,7人目,125,0.01683603074811494,医師から薬の処方箋を受けるとき、自分の健康にとってどういう意味なのか考えてみることが重要だと考えられています。この処方箋を取り決めるということは自分自身の病気や不調に直面するための手段です。多くの症状は医師の指示通りの薬を使わない限り改善されません。
そのまま,6,6,8人目,110,0.025417943728379806,医師がもたらす処方箋は、自分自身の健康への影響を考えてみることが大切だと考えられています。この診療を受けるということは自分の病気や不調に直面するための手段です。多くの症状は医師の指示通りの薬を使わない限り改善されません。
そのまま,6,6,9人目,92,0.019861893973803148,医者からもたらされる処方箋を考えることも大切だと思っている。診療を受けるというのは自分自身の病気や不調に対応するための手段で、多くの症状は処方された薬を使わない限り改善されないからだ。
そのまま,6,6,10人目,96,0.04348633682067311,医師が発した処方箋についても深く考えるべきだろう。それを理由として、診療を受けることは自分自身の病気や不調に対処するための手段であり、多くの症状は処方された薬を使わない限り改善されないからだ。
そのまま,7,7,原文,112,1.0,高齢女性が、急な胸痛を訴え救急外来を受診した。心電図検査の結果、急性心筋梗塞と診断され、速やかに経皮的冠動脈インターベンション（PCI）を受けれた。適切な処置により、梗塞部位の血流を再開させ、症状は改善し、入院治療となった。
そのまま,7,7,1人目,115,0.6145099758866994,高齢女性が急に胸痛を訴え救急外来で受診され、心電図検査の結果急性心筋梗塞と診断されたため、速やかに経皮的冠動脈インターベンションを受けられることができた。適切な処置によって梗塞部位の血流を再開し、症状は改善され、入院治療となった。
そのまま,7,7,2人目,83,0.4469714720560611,急性心筋梗塞が心電図検査で確定したため、経皮的冠動脈インターベンションを受けることができた。適切な処置によって梗塞部位の血流を再開し症状は改善され、入院治療となった。
そのまま,7,7,3人目,70,0.2514601957962401,心筋梗塞が明らかになり、そのための治療として経皮的冠動脈インターベンションを受けた結果、梗塞部分に必要な血流の回復により、症状も改善された。
そのまま,7,7,4人目,91,0.020998490599500173,新たに血管を通る小さな金属製の管を血管に設置して、その先の狭窄部にワイヤーの電極を取り付け、高周波でワイヤーの内側を加熱させて血管を広げ、血流の改善につながったことが明らかになった。
そのまま,7,7,5人目,73,0.0245876768200401,金属製の管を血管に設置し、その先の狭窄部にワイヤー電極をつけて、高周波でワイヤーの内側を加熱すると、血管が広がり、血流が改善されたことがわかった。
そのまま,7,7,6人目,57,0.030768852166915658,高周波を用いて金属製の管を設置し、その先の狭窄部に導体電極をつけて、血管が広がり、血流が改善されたことがわかった。
そのまま,7,7,7人目,85,0.030167621945501155,高周波による処理で、血管を広げる効果があることを調べた結果、高周波を使って金属製の管を作った。それを狭い所に導体電極をつけたところ、血液の流れが良くなったことがわかった。
そのまま,7,7,8人目,84,0.030727247936665855,高周波による処理で血管を広げる効果があることを調べた結果、高周波を使って金属製の管を作った。それを狭い所に導体電極をつけたところ、血液の流れが良くなったことがわかった。
そのまま,7,7,9人目,86,0.04041468620405368,高周波による処理で血管を広げる効果があることを調べた結果、高周波を使って金属製の管を作りました。それを狭い所に導体電極をつけると、血液の流れが良くなったことがわかりました。
そのまま,7,7,10人目,86,0.04041468620405368,高周波による処理で血管を広げる効果があることを調べた結果、高周波を使って金属製の管を作りました。それを狭い所に導体電極をつけると、血液の流れが良くなったことがわかりました。
そのまま,8,8,原文,92,1.0,2023年5月12日、新宿駅構内にて、鑑賞中だった女性が突然倒れた。周囲の男性が駆けつけ、救急隊員が到着し、心停止の状態だった彼女は、AEDと酸素吸入により蘇生され、病院へ搬送された。
そのまま,8,8,1人目,140,0.3654980870337203,新宿駅構内で2023年5月12日午前、女性が突然倒れたときに多くの人たちが慌てた様子であった。周囲の男性が彼女を助けようとしたのと同時に救急隊員もすぐに出動し、彼女は心臓発作によって心停止状態になったが、AEDや酸素吸入器を用いて蘇生された。その後、女性は病院へ搬送されたという。
そのまま,8,8,2人目,164,0.09842318272926905,新宿駅で2023年5月12日午前、新しく出会った女性の姿がないときに多くの人たちが心配そうな様子であったと言われている。男性たちが気を遣ったのは、同時期に救急隊員が彼女を助けるためにすぐに出動したからだという。女性は心臓発作で命の危険があったが、機器を使うことで危ない状態からの復活を果たした。その後、女性は病院へ運ばれたという
そのまま,8,8,3人目,167,0.10963958982445415,新宿駅で2023年5月12日午前、新しく出会った女性が見えないときに多くの男性たちが心配そうな様子であったと言われている。男性たちは彼女の心配を抑えるためにすぐに出動した救急隊員が助けに現れたからだという。女性は心臓発作で命に関わる危険があったが、医療機器を使うことで危険な状態からの回復を果たした。その後、女性は病院へ運ばれたという
そのまま,8,8,4人目,174,0.06710610467293374,新宿駅の新しい出来事があると言われている。午前5月12日、新しく出会った女性に心配そうな様子でいっぱいになった多くの男性たちがいたと伝えられている。男性たちは心配しあう彼女を救急隊員から助けてもらうためにすぐに出動したという。新しい出来事の女性は危険な状態になっていたが、医療機器を使って回復することができた。その後、病院へ運ばれたと言われている。
そのまま,8,8,5人目,113,0.06231562201437768,午前5月12日、新宿駅で多くの男性たちが心配しあう女性を助けてもらったという話がある。男性たちはすぐに出動し、その危険な状況から回復するのに医療機器を使って助けたと言われている。その後は、彼女を病院へ運ばれたと伝えられている。
そのまま,8,8,6人目,125,0.03389712830464674,午前５月１２日、新宿駅で多くの男性たちが心配しあう女性のために助けてもらったという話があるらしい。男性たちは急いで出動し、その危険な状況から回復するのに医療機器を使って彼女を助けたと言われている。その後は、彼女が病院へ運ばれたと伝えられているらしい。
そのまま,8,8,7人目,125,0.03389712830464674,午前５月１２日、新宿駅で多くの男性たちが心配しあう女性のために助けてもらったという話があるらしい。男性たちは急いで出動し、その危険な状況から回復するのに医療機器を使って彼女を助けたと言われている。その後は、彼女が病院へ運ばれたと伝えられているらしい。
そのまま,8,8,8人目,104,0.02533202379362858,午前５月１２日、新宿駅で多くの男性たちが心配しあう女性のために急いで手助けしたという話があるそうだ。それからその危険な状況から回復するのに、機器を使って彼女を助けたと言われている。すると病院へ運ばれたそうだ。
そのまま,8,8,9人目,106,0.028153900796901637,午前５月１２日、新宿駅で多くの男性たちが心配しあう女性のために急いで手伝ったという話があるそうだ。それからその危険な状況から回復するのに、器具を使って彼女を助けたと言われている。そして病院へお預けになったそうな。
そのまま,8,8,10人目,106,0.028153900796901637,午前５月１２日、新宿駅で多くの男性たちが心配しあう女性のために急いで手伝ったという話があるそうだ。それからその危険な状況から回復するのに、器具を使って彼女を助けたと言われている。そして病院へお預けになったそうな。
そのまま,9,9,原文,96,1.0,ある日、高齢女性が急な胸痛に襲われ、自宅で救急隊員に発見されました。心電図検査の結果、不整脈と判断され、速報で速やかに病院へ搬送されました。状態は安定しており、詳細な診察へとつなげられました。
そのまま,9,9,1人目,99,0.6134666815692551,ある日、高齢女性が突然胸痛に襲われ、自宅で救急隊員に発見されました。心電図検査の結果不整脈と判断されたため速報により、すぐ病院へ運ばれました。状況は安定しており、その後さらに詳しく診察を受けました。
そのまま,9,9,2人目,71,0.22654242886636056,高齢女性が自宅で胸痛に襲われ、発見され心電図検査の結果不整脈と判断されたため速報によりすぐ病院へ運ばれ状況は安定した後さらに詳しい診察を受けた
そのまま,9,9,3人目,86,0.21755903764675114,高齢女性が急激な胸痛に襲われ発見されたためにまずは心電図検査を行った結果、不整脈と判断されると速報で緊急搬送された後にその後の経過は安定していたが、その後さらに診察を受けた
そのまま,9,9,4人目,88,0.2124026718100709,高齢女性が急激な胸痛に襲われ発見されたためにまずは心電図検査を行った結果、不整脈と判断されると速報で緊急搬送された後にその後の経過は安定していたが、その後さらに診察を受けた結果
そのまま,9,9,5人目,83,0.06590376038851264,高齢女性が心臓の異常を理由に緊急搬送された後にしばらくは安定していたが、ある日胸痛が再発し診察を受けるとその時点で脳内動脈瘤破裂による出血が原因であったことが判明した
そのまま,9,9,6人目,81,0.06749484037010249,高齢女性が心臓の異常を理由に緊急搬送された後にしばらくは安定していたが、ある日胸痛が再発し診察を受けると、その時点で脳内動脈瘤破裂による出血であったことが判明した
そのまま,9,9,7人目,49,0.013886242781528484,高齢女性の心臓の異常の後、再び胸痛が出た際に、それは脳内の血管が破れたことによる出血だったと判った
そのまま,9,9,8人目,66,0.027553861394800084,高齢の女性が前回診断で見られた心臓問題によって再び起こした胸痛は、この度の頭部検査により脳内の血管が破れ、出血があったことがわかった
そのまま,9,9,9人目,66,0.02567276462568531,この度の頭部検査結果では、以前見られた心臓問題による胸痛の原因と考えられていた脳内の病状がさらに深刻な状態になっていることを確認した
そのまま,9,9,10人目,70,0.016508026504857973,この度の医師からのお知らせでは、心臓の不具合によって出現していた症状について、今回の検査結果により、頭部の異常が悪化していることが発覚された
そのまま,10,10,原文,107,1.0,患者A氏は、高血圧と糖尿病を合併しており、自宅で服薬していた薬の効果が不十分であった。定期的な受診の結果、医師は生活習慣の改善と降圧剤の追加処方を行った。その後、血圧と血糖値が安定し、心血管疾患のリスクが低下した。
そのまま,10,10,1人目,121,0.5076685519733222,患者A氏は、高血圧と糖尿病を併発しており、自宅で服用していた薬の効果が不十分でありました。医師の診察の結果、生活習慣の改善を行い、降圧剤を追加して処方されました。その後、血圧と血糖値は安定し、心血管疾患のリスクが低下したことが確認されました。
そのまま,10,10,2人目,141,0.16784848362179666,患者A氏は、高血圧や糖尿病という二つの重篤な症状を持っており、それに合うように医師から処方された薬の効果は不十分でした。それにより、自宅での生活習慣を大幅に改善することも合わせて行われました。降圧剤が追加されて新たな薬品を受け取り、その後、高血圧や糖尿病の症状が安定し続いています。
そのまま,10,10,3人目,113,0.11588032782161685,患者A氏は、重篤な症状の高血圧や糖尿病に合うように処方された薬の効果は不十分でした。それにより生活習慣を大幅に改善することも合わせて行われました。降圧剤が追加されて新たな薬品を受け取り、その後、病気の症状は安定し続けています。
そのまま,10,10,4人目,97,0.10054328311544934,患者A氏は高血圧や糖尿病の治療として処方された薬の効果を十分に得られず生活習慣を大幅に向上させることも行った。そのため降圧剤が追加され、新たな薬品を受け取ってからは、病気の症状は安定しています。
そのまま,10,10,5人目,107,0.0763666415055236,患者のA氏は、糖尿病や高血圧に対して用いられた新たな薬は、効果を十分に得ることができず生活習慣を大幅に向上させることも行った。そのため降圧剤が追加され、より新しい治療薬の使用により、今は病気の症状は安定しています。
そのまま,10,10,6人目,86,0.06824213686985958,糖尿病や高血圧に対する処方薬が効果的ではなく生活習慣を大幅に向上させることも行った。そのため降圧剤が追加され、現在新しい治療薬の使用により、今は病気の症状は安定しています。
そのまま,10,10,7人目,87,0.07955489766559272,糖尿病や高血圧に対する処方薬で効果がなく生活習慣を大幅に向上させることも行った結果として降圧剤が追加された。そのため今は新しい治療薬の使用により、病気の症状は安定しています。
そのまま,10,10,8人目,84,0.09181551337044509,糖尿病や高血圧に対する処方薬の効果がなく生活習慣を大幅に向上させることも行った結果として降圧剤も追加された。そのため今は新しい治療薬により、病気の症状は安定しています。
そのまま,10,10,9人目,84,0.09181551337044509,糖尿病や高血圧に対する処方薬の効果がなく生活習慣を大幅に向上させることも行った結果として降圧剤も追加された。そのため今は新しい治療薬により、病気の症状は安定しています。
そのまま,10,10,10人目,87,0.09341177213759135,糖尿病や高血圧に対する処方薬の効果がなく生活習慣を大幅に向上させることも行った結果として降圧剤も追加された。そのため今は、新しく調達した薬により、病気の症状は安定しています。
そのまま,11,11,原文,108,1.0,2023年7月1日、広島県呉市で発生したM5.6地震が、船舶を航行させていた船員らに揺れを感じさせました。被害状況は直情の軽微でしたが、周辺地域では一部の建物に損傷が発生し、海上保安庁による迅速な対応が行われました。
そのまま,11,11,1人目,74,0.1675541267948899,呉市でM5.6地震があり、船を運営していた人々は揺れを感じて、被害は軽微だったはずですが、周辺地域では建物に損傷があったため海保の速度感高く対応した
そのまま,11,11,2人目,83,0.19041323859912995,呉市でメガスケール5.6の地震があり、船を運営する人々が揺れを感じて被害は軽微と想定されましたが、周辺地域では建物に損傷があったため海上保安庁も速度感高く対応しました
そのまま,11,11,3人目,64,0.059494658609325846,呉市で大地震があり、関係者は揺れを感じて被害は少なかったと予想された。しかし周囲の所では建物などが損傷したことが分かっています。
そのまま,11,11,4人目,74,0.07078744790346554,呉市での大地震で関係者は揺れによる被害は少ないはずだと考えていたが、しかし周辺地域では建物などを含む多くの建物の損傷が確認されたと伝えられています。
そのまま,11,11,5人目,87,0.1256048269091311,呉市で発生した地震に関して、関係者の意見としては揺れによる被害の少なさという予想がありましたが、その結果、周辺地域では建物などを含む多くの建物の損傷が確認されたとのことです。
そのまま,11,11,6人目,86,0.12726813548759322,呉市で発生した地震に関して関係者の意見としては揺れによる被害の少なさという予想がありましたが、その結果、周辺地域では建物などを含む多くの建物の損傷が確認されたとのことです。
そのまま,11,11,7人目,79,0.13116738496064342,呉市で発生した地震に関して関係者の意見としては揺れによる被害の少なさという予想がありましたが、その結果、周辺地域では多くの建物の損傷が確認されたとのことです。
そのまま,11,11,8人目,85,0.06249414517235229,呉市での地震の影響については、前日の情報から少し違ったことがわかりましたが、呉市を中心に生じた大きな被害でした。それでも呉市周辺では多くの建物が損傷を受けたとのことです。
そのまま,11,11,9人目,62,0.09074500352999289,呉市周辺での地震の影響は前日の情報とは少し異なりましたが、大きな損傷でした。そのため呉市周辺では大きな被害が出たようでした。
そのまま,11,11,10人目,60,0.02089511801727685,呉市周辺での地震の影響も前日と違ったようです。それでもそれほど損傷は大きかったと思います。大きな被害も出たと思われます。
そのまま,12,12,原文,112,1.0,2023年8月16日に、福島県沖でM5.8の地震が発生しました。震源部は陸地近く、津波警報が出されました。各地で揺れを感じ、一部地域では停電や物資の輸送に影響が出ました。緊急車両の通行が制限され、住民は避難指示に従いました。
そのまま,12,12,1人目,107,0.31936550436252925,福島県沖に、地震が起こりました。震源の近くで起こったため、津波警報が出てしまいました。揺れが激しくて、一部では停電や物資を運ぶことができなくなってしまいました。避難する必要がある場所の人たちは、避難したといいます。
そのまま,12,12,2人目,91,0.057678395665624285,福島県沖の地震のために津波警報が出たため、津波による大きな被害が心配されます。停電と物資の届きにくさで困っている地域もあります。避難する必要がある人たちは安全な場所に避難しています。
そのまま,12,12,3人目,95,0.047250526156077846,福島県沖の地震の影響により津波警報が出たことで大きな被害が心配されています。そのため停電や物資の届きにくさで困っている地域もありますが、避難する必要がある人たちは安全な場所に避難しています。
そのまま,12,12,4人目,93,0.02700123397230505,福島県沖の地震の影響により出た津波警報は大きな被害を心配させていて、そのため停電や物資が届きにくくなって困っている地域もありますが、避難する必要がある人たちは安全な場所へ避難しています。
そのまま,12,12,5人目,98,0.0438605186349119,福島県沖の地震の影響で津波警報が出たため、大きな被害を心配しながらも、停電や物資届きにくい地域には避難者のための支援が必要になっていますが、避難する人たちはすでに安全な場所へ避難しているようです。
そのまま,12,12,6人目,88,0.06151387844957473,福島県沖の地震による津波警報が出たため、大きな被害を心配しながらも、停電や物資届きにくい地域では避難者のための支援が必要になっていますが、すでに安全な場所へ避難し始めています。
そのまま,12,12,7人目,88,0.06151387844957473,福島県沖の地震による津波警報が出たため、大きな被害を心配しながらも、停電や物資届きにくい地域では避難者のための支援が必要になっていますが、すでに安全な場所へ避難し始めています。
そのまま,12,12,8人目,87,0.04931674515400844,福島県沖の地震による津波警報が出たため、停電や物資の届きにくい地域での大きな被害心配の中で避難者のための支援必要になっていますが、すでに安全な場所へ避難し始めているようです。
そのまま,12,12,9人目,90,0.04759152196712533,福島県沖の地震による津波警報が出たため、停電や物資の届きにくい地域での大きな被害心配の中で避難者のための支援必要になっていますが、すでに安全な場所へ避難する人が増えているようです。
そのまま,12,12,10人目,100,0.027427947283483717,福島県沖の地震からのお墨付きないし津波警報が出たためか、停電や物資も届きにくい地域の中での大きな被害心配がありながら、避難者のための支援必要になっていて、今すでに安全な場所へ避難する人が増えています。
そのまま,13,13,原文,117,1.0,2024年3月16日に、静岡県中部と神奈川県中部において記録的な大雨が発生した。河川の氾濫や土砂災害が多発し、道路冠水による交通麻痺、家屋浸水被害など甚大な被害をもたらした。多くの地域で避難指示が出され、住民生活に大きな影響を与えた。
そのまま,13,13,1人目,70,0.38970233326438547,静岡県中部と神奈川県中部で2024年3月16日に記録的大雨が降り、氾濫や土砂災害が多発し道路が冠水して交通麻痺や家屋浸水による被害があった。
そのまま,13,13,2人目,72,0.2143581249147116,静岡県の中州と神奈川県の中間で2024年3月16日に記録的大雨が降り、氾濫・土砂災害が増加し道路が冠水して交通麻痺や家屋浸水による被害があった。
そのまま,13,13,3人目,58,0.13847905074366876,静岡県の中州と神奈川県の間に2024年3月16日にひどい雨が降り、水が広く流れ込んで土砂災害など多くの問題になった。
そのまま,13,13,4人目,48,0.13112015812719371,静岡県の中州から海に近い地域と神奈川県の間で、2024年3月16日の大雨により大きな被害が出た。
そのまま,13,13,5人目,37,0.06272595344236004,2024年の大雨が神奈川県や静岡県の中州にあまり近い土地を大いに傷つけた。
そのまま,13,13,6人目,31,0.020946290242842194,今年の夏の雨による被害は、特に中州に隣接する場所で大きかった。
そのまま,13,13,7人目,83,0.1193929947068373,今年の夏、南西風の影響による激しい降雨によって被害が広範囲に及んだ地域では、この年の夏の雨による被害は、中洲にある都市などを中心とする沿岸部に大きな損害をもたらした。
そのまま,13,13,8人目,83,0.07927880695502315,今年の夏、南西風の影響でたくさん降った雨が、大きな被害を生じた。南西風による激しい雨で沿岸部の地域は、大きな損害を受けた。中洲にある都市などにも大きな被害が出ている。
そのまま,13,13,9人目,58,0.08221629764195473,今年の夏に強い雨が降り、沿岸部では多くの物と人が水没した。大量の雨と高潮によって市内の多くが大きな被害を受けました。
そのまま,13,13,10人目,75,0.0721556635480093,この夏に厳しい雨が降り、海岸地域で何千もの物品や人々が浸水したことにより、多くの人が家を失い、道路が寸断されたことや、市内では急速な浸水被害があった。
そのまま,14,14,原文,145,1.0,2023年8月15日、西日本を中心に記録的な豪雨となり、多くの地域で河川の氾濫が発生した。道路交通網が寸断され、鉄道も運転を見合わせるなど、移動手段に大きな支障が出た。避難指示区域は拡大し、住民の生活基盤が脅かされた。重度の浸水被害により、家屋や農地が冠水し、甚大な経済的損失をもたらした。
そのまま,14,14,1人目,96,0.469685956272374,2023年8月15日、西日本で大雨となり、多くの地域で河川の氾濫が発生するなど道路交通網が寸断され、鉄道運転を見合わせるなど大きく移動に支障が出た。避難指示区域は拡大し住民の生活が脅かされた。
そのまま,14,14,2人目,107,0.1725744673726779,2023年8月15日、大雨により西日本で多くの地域で氾濫や道路交通網の大幅な寸断や鉄道運転見合わせなど、移動に大きく支障が出た時期となったが、それにともない避難指示区域拡大となり住民の生活も脅かされる状況になった。
そのまま,14,14,3人目,107,0.1725744673726779,2023年8月15日、大雨により西日本で多くの地域で氾濫や道路交通網の大幅な寸断や鉄道運転見合わせなど、移動に大きく支障が出た時期となったが、それにともない避難指示区域拡大となり住民の生活も脅かされる状況になった。
そのまま,14,14,4人目,104,0.13807065724222806,2023年8月15日、大雨による西日本の被害が広範囲に及んでいたが、多くの地域で氾濫や道路交通網の大幅な寸断、鉄道運転見合わせなどが発生し、それに伴い避難指示区域拡大となり住民の生活を脅かす状況となっていた。
そのまま,14,14,5人目,102,0.12232644417910392,2023年8月15日、大雨による西日本の被害が広範囲に及んでいて、多くの地域で氾濫や道路交通網の大幅な寸断、鉄道運転の停止などが発生し、それに伴い避難指示区域が拡大され住民の生活を脅かす状況となっていた。
そのまま,14,14,6人目,90,0.15426295437582097,2023年8月15日、西日本では大雨により多くの地域で氾濫や道路交通網の大幅な寸断、鉄道運転の停止などが発生し、それに伴い避難指示区域が拡大され住民の生活を脅かす状況となっていた。
そのまま,14,14,7人目,90,0.13977771308943068,西日本では2023年8月15日、大雨により多くの地域で氾濫や道路交通網の大幅な寸断、鉄道運転の停止などが発生し、それに伴い避難指示区域が拡大され住民の生活を脅かす状況となっていた。
そのまま,14,14,8人目,89,0.13112905205907505,西日本では2023年8月15日に大雨が降り、その影響で多くの地域に氾濫や道路交通網の大幅な寸断、鉄道運転の停止などが発生した結果、避難指示区域が拡大し住民生活に大きく影響が出た。
そのまま,14,14,9人目,103,0.1174914496778416,西日本では、2023年8月15日の大雨が降ったため、大きな被害を受けた。そのうち多くの地域は氾濫や道路交通網の大幅な寸断・鉄道運転の停止などを招き、その結果避難指示区域が拡大し、住民生活に大きく影響が出た。
そのまま,14,14,10人目,84,0.0940501313306943,西日本の災害では2023年8月15日、激しい雨が降り多くの地域で氾濫や道路通行止めや電車運転停止などの被害を出した。そのため避難指示を受けた住民生活に大きな影響が出た。
そのまま,15,15,原文,105,1.0,2024年5月2日、東京都八王子市で軟弱土層崩壊が発生し、道路の一部が冠水しました。周辺住民への避難指示が出され、交通機関に影響を及ぼした事態となりました。現場では応急処置が行われ、復旧作業が進められています。
そのまま,15,15,1人目,79,0.30465960428646377,2024年5月2日八王子市で軟弱地盤の崩壊が起きて道路の一部が冠水し、避難指示が出て交通に影響を与えました。現場では応急措置を実施して復旧作業を進めています。
そのまま,15,15,2人目,78,0.31859923268065593,2024年5月2日八王子市で軟弱地盤の崩壊があり道路の一部が冠水し、避難指示が出て交通に影響を与えました。現場では応急措置を実施して復旧作業を進めています。
そのまま,15,15,3人目,80,0.38757705616208704,2024年5月2日八王子市で軟弱地盤の崩壊があり道路の一部が冠水し、避難指示が出て交通に影響を与えました。現場では応急措置を実施して復旧作業が進められています。
そのまま,15,15,4人目,78,0.3228638468861779,2024年5月2日八王子市で地盤の変化により道路の一部が冠水し、避難指示が出て交通に影響が出ています。現場では応急処置が行われていて復旧作業が続けています。
そのまま,15,15,5人目,62,0.1314815395749874,この一部を冠水区域になっている八王子市で地盤の変化により道路の一部が2024年5月2日までに冠水し、交通に影響が出ています。
そのまま,15,15,6人目,91,0.10873046145535989,東京都八王子市では、この地区を冠水区域と定めており、地盤の変化などにより2024年5月2日までに川辺街道の一部など道路が冠水するため、通行上の混乱や交通の遅れなどが懸念されています。
そのまま,15,15,7人目,81,0.06498076172962276,八王子市では地区を冠水区域と定めており、地盤の変化により2024年5月2日までに川辺街道の一部など道路が冠水するため、通行上の混乱や交通遅れなどの懸念があります。
そのまま,15,15,8人目,96,0.08218054377449502,八王子市で地区を冠水区域と定められているのは事実です。地盤の変化により2024年5月2日までに川辺街道の一部など道路が冠水する可能性があるため、通行上の混乱や交通遅れなどの懸念が生じています。
そのまま,15,15,9人目,84,0.05849599733711906,八王子市で地区を冠水区域と定められているのは事実です。地盤の変化により川辺街道の一部など道路が冠水する可能性があるため、通行上の混乱や交通遅れなどの懸念が生じています。
そのまま,15,15,10人目,93,0.04017983140856805,八王子市では地区を冠水区域と定めています。新しい道路が川に近づいたため、水が増えて川辺街道の一部で冠水する可能性があります。これから今後の冠水の影響や通行の混乱などが心配になっています。
そのまま,16,16,原文,124,1.0,小学生の田中さんは、初めて運動会でリレーに選ばれ、緊張しながらもチームメイトと協力して走った。スタートの合図とともに、全速力で駆け抜け、ゴールを目指した。その時、転んでしまったが、すぐに立ち上がり、仲間たちに励まされ、最後まで走りきることができた。
そのまま,16,16,1人目,136,0.7021469738553733,小学生の田中さんは初めて運動会でリレーに選ばれ、緊張しながらもチームメイトと協力して走った。スタートの合図とともに全速力で駆け抜け、ゴールを目指した。その時は転んでしまったが、すぐ立ち上がり、仲間たちから奮闘するよう言われたので、それで応じて最後まで走りきることができた。
そのまま,16,16,2人目,136,0.5970916559177474,運動会のリレーで初めて選ばれ、小学生の田中さんは緊張しながらもチームメイトと協力して走った。スタートの合図とともに全速力で駆け抜け、ゴールを目指した。その時は転んでしまったが、すぐ立ち上がり、仲間たちから奮闘するよう言われたので、それで応じて最後まで走りきることができた。
そのまま,16,16,3人目,136,0.5970916559177474,運動会のリレーで初めて選ばれ、小学生の田中さんは緊張しながらもチームメイトと協力して走った。スタートの合図とともに全速力で駆け抜け、ゴールを目指した。その時は転んでしまったが、すぐ立ち上がり、仲間たちから奮闘するよう言われたので、それで応じて最後まで走りきることができた。
そのまま,16,16,4人目,138,0.4726291991973273,小学生の田中さんは運動会のリレーで初めて選ばれ、チームメイトと協力して走った。その時はスタートの合図とともに全速力で駆け抜け、ゴールを目指したが、その途中で転んでしまった。それでもすぐ立ち上がり、仲間たちから奮闘するよう言われたので、それで応じて最後まで走りきることができた。
そのまま,16,16,5人目,142,0.37691131571997766,小学生の田中さんは運動会のリレーで初めて選ばれていた。そしてチームメイトと協力して走ったその時はスタートの合図とともに全速力で駆け抜け、ゴールを目指したものの、その途中で転んでしまった。それでもすぐ立ち上がり仲間たちから奮闘するよう言われたので、それで応じて最後まで走ることができた。
そのまま,16,16,6人目,142,0.37691131571997766,小学生の田中さんは運動会のリレーで初めて選ばれていた。そしてチームメイトと協力して走ったその時はスタートの合図とともに全速力で駆け抜け、ゴールを目指したものの、その途中で転んでしまった。それでもすぐ立ち上がり仲間たちから奮闘するよう言われたので、それで応じて最後まで走ることができた。
そのまま,16,16,7人目,103,0.22867221522793993,小学生の田中さんは運動会のリレーに選ばれていて、チームメイトと一緒走ったその時は全部速く走って、一度足を滑らせて転んでしまったがすぐ立ち上がり、仲間たちが奮闘するように言われたので最後まで走ることができた。
そのまま,16,16,8人目,101,0.1019930073764513,小学生の田中さんは運動会のリレーで一番後ろのポジションを担当していたが、その時は他のメンバーも全部速く走って一緒に走り切ることは叶わなかったが、一度自分だけ足を滑らせて転んでしまったがすぐ立ち上がった。
そのまま,16,16,9人目,83,0.08315103430031547,運動会のリレーゲームでは、田中さんは他のメンバーと一緒に走るはずだったが、ある時点で自分だけが足を滑らして転んだ。しかし、その後すぐに立ち直り、その場で試みてくれた。
そのまま,16,16,10人目,90,0.0526402373978277,運動会の際、リレーの選手として参加する予定だった田中さんが他のメンバーと一緒に走るはずだったが途中で足がすべって転んでも、そこから即座に立ち直り、再び挑戦しようとしたことがあった。
そのまま,17,17,原文,92,1.0,小学生の図鑑コンテスト、地域文化に関する企画を選んだ。夕暮れの公園でカモフラージュ柄の野鳥を撮影し、その生態と分布について詳細にまとめた。受賞には至らなかったが、熱意と努力は報われた。
そのまま,17,17,1人目,131,0.2921546666718979,小学生の図鑑コンテストでは、地域文化に関する企画を採用したことがあった。夕方になると公園に人が少なくなるのはいいので、そこでカモフラージュ柄の野鳥を撮影し、その生態や分布について書き残していた。それが受賞とはいかなかったものの、熱意と努力は認められたものだった。
そのまま,17,17,2人目,125,0.31357019664364705,小学生の図鑑コンテストでは地域文化に関する企画が採用されたことがある。その中でも夕方になると公園に人が少なくなり、その場でカモフラージュ柄の野鳥を撮影し、その生態や分布について書き留めていた。それは受賞とはならなかったものの、熱意と努力は認められた。
そのまま,17,17,3人目,127,0.26054560313617564,小学生が図鑑コンテストに参加したとき、それでは地域文化に関する企画が採用されたことがある。その中で公園に人が少なくなった時、カモフラージュ柄をしている野鳥を撮って、その生息地や分布について書いていた。それは受賞とはならなかったが、熱意と努力は評価された。
そのまま,17,17,4人目,103,0.16523740406523882,小学生が図鑑コンテストに参加したとき、それでは地域文化に関する企画が採用されたことがある。その中で公園で人が少なくなるとき、カモフラージュ柄をしている野鳥を撮った。それはその生息地や分布について書いていた。
そのまま,17,17,5人目,107,0.16336688664438048,小学生の時、彼が図鑑コンテストに参加したとき、それでは地域文化に関する企画が採用されたことがある。その中で公園で人が少なくなるとき、カモフラージュ柄をしている野鳥を撮った。それはその生息地や分布について書いていた。
そのまま,17,17,6人目,96,0.10908226615113402,小学生の頃、彼の図鑑コンテストに参加した時、その中で地域文化の企画が採用されたことがある。公園の人の多い季節以外の時、カモフラージュ服を着た野鳥を撮影したことは、生息地や分布について書いていた
そのまま,17,17,7人目,86,0.1130052907584212,小学生の頃、彼は図鑑コンテストで地域文化の企画が採用されたことがある。それは公園の人が少ない季節にカモフラージュ服を着た野鳥を撮影したもので、生息地や分布について書いていた
そのまま,17,17,8人目,86,0.11034594868852113,小学生の頃、彼は図鑑コンテストで地域文化の企画が採用された事実がある。それは公園の人が少ない季節にカモフラージュ服を着た野鳥を撮影したもので、生息地や分布について書いていた
そのまま,17,17,9人目,84,0.0966021313918842,小学生の頃、彼は図鑑コンテストの企画で地域文化が採用された事実があり、その公園の人は少ない季節にカモフラージュ服を着た野鳥の写真と一緒に、生息地や分布について書いていた
そのまま,17,17,10人目,94,0.09522878962020774,小学生の頃、彼は図鑑コンテストの企画で地域文化が採用された事実があり、その公園の人も少ない季節にはカモフラージュ服を着た野鳥を見つけたことがあり、生息地や分布について写真と一緒に書いていた
そのまま,18,18,原文,125,1.0,小学校の図工の時間、先生が子どもたちに粘土で動物を作るように指示した。豚をモチーフにした生徒が、最初はうまくできず困っていたが、先生の丁寧なアドバイスと励ましを受けて、徐々に鼻や耳の形を整え始めた。最後は、満足そうに完成させた豚を持って笑顔を見せた。
そのまま,18,18,1人目,109,0.43837143640637305,小学校の図工時間の時に先生が子どもたちに粘土で動物を作ってもらったことから、豚を題材にした生徒が最初はうまくできず困っていたが、先生の丁寧な指導と気遣いを受けて段々形が整っていき、最後は満足した表情を見せて完成させた。
そのまま,18,18,2人目,78,0.04333543326237918,小学生たちは先生に見せると、先生もその豚ができ上がったのが自分でも驚いたと言う。それからずっと前には自分も子供の頃に同じことを経験していたことがあるらしい。
そのまま,18,18,3人目,46,0.03291325171491712,小学生たちの先生はその豚ができ上がったとき、自分自身も子供の頃に同じことを経験したと言った。
そのまま,18,18,4人目,39,0.03844955813610257,その豚ができ上がった時には、教師さんは子供の頃に同じことが起きたと言いました。
そのまま,18,18,5人目,28,0.05011628986619469,その時間にもう一人の男は同じことが起こっていたそうです。
そのまま,18,18,6人目,29,0.015374704825486057,その頃もまた、そのような状況は続いていたと言われています。
そのまま,18,18,7人目,30,0.03964578036547825,その時期にも同じような出来事が起こっていたようですそうです。
そのまま,18,18,8人目,27,0.03075294332542062,それは同じような事件が同じ頃に発生したように見えます。
そのまま,18,18,9人目,25,0.027297114286506823,その時期に同様の出来事が起こったように思われます。
そのまま,18,18,10人目,14,0.03894659868194,それはまるで昔のようでした。
そのまま,19,19,原文,96,1.0,小学校の図工の時間、クラス全体で折り紙をしました。先生が丁寧に手順を教え、色とりどりの折り紙を使って平和の象徴である鳩を作りました。子供たちは集中して折り、完成した鳩を教室に飾り付けたのです。
そのまま,19,19,1人目,103,0.571338452832028,小学校の図工の時間、クラス全員で折り紙を作った。先生が手順を丁寧に説明し、色のある折り紙を使って平和の象徴である鳩を作る方法を教えました。子供たちは集中して折ったので、完成した鳩はきれいに飾り付けたのです。
そのまま,19,19,2人目,104,0.3543081326505154,小学校の図工の時間、クラスの全員が一緒に折り紙を作っていた。先生は手順を丁寧な説明で言い、色のある紙を使って平和を表す鳩を作る方法を教えました。子供たちは集中して折ったので、完成した鳩はきれいに飾ったのです。
そのまま,19,19,3人目,105,0.35867478291646243,小学校の図工の時間、クラスの全員が一緒に折り紙を作っていた。先生は手順を丁寧な説明で言い、色のある紙を使って平和を表す鳩を作る方法を教えました。子供たちは集中して折ったので、完成した鳩はきれいに飾られたのです。
そのまま,19,19,4人目,115,0.18666344851682723,小学校の図工の時間にクラスの全員が一緒になって作っていたのは、色のある紙を使って平和を表す鳩を作る作品だった。先生は手順を丁寧な説明で伝え、それから子供たちは先生と同じように集中して折ったので、完成した鳩はきれいに飾られたのです。
そのまま,19,19,5人目,115,0.18666344851682723,小学校の図工の時間にクラスの全員が一緒になって作っていたのは、色のある紙を使って平和を表す鳩を作る作品だった。先生は手順を丁寧な説明で伝え、それから子供たちは先生と同じように集中して折ったので、完成した鳩はきれいに飾られたのです。
そのまま,19,19,6人目,111,0.14137643366832223,小学校の図工の時間にクラスの全員が一緒になって作っていたのは、色のある紙を使って平和を表す鳩を作る作品だった先生は手順を丁寧な説明で伝え、それから子供たちは先生と同じように集中して折ったので完成した鳩はきれいに飾られていた
そのまま,19,19,7人目,111,0.1410570417340693,小学校の図工時間にクラスの全員が一緒になって作っていたのは、色のある紙を使って平和を表す鳩を作る作品だった。先生は手順を丁寧な説明で伝え、それから子供たちは先生と同じように集中して折ったので完成した鳩はきれいに飾られていた
そのまま,19,19,8人目,111,0.1410570417340693,小学校の図工時間にクラスの全員が一緒になって作っていたのは、色のある紙を使って平和を表す鳩を作る作品だった。先生は手順を丁寧な説明で伝え、それから子供たちは先生と同じように集中して折ったので完成した鳩はきれいに飾られていた
そのまま,19,19,9人目,109,0.1351839059838852,小学校の図工時間にクラスの全員が一緒になって作っていたのは、色のある紙を使って平和を表す鳩を作る作品で、先生が手順を丁寧な説明で伝え、それから子供たちは先生と同じように集中して折ったので完成した鳩はきれいに飾られていた
そのまま,19,19,10人目,109,0.1351839059838852,小学校の図工時間にクラスの全員が一緒になって作っていたのは、色のある紙を使って平和を表す鳩を作る作品で、先生が手順を丁寧な説明で伝え、それから子供たちは先生と同じように集中して折ったので完成した鳩はきれいに飾られていた
そのまま,20,20,原文,94,1.0,ある夏の日、少年は古びたラジオ塔に迷い込んだ。錆び付いたアンテナの下で、子供たちは不思議な音を聴き、夕暮れ時の空に向かって手遊びをした。静寂と異質な波の交響音が、彼らの想像力を掻き立てた。
そのまま,20,20,1人目,95,0.3770829145970892,ある夏の日、少年は古びたラジオ塔に迷い込んでいた。錆び付いたアンテナの下での子供たちは不思議な音を聞いて、夕方空に向かって手を動かした。不安とやわらかな波のメロディーが彼らの想像力を呼んだ。
そのまま,20,20,2人目,98,0.2732816393028668,ある夏の日、少年は古びたラジオ塔に迷い込んでいたその中で子供たちは錆びつき始めたアンテナの下での不思議な音を聞いて夕方空に向かって手を動かす。不安とやわらかな波のメロディーが彼らの想像力を呼んだ。
そのまま,20,20,3人目,101,0.2551882142674494,ある夏の日、少年は古びたラジオ塔に迷い込んでいたその中で子供たちは錆びつき始めたアンテナの下から聞こえてくる音を耳にしていた。その不思議な旋律は夕方空に向かって手を動かすという子供たちの想像力を呼んだ。
そのまま,20,20,4人目,99,0.1860000134668723,ある夏の日、少年が古びたラジオ塔に入りこんだその中で、子供たちは錆びつき始めたアンテナ下から聞こえてくる音を耳にしていた。その不思議な旋律は夕方空に向かって手を動かすという子供たちの想像力を呼んだ。
そのまま,20,20,5人目,97,0.18385979459151694,ある夏の日、少年が古びたラジオ塔に入りこんだその中で、子供たちは錆びつき始めたアンテナ下から聞こえてくるような音を耳にしていた。その不思議な旋律は夕方空に向かって手を動かすという想像力を呼んだ。
そのまま,20,20,6人目,102,0.14312890135802298,ある夏の日、少年たちが古びたラジオ塔の中に入りこんだ時、その中で子供たちは錆びつき始めたアンテナ下から聞こえてくるような音を耳にしていた。その不思議な旋律は夕方空に向かって手を動かすという想像力を呼んだ。
そのまま,20,20,7人目,102,0.14312890135802298,ある夏の日、少年たちが古びたラジオ塔の中に入りこんだ時、その中で子供たちは錆びつき始めたアンテナ下から聞こえてくるような音を耳にしていた。その不思議な旋律は夕方空に向かって手を動かすという想像力を呼んだ。
そのまま,20,20,8人目,106,0.13086999346936998,ある夏の日、少年たちが古びたラジオ塔の中に入りこんだ時、その中で子供たちは錆びつき始めたアンテナ下から聞こえてくるような美しい旋律を耳にしていた。その不思議な音楽は夕方空に向かって手を動かすという想像力を呼んだ。
そのまま,20,20,9人目,105,0.1302425613731954,ある夏の日、少年たちが古びたラジオ塔の中に入りこんだ時、その中で子供たちは錆びつき始めたアンテナから聞こえてくるような美しい旋律を耳にしていた。その不思議な音楽は夕方空に向かって手を動かすという想像力を呼んだ。
そのまま,20,20,10人目,102,0.11228589798795426,ある夏の日、少年たちが古いラジオ塔の中に入りこんだ時、その中で子供たちは錆びつき始めたアンテナから聞こえるような美しい旋律を耳にしていた。その不思議な音楽は夕方空に向かって手を動かすという想像力を呼んだ。
そのまま,21,21,原文,101,1.0,ある晴れた日の午後、カフェで読書していた女性が、隣の席の男性の膝に落ちたコーヒーを偶然見かけた。彼は慌てて手を洗い、優しく彼女に謝罪し、同じ種類のコーヒーをもう一杯プレゼントした。穏やかな時間が流れた。
そのまま,21,21,1人目,107,0.6102942103322786,ある晴れた日の午後、某婦人がカフェで読書していたら、隣席の男性のおかずに落ちたコーヒーを偶然見かけたという。彼は慌てて手を洗い、優しく彼女に謝罪し、それと同じ種類のコーヒーをもう一杯手渡した。穏やかな時間が流れた。
そのまま,21,21,2人目,105,0.5090458493250506,ある晴れた日の午後、某婦人がカフェで読書していたら隣席の男性のおかずから落ちたコーヒーを偶然見つけたという。彼は慌てて手を洗い優しく彼女に謝罪し、それと同じ種類のコーヒーもう一杯手渡した。穏やかな時間が流れた。
そのまま,21,21,3人目,109,0.4609814269140673,ある晴れた日の午後、某婦人がカフェで読書していたら隣席の男性のおかずから落ちたコーヒーを偶然見つけたという。彼は慌てて手を洗い優しく彼女に謝罪し、それと同じ種類のコーヒーもう一杯手渡した。その後、穏やかな時間が流れた。
そのまま,21,21,4人目,114,0.4089612765119784,ある晴れた日の午後、某婦人がカフェで読書を続けていたときに、隣席の男性がおかずから落ちたコーヒーを偶然見つけたという。彼は慌てて手を洗い優しく彼女に謝罪し、それと同じ種類のコーヒーもう一杯手渡した。その後、穏やかな時間が流れた。
そのまま,21,21,5人目,109,0.23986464373103406,ある晴れた日の午後、某婦人がカフェで読書を続けていたとき、隣席のおかずから落ちたコーヒーの偶然の発見があり、おかざから落ちてしまったお客様は慌てて手を洗い、優しく彼女に謝罪し、それと同じ種類のコーヒーもう一杯手渡した。
そのまま,21,21,6人目,97,0.2780042272883495,ある晴れた日の午後、某婦人がカフェで読書を続けていたとき、隣席のおかずから落ちたコーヒーの偶然の発見があり、お客様は慌てて手を洗い、優しく彼女に謝罪し、それと同じ種類のコーヒーもう一杯手渡した。
そのまま,21,21,7人目,93,0.32507664032208006,ある晴れた日の午後、某婦人がカフェで読書を続けていたとき、その隣のおかずから落ちたコーヒーを見つけたお客様は慌てて手を洗い、優しく彼女に謝罪し、それと同じ種類のコーヒーもう一杯手渡した。
そのまま,21,21,8人目,110,0.1916994221440509,ある晴れた日の午後、某婦人がカフェで読書を続けていたとき、その隣のおかずから落ちたコーヒーを見つけたお客様は慌てて手を洗い、それと同じ種類のコーヒーもう一杯手渡す。お客様が謝罪し、彼女にはもってこいの店だと言って見せた。
そのまま,21,21,9人目,112,0.17841477157633642,ある晴れた日の午後、某婦人がカフェで読書を続けていたとき、その隣のおかずから落ちてきたコーヒーを見つけたお客様は慌てて手を洗い、それと同じ種類のコーヒーもう一杯手渡す。お客様が謝罪し、彼女にはもってこいの店だと言って見せた。
そのまま,21,21,10人目,83,0.09556703461122679,午後某婦人がカフェで読書をしていたとき、その隣から落ちていたおかずを見てしまうことにした男性は慌ててその場を清潔にさせ、それと同じ種類のコーヒーもう一杯手渡しました。
そのまま,22,22,原文,111,1.0,都内で開催された大規模イベント会場において、突発的に天候が悪化し、強風と豪雨が発生。多くの参加者が避難を余儀なくされ、会場内の設備が一部破損した。緊急車両の出動や救助活動に要力を入れ、安全確保のためイベントは中断となった。
そのまま,22,22,1人目,80,0.35547129718073,都内で開催された大規模イベントの会場では強風と豪雨が突然発生し、多くの参加者が避難せざるを得ず会場内の設備の一部も損壊したため、安全確保のため緊急停演となった。
そのまま,22,22,2人目,88,0.08072090618893865,都内で行われた大きな催しが始まる直前になり強風と激しい雨が突然降り始め多くの人が避難せざるを得ず会場内の設備の一部も損壊してしまい、参加者の安全を確保するため急遽終了となった。
そのまま,22,22,3人目,79,0.06728808797595391,都内で催しやったときに大きな嵐と激しい雨が降り始め多くの人が避難せざるを得ず会場内の設備の一部も壊れてしまい、参加者の安全のため急ぎ終わらされることになった。
そのまま,22,22,4人目,87,0.07387988496756631,都内で催しがあった時に、突然大勢の人が避難せざるを得ないほどの激しい雨と嵐が降り始め、会場内の設備の一部も損壊するところとなり参加者の安全のため急ぎ終わらされることになった。
そのまま,22,22,5人目,88,0.0389259304301587,都内で催しがあった時に、大勢の人が急いで避難せざるを得ないほど強い雨と風が来たため、それを止めるまで会場内の設備の一部も壊れるところとなり参加者の安全のため急ぎ終わらせられた。
そのまま,22,22,6人目,104,0.06419836046889883,都内で催しあっていて、人気があったので出席者は多くて、大勢の人数がいた。それに加えて、突然強い雨と風が降り出し、それを止めるまで会場内の設備の一部も壊れるという有様となり参加者の安全のため急ぎ終わらせられた。
そのまま,22,22,7人目,90,0.06700585015683612,都内で催しなどがあったので多くの出席者がいた。それに加えて、突然強い雨と風が降り出し、それを止めるまで会場内の設備の一部も壊れ始めたことがあり参加者の安全のため急ぎ終わらせられた。
そのまま,22,22,8人目,87,0.06359707120336908,都内で催しなどがあったので多くの出席者がいた。それに加えて、強い雨と風が降り出した時を止めるまで会場内の設備の一部も壊れ始めたことがあり参加者の安全のため急ぎ終わらせられた。
そのまま,22,22,9人目,102,0.0219221534505187,都内で催しなどがあり、その中では多くの人が出席していた。その際に、強い雨と風が降り出た時点から会場の設備の一部に問題が生じ始め、それを止めるまでの時間があったため、参加者の安全を優先してその催しを急いだ。
そのまま,22,22,10人目,64,0.07460727810905429,都内で行われたイベントに出席していた多くの人が、強い雨と風の中で会場の設備の一部に問題が生じたために、その催しが早めに終わった。
そのまま,23,23,原文,91,1.0,先日、近所の公園で迷子になった犬が保護されました。飼い主と再会し、安堵の表情を浮かべていました。その小さな命が無事に帰れたことには、地域の住民たちの迅速な行動と協力があったそうです。
そのまま,23,23,1人目,82,0.445946157818975,先日、公園で迷子になった犬が保護され、その犬は飼い主と再会して安堵の表情を浮かべたようだ。そして、その犬の無事な帰還には、住民たちの迅速な対応と協力があったそうだ。
そのまま,23,23,2人目,73,0.25613422748767284,公園で迷子になった犬が保護されて、飼い主ともに再会し大変喜んだようだ。それでもその犬の無事な帰還には、住民たちの急ぐ行動と助け合いがあったらしい。
そのまま,23,23,3人目,106,0.09462116626070656,街中で迷子は見つかったという話が出たのに、それから数時間も経てないうちに保護されていた犬は飼い主を見つけ、その大変喜んだようだ。それでもその犬が無事に帰ったのは、住民の急ぐ行動と助け合いに助けられてのことらしい。
そのまま,23,23,4人目,131,0.05594019070640082,街中で迷子の犬が出た話が立てたにもかかわらず、その数時間も経ってなおそこにはいかにしていたのがわかった。それでもそれはすぐに保護されていたという。大変喜んだのはその犬だけではなかった。住民はその犬の帰るように急ぐ行動や助け合いでその犬を無事に家に送り届けたのだ。
そのまま,23,23,5人目,107,0.06552246471099492,街中で迷子の犬が出た話が立てても、その数時間も経ってなおそこにはいかにしていたのがわかった。それでもすぐに保護されたという。大変喜んだのはその犬だけではなかった。住民は助け合い、急ぐ行動で無事に家に送り届けたのだ。
そのまま,23,23,6人目,70,0.027458023973367517,その犬だけではなくて、隣の家の人も大いに喜んでいたようだ。そして一緒に見守っていた子どもたちは、その後の話を聞いてとても感動したようだった。
そのまま,23,23,7人目,72,0.07288244766703517,多くの人たちが大きな声で、それに応じた拍手をしていました。また、隣の家の人も大きく笑い、犬ともお互いに喜んでいた様子は本当に素晴らしかったです。
そのまま,23,23,8人目,101,0.054316742261951094,たくさんの人が大きな声を出して一緒に歓迎していたように聞こえていて、それに応じた拍手や叫び声で盛り上がっていました。また隣の家の人も大きく笑い、犬ともお互いに喜んでいた様子は本当に素晴らしいものでした。
そのまま,23,23,9人目,92,0.054355644154806815,大きな声を出しながら一緒に歓迎する人が多数いており、それに応じた拍手や叫び声で盛り上がっていました。また隣の家の人も大きく笑い犬ともお互いに喜んでいた様子は本当に素晴らしいものでした。
そのまま,23,23,10人目,97,0.08556900671333612,人々が大きな声を出しながら一緒に歓迎する姿が目撃され、拍手や叫び声は盛り上がっていました。それに合わせて隣の家の人も大きく笑い合っていました犬ともとお互いに喜んでいた様子はすばらしいものでした。
そのまま,24,24,原文,124,1.0,2023年5月14日、新宿駅の改札前で、一人の男性がスマートフォンを操作しながら人混みの中で待ち構えていた。彼は、着信音が鳴らない分、バッテリー残量を気にし、周囲の状況を注意深く観察していた。少しだけ空いていた場所へ移動し、再び画面に視線を戻した。
そのまま,24,24,1人目,97,0.5996810760545913,2023年5月14日、新宿駅の改札前で、一人の男性がスマートフォンを操作しながら人混中で待つ様子を見られた。彼は、着信音が鳴らない分、バッテリー残量に気を配りながら周囲の状況を注意深くみていた。
そのまま,24,24,2人目,89,0.4484978849694534,2023年5月14日、新宿駅改札前で男性がスマホを操作しながら人混ち中で待つ様子を見られた。彼は着信音が鳴らない分、バッテリー残量に気をつけながら周囲の状況を注意深く眺めていた。
そのまま,24,24,3人目,56,0.12453069422596223,新宿駅改札前で男性がスマホを見ながら待っていて、彼は周囲のことに気を配りながらスマホの電源残量に気をつけていた。
そのまま,24,24,4人目,72,0.06208995206755309,新宿駅前にて、男性はスマホを眺めながら歩き続けており、その姿から彼は今もすでにあると伝えていたスマホの電源残量に気を使っている様子が窺えました。
そのまま,24,24,5人目,62,0.02297880765112659,新宿の近くで見た男性は今でも、携帯電話を見て歩いていて、元々あると言っていたその端末の電源残り目当てに見えたような感じです。
そのまま,24,24,6人目,75,0.019274179881870128,新宿近くの所で見た男性は今も、携帯をみて歩く人で、今度初めてあなたと見た時とは違ったように思えて、元々持っていたからそのまま使っているのかと思います。
そのまま,24,24,7人目,91,0.024821765530649423,新宿の周りではよく見ることですが、彼は今も携帯を持って歩いており、この人を見たのは何回目でしたかと思いましたが、今度初めて違ったように思えて、元から持っていたのではないかと思います。
そのまま,24,24,8人目,95,0.014654886070939165,新宿の周辺でよく目にする風景ではありますが、彼は今でも携帯電話を持って歩いており、この人を見たのは何回も見ることが多いのですが、今度初めて意外なようで、実際に元から持っていたかもしれません。
そのまま,24,24,9人目,97,0.031227809870737464,新宿周辺の風景の中ではよく目にする場面ですが、彼は今でも携帯電話を持って歩いているのです。この人を何回も見ることが多いのですが、今度初めて意外なようで、実際にこれから先持っていたかもしれません。
そのまま,24,24,10人目,95,0.029674783213799353,新宿周辺の風景の中ではよく目にする場面ですね、彼が今でも携帯電話を持って歩いているのです。これは何回も見ることが多いですが、今度初めて意外なようで、実際にこれから先持っていたかもしれません。
そのまま,25,25,原文,87,1.0,ある晴れた日の午後、カフェで読書していた女性が、偶然目にした迷うような男性に一瞬で心を奪われた。彼は優しそうな笑顔で話しかけ、その声と視線が彼女の日常を大きく揺さぶったのだ。
そのまま,25,25,1人目,77,0.7147359957288864,某日の午後、カフェで読書中だった女性が、偶然目にした男性に一瞬で心を奪われた。彼は優しそうな笑みを見せた、その声と視線が彼女の日常を大きく揺さぶったのだ。
そのまま,25,25,2人目,86,0.3923505618403381,某日の午後、カフェで読書中だった女性が、偶然目にした男性を一瞬で惹かれるようになった。そのとき、彼は優しそうな表情を見せた、その声と視線が彼女の日常に大きく影響したようだ。
そのまま,25,25,3人目,79,0.06860343120479521,その後、カフェに出入りしていた女性は、彼への憧れの気持ちを抑えきれずに彼を次に会うまでの日々を心配し始めた。そのとき、彼もまた同じだったということなのだろう。
そのまま,25,25,4人目,73,0.025131494390293538,その時頃から彼女は、彼が次に彼女と喫茶店で会う前に、自分自身でも緊張してしまうようになった。それだけではなく、彼もまた同じだったということになる。
そのまま,25,25,5人目,72,0.044570006117417,彼女は彼が次に彼女と喫茶店で会う前に、自分自身でも緊張してしまうようになってしまった。それだけではなく、彼もまた同じだったと感じていたのだった。
そのまま,25,25,6人目,52,0.051961178298366176,彼女の心情の中では、彼には自分が緊張していたことは分かれていなかったのではないかと思っていたのであった。
そのまま,25,25,7人目,103,0.050413661915708945,彼女は彼の前ではいつも平静だったように思われていたものの、実際は彼にとっては自分よりも強く緊張していることを気にしており、その気持ちの中で彼には自分がどのように感じているのかを伝えようとしていたのであった。
そのまま,25,25,8人目,105,0.05097314139811035,彼女は彼の周りではいつも平静だと思われていたように思われていたものの、実際は彼にとっては自分よりも緊張していることを気にしており、それに反して彼には自分がどのように感じているのかを伝えようとしていたのであった。
そのまま,25,25,9人目,86,0.05052059653547905,彼女は彼の周りではいつも平静だと思われていながら実際は、彼にとって自分より緊張していたことを気にしており、反対に彼には自分がどのような気持ちでいるのか知らせようとしていた。
そのまま,25,25,10人目,100,0.029438415060688554,彼女はいつも冷たさを装っていたものの、彼とあまり違わなかった心情を持っていたこと、そして彼から自分の本来の想い出せないままだったことを気にしており、彼にも自身を完全に理解してもらうことを意識していた。
そのまま,26,26,原文,98,1.0,2023年5月、円安が進み、輸入物価が急騰し、家計を圧迫した。特に食料品やエネルギーの価格上昇が顕著であり、企業の生産コストも増加した。この影響は消費者物価指数に反映され、インフレ懸念が高まった。
そのまま,26,26,1人目,135,0.24236019638408374,2023年5月、円安の進行によって輸入物価の急上昇が続き、世帯の収支を苦しめている。食料やエネルギーの価格の上昇が顕著で企業も製造コストの大幅増加に直面している。その結果、消費者物価指数に影響が見られるようになっており、インフレ懸念が高まっていることが問題となっている。
そのまま,26,26,2人目,173,0.15173622983372656,2023年の5月以降、日本では円安の進行によって、輸入物価の急上昇が続いている。これにより、世帯の収支を苦しめるような食料やエネルギーの価格の上昇が目立っており、企業は製造コストの大幅増加に直面している。つまり、その結果として消費者物価指数に影響が出てきていると考えられていることには、インフレ懸念の高まりも問題となっていることが確認されている。
そのまま,26,26,3人目,142,0.1308277291181063,2023年以降、日本では円安で輸入高の急激な増加が続いている。これにより食料やエネルギーの価格の大幅上昇が目立っており、企業は製造コストの上昇に直面している。その結果、消費者物価指数への影響が懸念されている。つまり、そのためインフレについての懸念も高まっていることにも注目されている。
そのまま,26,26,4人目,103,0.14759319881055313,円安により輸入品の価格が急騰し食料やエネルギーに著しい価格上昇を招き、企業はコスト増加に直面している。その結果、消費者物価指数への影響も懸念される。また、そのためインフレについての懸念も高まっているようだ。
そのまま,26,26,5人目,92,0.16419079192338717,円安により輸入品の価格が急騰し食料やエネルギーに著しい価格上昇を招き、企業はコスト増加に直面しており消費者物価指数への影響も懸念される一方、インフレについての懸念も高まっているようだ。
そのまま,26,26,6人目,97,0.031299560967594175,円が安くなっていて、そのため輸入品の値段が急に上がり食べ物や電気代にも大きく価格があがると言っており、企業もコストが増えそうだと言っていることと同時に消費者価格指数への影響についても心配そうだ。
そのまま,26,26,7人目,86,0.029286921554455267,円安で輸入品が値上げとなり食料や電気代にも大きな影響が出るとのこと。また企業はコスト増加の懸念を表明しているが、消費者物価も大きく上昇するのではないかとの心配があるようだ。
そのまま,26,26,8人目,42,0.040412416165652346,円安による輸入品価格の高騰と企業のコスト問題について、ある懸念があると言われている。
そのまま,26,26,9人目,61,0.05031587946297265,円相場の変動によっては、円安が続くと輸入品の価格が高くなり、これが企業に大きなコストになる可能性があるとの懸念が出ている。
そのまま,26,26,10人目,88,0.03762565933017234,円相場の変動により円安でなければならないと言われている状況でも、円安が続くと輸入する商品の価格が高い可能性があり、これは企業にとって大きな負担になるということが言われています。
そのまま,27,27,原文,107,1.0,2023年5月、円安が進行し、輸入物価が高騰したことで、家計を中心に影響が出た。特に食料品やエネルギー価格の上昇が顕著で、消費者物価指数も上昇傾向にあった。企業業績にも悪影響を及ぼし、輸出企業の収益が悪化していた。
そのまま,27,27,1人目,81,0.3869631640400447,2023年5月、円安により家計が経済的に大きく苦しみ、食料品やエネルギー価格の上昇が顕著で消費者物価指数も上昇傾向になっていたことから企業業績にも影響を及ぼした。
そのまま,27,27,2人目,87,0.32124891257344573,2023年5月、円安の影響により家計は経済的苦しみを強く感じており、食料品やエネルギー価格の上昇が顕著で消費者物価指数も上昇傾向になっていたことが企業業績に影響を与えている。
そのまま,27,27,3人目,81,0.24108361297480094,2023年5月の円安により家計の経済的苦しみは強まっており、食料やエネルギー価格の上昇が顕著で消費者物価も上昇傾向にあることが企業の業績に影響を与えているようだ。
そのまま,27,27,4人目,60,0.18178296072075437,2023年の円安による家計の経済的負担は増し、生活必需品やエネルギー価格の上昇が深刻で消費者物価も上昇傾向にあるようだ。
そのまま,27,27,5人目,62,0.13598091189396835,2023年の円安に伴う家庭の経済的負担が増し、生活必需品やエネルギーの価格の上昇が深刻となり消費者物価も上昇しているようだ。
そのまま,27,27,6人目,36,0.009359002436797537,最近の円高は消費者の生活を不安定させているようなものだと考える人もいる。
そのまま,27,27,7人目,46,0.05060196667677135,今回の円高が国民にどのような影響を与えているかについて、さまざまな意見が出たということです。
そのまま,27,27,8人目,39,0.011076176599685924,経済政策の方向性について、さまざまな意見が出ていることが問題となっていますね。
そのまま,27,27,9人目,26,0.0018841297926349876,経済について議論が激しい問題が起こっているんですよ。
そのまま,27,27,10人目,31,0.021026186680952946,国会で政治家が激しい議論をしているというニュースが出ています。
そのまま,28,28,原文,77,1.0,2023年5月、円安が進み、輸入物価が上昇したことで、食品やエネルギーの価格が高騰し、家計を圧迫した。企業も原材料費の値上げを実施し、実質賃金は低下した。
そのまま,28,28,1人目,86,0.5066461025958717,2023年5月に円安が進み、輸入物価の上昇で食品やエネルギーの価格が高騰し、それにより家計が圧迫された。そして企業も、原材料費の値上げを実施すると共に、実質賃金は低下した。
そのまま,28,28,2人目,66,0.22978986232830148,2023年5月円安により輸入品の物価上がり、食品・エネルギーの価格高騰で家計圧迫、企業も原材料費値上げに加え実質賃金が引き下げられた
そのまま,28,28,3人目,87,0.07723163330941275,経済情勢の悪化により、コストパークを経験し、生活必需品やエネルギーの価格上昇によって家庭の貯蓄額が減少し、また企業は原材料費の上昇とともに労働者の実質的賃金を下げる傾向にある
そのまま,28,28,4人目,85,0.07957598638033812,経済情勢の悪化によりコストパークを起こし、生活必需品やエネルギーの価格の上昇によって家庭の貯蓄額が減少し、企業は原材料費の上昇とともに労働者の実質的賃金を下げる傾向にある
そのまま,28,28,5人目,83,0.14386512090695538,経済情勢の悪化からコストパークの発生により生活必需品やエネルギーの価格が上昇し、家庭の貯蓄額も減少し、企業は原材料費の上昇とともに労働者の実質的賃金を下げる傾向にある
そのまま,28,28,6人目,76,0.07522518484146352,経済情勢悪化からコストパークの発生により生活必需品やエネルギーの価格上昇、家庭貯蓄額減少、企業は原材料費の上昇とともに労働者の実質的賃金下げる傾向にある
そのまま,28,28,7人目,104,0.03256752881425036,経済が悪いことから、コストパークが出てしまって生活には必要な品物やエネルギーなどのお金が高くなり、家庭ではお金を貯める量が減って、会社は原材料の値段の上昇とともに労働者のもらえるお金が実質的に少なくなっている
そのまま,28,28,8人目,81,0.07670075934648231,経済の悪化により、コストパークが発生し、生活必需品やエネルギーなどの費用が高騰し、お金を節約する余裕が減り、企業では原価上昇とともに労働者の実質給与が低下している
そのまま,28,28,9人目,84,0.07052323203502825,経済の悪化によりコストパークが発生した結果、生活必需品やエネルギーなどの費用が高騰してお金を節約する余裕が減り、企業では原価上昇に合わせて労働者の実質給与が低下している
そのまま,28,28,10人目,87,0.07855481720604016,経済の悪化によりコストパークが発生した結果、生活必需品やエネルギーなどの費用が高騰し、さらにお金を節約する余裕も減り、企業では原価上昇に合わせて労働者の実質給与が低下している
そのまま,29,29,原文,108,1.0,2023年5月に発表された日銀の金融政策決定会合において、現状の物価上昇圧力に対して、大規模な金融緩和策を維持することが決定した。これは、企業や家計への影響が懸念されたため、景気の下支えを優先する判断だったと言える。
そのまま,29,29,1人目,100,0.4028488926575199,2023年5月に発表された日銀の決議において、物価上昇圧力に対する金融緩和策の維持が決定したことが分かった。これは企業や家計への影響が懸念されていたため、大きな金融緩和を続けることになったとみられる。
そのまま,29,29,2人目,108,0.30272918427928797,2023年5月に発表された日銀の決議で、物価上昇圧力に対する金融緩和策を継続し続けることが決定されたことが明らかになった。これにより企業や家計への影響が懸念されているため、金融市場からも関心を持たれているとみられる。
そのまま,29,29,3人目,112,0.16515276045577235,2023年5月発表の日銀決議で、物価上昇圧力に対する金融緩和策継続が決定されたことが明らかになっていると言われています。これにより企業や家庭への影響が懸念されているため、金融市場からも関心を持たれているようだということです。
そのまま,29,29,4人目,98,0.15006446527554074,2023年の日銀決議で、物価上昇圧力に対する金融緩和策継続について決定されたことが発表され、それによって企業や家庭に及ぼす影響が懸念されているため、金利を下げる方針が市場から注目されているようだ。
そのまま,29,29,5人目,90,0.175384963635759,2023年の日銀の決議で、物価上昇圧力に対する金融緩和策は継続されることが発表されたことが問題となっているため、そのような決定によって企業や家庭に与える影響が懸念されているようだ。
そのまま,29,29,6人目,55,0.10736540439762435,2023年の日銀の決議を受け、金融緩和策を維持したため、それらの措置が企業や家庭に及ぼす結果は気になるようだ。
そのまま,29,29,7人目,104,0.0854267249152641,今年の金融政策への影響が出始めたことについての話題にも気をつけてほしい。2023年の日銀の決議を受け、金融緩和策を続けるため、それらの対応から生じるような影響が企業や家庭に及ぼす結果は心配になっているようだ。
そのまま,29,29,8人目,69,0.07701173455502922,今年も新たな金融政策の影響が出始めていることや、2023年の日銀の決議を受けて行われている金融緩和策について気をつけてほしいと思っている。
そのまま,29,29,9人目,75,0.07332636129033418,今年も新たな金融政策の影響が現れるようになってきており、2023年からの日銀の決議に基づく金融緩和策を進めていることから注意が必要であると考えている。
そのまま,29,29,10人目,52,0.03259879970219965,今年も新しい経済的影響が現れ始めており、その中で日銀は決議に従って金融緩和策を実施していると考えている。
そのまま,30,30,原文,110,1.0,2023年5月の日銀金融政策決定会合において、大規模な金融緩和方針が維持され、市場に大きな影響を与えた。金利の据え置きに加え、量的緩和資産の購入規模も変更せず、経済活動を支えるための資金供給機能を強化することを目指した。
そのまま,30,30,1人目,99,0.5616936294669035,2023年5月の金融政策会合で、大きな影響を与えた金融緩和の方針が維持され市場に大きく反映された。金利の据え置きや量的緩和資産購入規模も変更せず、経済活動を支える資金供給機能を強化することを目指した
そのまま,30,30,2人目,102,0.22395605525159415,2023年5月の金融会議で影響が大きかったのは緩和の方針が維持され市場に反映された。金融機関は引き続き利息を据え置いたり、量的緩和による資産購入の規模も変更せず、流動性を高め経済活動を支えることを目指した
そのまま,30,30,3人目,109,0.14570846985802172,2023年の金融会議で影響が大きかったのは政策の基調が維持されたことから市場に反映された。その結果、金融機関は引き続き利率を据え置いたり、量的緩和による資産購入の規模も変更せず流動性を高め経済活動を支えることを目指した
そのまま,30,30,4人目,106,0.14659650711882075,2023年の金融会議で影響が大きかったのは基調が維持されたことから市場に反映された。その結果、金融機関は引き続き利率を据え置いたり、量的緩和による資産購入の規模も変更せず流動性を高め経済活動を支えることを目指した
そのまま,30,30,5人目,104,0.1206678709348118,2023年の財務会議で影響が大きかったのは基調が維持されたことから市場に反映されて、結果は金融機関が引き続き利率を据え置いたり、量的緩和による資産購入の規模も変化せず流動性を高め経済活動を支えることを目指した
そのまま,30,30,6人目,105,0.18294940648503377,2023年の財務会議で大きな影響を与えたのは基調が維持されたことに対する市場の反応から、結果として金融機関は利率を据え置き、また量的緩和による資産購入の規模も変化せず、流動性を高め経済活動を支えることを目指した
そのまま,30,30,7人目,110,0.10439540465644556,2023年の財務会議が実施されたことで市場全体の反応が大きかったのは基調が維持されたことから、その結果として金融機関は利率を据え置き、また量的緩和による資産購入の規模も変化せず、流動性を高め経済活動を支えることを目指した
そのまま,30,30,8人目,124,0.09218720516477007,2023年の財務会議が実施されたことで市場全体に大きく反応があったのは、その基調が維持されていることによる結果から、またそのために金融機関は利率の据え置きと量的緩和による資産購入の規模の変化は見られず、流動性を高め経済活動を支えることを目指している
そのまま,30,30,9人目,117,0.10055724545047261,2023年の財務会議が実施されたことで市場全体に大きく反応があったのは、その基調が維持されており、またそのため金融機関は利率の据え置きと量的緩和による資産購入の規模も変化がないことにより、流動性を高め経済活動を支えることを目指している
そのまま,30,30,10人目,87,0.0691753920118747,2023年の財務会議で基調が維持されたため金融機関は利率に変わりなく量的緩和による資産購入の規模も同じで、それにより流動性が高まり経済活動を支えることを目指しているとみられる
そのまま,31,31,原文,82,1.0,2023年8月15日、プロ野球中継の視聴者数が記録的な高を更新した。夏季甲子園優勝校同士の対戦を中心に、多くの人々がテレビを見守り、熱狂的な応援を送った結果である。
そのまま,31,31,1人目,86,0.45499886173201604,2023年の夏、プロ野球中継の視聴者数がとてもうまく記録し出した。かながえ甲子園優勝校同士の大きな試合を中心に、多くの人々がテレビで見守り、熱狂的な応援をしてくれたからだ。
そのまま,31,31,2人目,93,0.2936057127429763,夏がきたらしく2023年の夏のプロ野球の中継は視聴者数がとてもうまくなっていると聞いた。かながえ甲子園優勝校同士の大きな試合も多くの人々がテレビで見守り、熱狂的な応援をしてくれたからだ。
そのまま,31,31,3人目,88,0.1431634480380665,夏がきたらしく2023年の夏のプロ野球の中継はとても視聴者数が増えているのがわかっている。甲子園の優勝校が対戦する大きな試合も、多くの人がテレビで見守って応援してくれたからだ。
そのまま,31,31,4人目,56,0.04597293071612378,今年の夏のプロ野球の中継には、たくさんの人たちがテレビで見守っていると思う。それなりの人気があるような気がする。
そのまま,31,31,5人目,43,0.013264693529970338,今はもちろん夏でもほとんどの日が、TVなどでプロ野球をみる人が多くいるように思うんだ。
そのまま,31,31,6人目,39,0.030503679861795013,この時期はほぼ全ての日がテレビやパソコンでプロ野球を見ている人たちが多そうだ。
そのまま,31,31,7人目,51,0.018650811999623287,最近の時期にはほぼ全ての日が、テレビやインターネットなどでプロ野球を楽しんでいる人が多いように思える。
そのまま,31,31,8人目,56,0.027942996808361983,テレビやインターネットが普及した影響で、最近はほとんどの日のうちいつもプロ野球を見る人が増えているように見える。
そのまま,31,31,9人目,36,0.05122812326439835,最近は、毎日のようにテレビを見ながらプロ野球を観戦することが多いようだ。
そのまま,31,31,10人目,40,0.005067110870132402,日常生活の中でいつも一緒にいる家族にも、その様子がよく見られるようになってきた。
そのまま,32,32,原文,103,1.0,2024年5月16日、那須田誠司は富士ヒルズを雨の中完走した。序盤のペース配分に苦しみ、後半失速したが、コースレコード更新ならずという結果だった。厳しい暑さと降雨が選手のパフォーマンスに大きく影響を与えた。
そのまま,32,32,1人目,90,0.5079109492998889,2024年5月16日の那須田誠司は富士ヒルズで雨の中完走し、序盤ペース配分に苦しみ後半失速だった。コースレコードはできなかったが厳しい暑さと降雨が選手のパフォーマンスを大きくした。
そのまま,32,32,2人目,75,0.36600440932016776,2024年5月16日那須田誠司は富士ヒルズで完走し、序盤ペース配分に苦しみ後半失速だったコースレコードはできなかったが厳しい暑さと降雨が大きく影響した
そのまま,32,32,3人目,75,0.334434746762849,2024年5月16日那須田誠司が富士ヒルズで完走し、序盤ペース配分に苦しみ後半失速だったコースレコードはできなかったが厳しい暑さと降雨が大きく影響した
そのまま,32,32,4人目,80,0.24481418636215002,2024年5月16日那須田誠司が富士ヒルズを走り、その時にはコースのペース配分で苦しんだことで、後半からタイムが落ちた。厳しい暑さと降雨も大きな影響を与えていた
そのまま,32,32,5人目,77,0.16036662875119556,2024年5月16日那須田誠司が富士ヒルズに走り、その時にはコースのペース配分で苦しんだことで後半からタイムが落ちた厳しい暑さと雨も大きな影響を与えていた
そのまま,32,32,6人目,67,0.13763048616522633,2024年5月16日那須田誠司が富士ヒルズで走り、その時は厳しい暑さや雨の影響を受け、ペース配分に苦しんだことで後半からタイムが落ちた
そのまま,32,32,7人目,53,0.0824255720978419,2024年5月16日に那須田誠司が出場した富士ヒルズのレースにおいては、悪天候を味わったことが大きく響いた
そのまま,32,32,8人目,45,0.08300078308552085,2024年の5月16日、富士ヒルズのレースで那須田が優勝できなかったのは、大雨が原因だった
そのまま,32,32,9人目,56,0.055510659155892976,2024年5月16日に行われた富士ヒルズのレースで那須田が初めて優勝を逃すことになったのは、降った大雨が関係した
そのまま,32,32,10人目,63,0.05530310747317327,2024年5月16日の富士ヒルズでのレースでは、その日に降り注いだ強風が何事もなく優勝できず、最初の敗北という出来事が起こった
そのまま,33,33,原文,120,1.0,2023年8月15日、プロ野球中継の視聴率が、長年の記録を更新した。侍ジャパンのワールドシリーズ制覇と、メジャーリーグでの日本人の活躍が相まって、多くの人々がテレビをつける時間が増加したと考えられる。関連広告やメディアも盛り上がりを見せた。
そのまま,33,33,1人目,83,0.21278696651308168,プロ野球中継の視聴率が、長年の記録を大きく更新し、数多くのスポーツファンが日本人選手の活躍に共感したとみられる。さまざまなメディアや関連広告も盛んに注目を集めている。
そのまま,33,33,2人目,86,0.14941051868492447,プロ野球中継の視聴率が大きな記録を更新し、多くのスポーツファンが日本人選手の活躍に共感しているようだ。このような盛況ぶりは、それぞれのメディアや関連広告も注目を集めている。
そのまま,33,33,3人目,83,0.14501004042300017,プロ野球中継の視聴率大記録を更新し、多くのスポーツファンが日本人選手の活躍に共感しているようだ。このような盛況ぶりは、それぞれのメディアや関連広告も注目を集めている。
そのまま,33,33,4人目,86,0.05379240065177589,日本国外で活躍する日本人の選手に注目されており、多くのスポーツファンが彼らの活躍に共感しているようだ。このような盛況ぶりは、それぞれのメディアや関連広告も注目を集めている。
そのまま,33,33,5人目,102,0.034475096942846464,日本国外でも人気が高まり、日本人が活躍する選手は多く、スポーツファンはその活躍を支持しているように見える。各国のメディアでは、彼らの活躍のニュースが話題となっており、関連広告も盛んに公開されているようだ。
そのまま,33,33,6人目,105,0.03458804156356136,日本国外でも人気が高まり、日本人が活躍する選手は多く、この選手の活躍をスポーツファンは支持しているように見える。各国のメディアでは、彼らの活躍のニュースが話題となっており、関連広告も盛んに公開されているようだ。
そのまま,33,33,7人目,102,0.03081186435154407,日本国外でも人気が高まり、日本人が活躍する選手が多く、この選手の活躍をスポーツファンは支持しているように見える様子が各国のメディアで目立っているようだ。また、彼らの活躍に関連した広告も積極的に流れている。
そのまま,33,33,8人目,96,0.04084079320023171,日本国外でも人気が高まり、選手たちの活躍を見せる映像やニュースが各地のスポーツ新聞やオンラインニュースに掲載されている様子が見られる。また、彼らの活躍に関連した広告も積極的に流れているようだ。
そのまま,33,33,9人目,90,0.027117233651141232,日本国外では人気を博し、世界中で彼ら選手たちの活躍ぶりを伝えるスポーツ新聞やオンラインニュースが多数にのぼるようになり、彼らの活躍に関連するCMも頻繁に出回っている様子が見られる。
そのまま,33,33,10人目,79,0.020171534105232716,日本国外では、彼ら選手たちの人気を呼び、世界中で彼らの活躍について伝えるスポーツ新聞やオンラインニュースが多数あり、彼らの活躍に関連した広告が頻繁に出ている。
そのまま,34,34,原文,128,1.0,2023年8月15日、プロサッカーリーグJ1レギュラー戦でFC東京が川崎フロンターレを3対2と破りました。試合終盤の激しい攻防の中、東京の古橋亨梧が決勝点を挙げ、勝利を決定づけました。観客動員数は約3万8千人となり、熱狂的な応援が選手たちを後押ししました。
そのまま,34,34,1人目,125,0.21296122942284004,2023年8月15日、J1レギュラー戦でFC東京が川崎フロンターレを勝利して3対2とした試合がありました。試合の最後の部分では激しい戦いがありましたが、古橋亨梧選手は決勝点を入れてチームに勝ち点をもたらしました。その数の多い観客が応援をしていました。
そのまま,34,34,2人目,144,0.14518381367648103,2023年8月15日にはJ1レギュラーでFC東京が川崎フロンターレを3対2で勝利し、古橋亨梧選手は決勝点を入れてチームに勝ち点をもたらした。試合では激しい戦いが続いたが、最後まで応えを見せたということがわかりました。会場には多くのファンが集まっていて、彼らは熱狂の様子で応援していたようだ
そのまま,34,34,3人目,126,0.12809804874137037,2023年8月15日、その日のJ1の試合でFC東京が川崎フロンターレを破り、古橋亨梧選手が勝ち点をもたらす決勝点を入れたことがわかりました。試合は最後までとても熱いものとなりました。観客席には多くの人が集まっていて、彼らは選手に大きな喝采を与えたようだ
そのまま,34,34,4人目,89,0.1398817234590069,2023年8月15日、J1の試合でFC東京が川崎フロンターレを破り、古橋亨梧選手が決勝点を入れてチームを勝ち点に導いたことがわかりました。試合は非常に熱くなって最後まで続きました
そのまま,34,34,5人目,89,0.14014441003115374,2023年8月15日、J1の試合でFC東京が川崎フロンターレを破り、古橋亨梧選手が決勝点を叩いてチームを勝ち点に導いたことがわかりました。試合は非常に熱くなって最後まで続きました
そのまま,34,34,6人目,88,0.13597480353977834,2023年8月15日、J1の試合でFC東京が川崎フロンターレに勝利し、古橋亨梧選手が決勝点を叩いてチームに貢献したことがわかりました。試合は最後まで続き非常に熱くなっていました
そのまま,34,34,7人目,92,0.1351514634914976,2023年8月15日、J1の試合でFC東京が川崎フロンターレを破り、その中で古橋亨梧選手が決勝点を叩いてチームの勝利に貢献したことがわかりました。試合は最後まで続き非常に熱い内容でした
そのまま,34,34,8人目,90,0.1342113288337011,2023年8月15日、J1の試合ではFC東京が川崎フロンターレを破り、決勝点を叩いた古橋亨梧選手の活躍によりチームの勝利が決定しました。試合は最後まで続き非常に緊迫した内容でした。
そのまま,34,34,9人目,90,0.12582815046823734,2023年8月15日、J1リーグの試合でFC東京が川崎フロンターレを破り、古橋亨梧選手の活躍によってチームの勝利が決まりました。試合は最終まで続き非常に緊張感が高かった状況でした。
そのまま,34,34,10人目,82,0.15820794541623232,2023年8月15日J1リーグの試合でFC東京が川崎フロンターレを破り、古橋亨梧選手の活躍によってチームの勝利を決めました。試合は終盤までとても緊張した状況でした。
そのまま,35,35,原文,122,1.0,2023年8月15日、プロ野球の試合中継において、広島東洋カープのエースが渾身のストレートでサヨナマホームランを放ち、観客を熱狂させた。その瞬間、スタジアム全体に興奮と感動が爆発し、勝利を確信したチームメイトや監督との喜びの感情表現が見られた。
そのまま,35,35,1人目,83,0.27474132965199377,2023年8月15日の試合で、広島東洋カープのエースが強烈なストレートを打ち込まれてホームランを放ち、ファンは大きな感動に包まれ、チームや監督と喜んだ表情が見られた。
そのまま,35,35,2人目,143,0.15324203191302024,2023年の広島東洋カープの試合で、エースの投球が直線的なストレートだったため、打者がその強烈なストレートを打ち込まれてホームランを放った。それによりファンの中に大きな感動が広がり、球場全体が喜びに包まれ、その瞬間、チームや監督と一緒に喜んでいた選手たちの表情は素晴らしく見られていた。
そのまま,35,35,3人目,122,0.12289013648802052,2023年の広島東洋カープの試合でエース投手が打者に強烈なストレートを投げたため、それを打ち込まれホームランが出た。ファン全員の中に大きな感動が広がり、球場は喜びに包まれた。その時、チームや監督と一緒に喜んでいた選手たちの表情も素晴らしかった。
そのまま,35,35,4人目,113,0.1283973777601011,2023年の広島東洋カープの試合でエース投手が打者に強烈なストレートを投げてホームランが出たため、ファン全員の中に大きな感動が広がり、球場は喜びに包まれた。その時チームや監督と一緒に楽しんでいた選手たちの表情も素晴らしかった。
そのまま,35,35,5人目,100,0.1276705183184172,2023年の広島東洋カープの試合でエース投手がホームランを打たせたため、ファン全員の中に大きな感動が広がり、球場は喜びに包まれた。その時チームや監督と一緒に楽しんでいた選手たちの表情も素晴らしかった。
そのまま,35,35,6人目,85,0.040289956123950435,2023年夏のキャンプで特に調子が良かったエース投手がホームランを打たせたため、球場には大きな喜びが広がり、それを見守っていたファン全員の中にも感動が広がることになった。
そのまま,35,35,7人目,77,0.021677404411690384,その時は何人のファンが涙を見せる光景を見ていたかもわからないが、ホームランで球場を盛り上げたエース投手の活躍から、球場には喜びと感動の波が広がったようだ。
そのまま,35,35,8人目,82,0.020684875404333905,その時は多くのファンが涙を見る光景を見ていたのかも分からないが、ホームランで球場を盛り上げるエース投手の活躍から、今度は球場には喜びと感動の波が広がっているようだ。
そのまま,35,35,9人目,102,0.028836972133961494,その時は何が起きたかもわからないものの、長打席でいちばん多くのファンを涙を見せた光景を見ることができたように思われるが、ホームランのエース投手の活躍から、今度は球場には喜びと感動の波が広がっているようだ。
そのまま,35,35,10人目,100,0.02936064201432706,その時は何の事実もわからないものの、長打席でいちばん多くのファンを涙を見せた光景を見ることができたように思われるが、ホームランのエース投手の活躍から、今度は球場には喜びと感動の波が広がっているようだ。
そのまま,36,36,原文,98,1.0,2023年5月、東京都の新宿御苑で、記録的な猛暑が観測されました。気温は40℃近くまで上昇し、多くの観光客や市民が熱中症で救護所を利用しました。植物への影響も懸念され、水やり頻度などが調整された。
そのまま,36,36,1人目,86,0.2899383409278212,2023年5月に東京都新宿御苑で、気温は40℃近くまで急上昇し、多くの観光客と市民が熱中症を訴え治療を受けた。植物の健康にも問題が生じ、園芸関係者は水やりの頻度を調整した。
そのまま,36,36,2人目,89,0.22630083784362875,2023年5月に新宿御苑で気温が40℃近くまで急上昇し、多くの観光客と市民が熱中症の症状が出て治療を受けた。また園芸関係者は植物の健康にも問題が生じたため水やりの頻度を調整した。
そのまま,36,36,3人目,95,0.21735204754340545,2023年5月新宿御苑では気温40℃近くまで急上昇し、多くの観光客と市民が熱中症の症状が出て治療を受けたという。園芸関係者はその影響から植物の健康にも問題が生じたため水やりの頻度を調整した。
そのまま,36,36,4人目,84,0.07069623817503726,新宿御苑で気温が40℃近く急上昇し、熱中症の多くの症状が出て治療を受けたという。園芸関係者はその影響から植物の健康にも問題が生じたため水やりの頻度を調整したとのことだ。
そのまま,36,36,5人目,78,0.06210038200892909,新宿御苑で気温が40℃近く急上昇し、熱中症多数出て治療を受けたという。園芸関係者はその影響から植物の健康にも問題生じたため水やりの頻度を調整したとのことだ。
そのまま,36,36,6人目,75,0.09101585983491052,新宿御苑で気温が40℃近く急上昇し、熱中症多数出て治療を受けたという園芸関係者によると、園内の植物の健康にも問題が生じたため、水やりの頻度を調整した。
そのまま,36,36,7人目,78,0.08505477062937421,新宿御苑で気温は40℃近く急上昇し、熱中症多数出て治療を受けたという園芸関係者によると、園内の植物の健康にも問題が生じたため、水やりの頻度を調整したそうだ。
そのまま,36,36,8人目,85,0.08498745569799897,新宿御苑で気温は40℃近く急上昇し、熱中症多数出て治療を受けたという園芸関係者によると、急激な高温の影響を受け植物に健康問題が生じたため、水やりの頻度を調整したとのこと。
そのまま,36,36,9人目,85,0.08498745569799897,新宿御苑で気温は40℃近く急上昇し、熱中症多数出て治療を受けたという園芸関係者によると、急激な高温の影響を受け植物に健康問題が生じたため、水やりの頻度を調整したとのこと。
そのまま,36,36,10人目,76,0.0566885359185287,新宿御苑で気温の急上昇により熱中症患者多数出て治療を受けたという園芸関係者の話では、気温の上昇による植物への影響を考慮して水やりの頻度に改めたそうです。
そのまま,37,37,原文,105,1.0,2021年、記録的な大雨により、山間部の小川が氾濫し、周辺の農地や道路に浸水被害をもたらした。宅地後背地の整備が進む中で、河川の保全意識が低下していたことが要因の一つと考えられ、排水施設の老朽化も影響を与えた。
そのまま,37,37,1人目,99,0.19034425455043558,2021年、大雨の影響が大きく、小さな川が氾濫し、農地や道路で浸水被害が起こった。山道の整備が進む中で、河川について考えすぎていなかったことが原因の１つになり、それに加えて排水設備が古くなっていた。
そのまま,37,37,2人目,101,0.14819523552299893,2021年、大雨が降り大きな影響を及ぼし、小さな川の氾濫により農地や道路での浸水被害が発生した。山道整備進む中、河川に関する考慮不足が原因の一つとされた。それに加えて排水設備の老朽化も問題となっていた。
そのまま,37,37,3人目,83,0.16309467750038573,2021年、大雨が降り多くの農地や道路で浸水被害が発生した。その原因の一つは、山道整備が進む中、河川に関する考慮不足だった。また、排水設備の老朽化も問題となっていた。
そのまま,37,37,4人目,92,0.14382675472362658,2021年、大雨が降り多くの農地や道路で浸水被害が起こった。その原因の一つは、山道整備の進む中で、河川に関する考慮不足だったことも問題になっていて、排水設備の老朽化も重なってしまった。
そのまま,37,37,5人目,95,0.15626248854364289,2021年、大雨によって多くの農地や道路が浸水被害に見舞われた。山道整備が進む中でも河川に十分な考慮を怠っていたことがその原因の一つで、そしてそれと併せて排水設備の老朽化も重なってしまった。
そのまま,37,37,6人目,157,0.11424430279592578,2021年の豪雨により、大量の農地や道路が水浸け被害に見舞われました。その中でも山間部を通る道路は大きな被害を受け、現在路線の大部分は開通しているにも関わらず、それらの道路に十分な維持が行われていなかったのが原因の一つでした。そしてそれと合わせて、水の流れを確保するための設備も老朽化していたことが判明しています。
そのまま,37,37,7人目,133,0.10026901358030856,2021年の豪雨による被害は甚大でした。その中でも山間部の道路が多数被害を受けました。路線の大部分が開通しているのにそれらの道路に十分な維持が行われていなかったのが原因の一つです。そして、それと合わせて水の流れを確保するための設備も老朽化していたことがわかりました。
そのまま,37,37,8人目,152,0.08865343155127998,2021年の大雨による被害はひどく、山間部の道路が多数損壊しました。大雨があったからといって、そのような道路が崩壊したというわけではありません。ただし、それらの道路に十分な維持がされていなかったのが原因の一つでした。さらにその道路と合わせて水の流れを確保するための設備も老朽化していたことが分かりました。
そのまま,37,37,9人目,80,0.046068850612584644,2021年の大雨で山間部の多くの道路が損壊し、大雨が直接崩壊の原因ではないということはわかっています。そのような事故は、道路の維持不足や設備の老朽化もあります。
そのまま,37,37,10人目,82,0.03014398794163122,2021年の大災害で山間部のいろいろな道路が壊れました。それでもそのような事例は、道路がどうにかなっていてなかったり設備の時期が古くなっているからだったと思います。
そのまま,38,38,原文,122,1.0,2023年7月、豪州東部のシドニー湾沿岸地域で記録的な干ばつが続き、海面水位が著しく低下した。普段は賑わう港の底には大量の貝類や魚類が晒され、生態系に深刻な影響が出たと考えられる。気温上昇と降水量の減少が複合的に作用し、異常事態を引き起こした。
そのまま,38,38,1人目,84,0.26554881029492494,2023年7月以降、豪州東部のシドニーバイ沿岸地域で著しく低下した海面水位は、通常は賑わう港底に大量に晒されていた貝類や魚類が生態系に大きな悪影響を及ぼすと考えられる。
そのまま,38,38,2人目,73,0.13534593853596946,2023年7月以降のシドニーバイ沿岸地域の海面水位の著しく低下により、通常は賑わう港底の貝類や魚類が海洋生態系に大きな悪影響を及ぼす可能性がある。
そのまま,38,38,3人目,73,0.10944784479511831,2023年7月以降のシドニーバイ沿岸地域の海面水位の大幅な低下により、通常は賑わう港底の貝類や魚類が海洋生態系に大きく悪影響を及ぼす可能性がある。
そのまま,38,38,4人目,77,0.12021095166704594,2023年7月以降シドニー湾沿岸地域で観測される海面水位の大幅な低下によって、普通は賑わう港底の貝類や魚類が海洋生態系に大きく悪影響を及ぼす可能性がある。
そのまま,38,38,5人目,77,0.12021095166704594,2023年7月以降シドニー湾沿岸地域で観測される海面水位の大幅な低下によって、普通は賑わう港底の貝類や魚類が海洋生態系に大きく悪影響を及ぼす可能性がある。
そのまま,38,38,6人目,75,0.11507645736879216,2023年7月以降シドニー湾沿岸地域で観測される海面水位の大幅な低下により、通常賑わう港底の貝類や魚類が海洋生態系に重大な悪影響を及ぼす可能性がある。
そのまま,38,38,7人目,75,0.13470643052963405,2023年7月以降シドニー湾沿岸地域で観測される海面水位の大幅な低下により、通常賑わう港底の貝類や魚類が海洋生態系に著しく悪影響を及ぼす可能性がある。
そのまま,38,38,8人目,75,0.13470643052963405,2023年7月以降シドニー湾沿岸地域で観測される海面水位の大幅な低下により、通常賑わう港底の貝類や魚類が海洋生態系に著しく悪影響を及ぼす可能性がある。
そのまま,38,38,9人目,69,0.07281056219081543,2023年7月以降シドニー湾沿岸地域で観測される海面水位の大幅な低下により、港の底辺の貝と魚の数が海洋生物に大きな害を与える可能性がある。
そのまま,38,38,10人目,77,0.04843375493761872,シドニー湾の近くでは2023年7月以降、大型の波に悩まされていて、沿岸地域での海面水位の大幅な低下により港の底辺で貝と魚が大きい被害を受ける可能性がある。
そのまま,39,39,原文,101,1.0,2023年夏、豪雨により県内の河川が氾濫し、多くの家屋や農地を水没させた。浸水深は地域によって異なり、特に下流域では床上高止水位を超える被害が出た。避難指示が出され、住民は一時的に安全な場所に移動した。
そのまま,39,39,1人目,61,0.3327657125657416,2023年夏、豪雨により県内の河川が氾濫して多くの家や畑が水に没し、避難指示が出たため住民が一時的に避難することとなった。
そのまま,39,39,2人目,49,0.20166238910943707,夏の豪雨で県内の河川が氾濫したため、多くの家や農園が浸水し、避難勧告が出されて住民は暫定避難した。
そのまま,39,39,3人目,49,0.0876588872137109,県内では豪雨による氾濫で多くの家と農園が浸水し、避難のために住民が避難所に移ったことになっている。
そのまま,39,39,4人目,43,0.02215534673654861,県内各地では強い雨が降り、地元では浸水被害や災害避難者の増加などが問題となっています。
そのまま,39,39,5人目,46,0.027410911177593304,県内各地では大雨の影響により、水害などの被害を出していて、避難している人の数も増えています。
そのまま,39,39,6人目,56,0.08067284489410576,県内の各所では大雨によって水害が発生し、それによる被害も広がっていて、避難中の人も増えている状況となっています。
そのまま,39,39,7人目,55,0.04265507622474905,県内で大雨の影響で発生している水害の被害が拡大し、大勢の人たちが避難する危険性がある状況になってしまいました。
そのまま,39,39,8人目,46,0.040229469808292256,県の様子がひどく悪くなり、多くの人が家を出さなければならないというようなことになっています。
そのまま,39,39,9人目,59,0.009534879044311325,地方での状況はすごく悪くなっており、それに伴い多い人数の方々は今までとは異なる形で住みかを見つける必要があるそうです。
そのまま,39,39,10人目,72,0.05565899758480573,多くの地域では避難者が増え、生活が困難になっているようだ。また、状況により住む場所を探す人が増えており、多くの方々に影響を与えているようである。
そのまま,40,40,原文,109,1.0,2023年5月、記録的な大雨により河川が氾濫し、地域住民の生活に大きな影響が出た。土砂災害警戒情報の発令や避難指示などが実施され、多くの家屋が浸水被害を受けた。重立った状況下で、自治体と住民が連携し、復旧作業を進めた。
そのまま,40,40,1人目,83,0.3773037260702546,2023年5月、大雨により河川が氾濫し、地域に広がる被害があった。浸水被害の多くを受けた家屋は増えた。それでも自治体と住民は協力し、復旧作業を進めた状況を心配された。
そのまま,40,40,2人目,114,0.07902380032701699,2023年5月の大雨で広がった浸水被害により家屋の被害が相次いだものの、被災した地域では関係者が相談し、被害の軽減に効果があると言われる「撤去建物の再利用」や「避難所の作り直し」などを考慮しながら復旧を行うことが多い状況にある。
そのまま,40,40,3人目,92,0.029108439374795642,浸水被害により家屋の被害が相次ぎ、被災した地域では関係者が協議の上で被害の軽減に効果があると言われる「撤去建物の再利用」や避難所の作り直しを考慮しながら復旧を行うことが多い状況にある。
そのまま,40,40,4人目,75,0.033587595315034094,浸水被害により家屋の被害が相次ぎ、関係者は被災した地域で協議の上で「撤去建物の再利用」や避難所の作り直しを考慮しながら復旧を行うことが多い状況にある。
そのまま,40,40,5人目,80,0.017576869206654824,浸水による家屋の被害が増えているため、関係者は被災した地域で協議をすることが多く、「撤去建物の再利用」や避難所を作り直しを考慮しながら復旧する状況になっている。
そのまま,40,40,6人目,87,0.020424681620578006,浸水による家屋の被害が広がるため、関係者は「建物の撤去と再利用」や避難所の新規作りにかけて協議をすることが多くなっており、復興にあたって地域での状況を考慮しながら進めている。
そのまま,40,40,7人目,71,0.01810759846023234,浸水による被害が広がるため関係者は建物撤去と再利用や避難所新規作りにかけて協議を重ねており、復興にあたって地域の状況を考慮しながら進めている。
そのまま,40,40,8人目,77,0.017120128064101445,浸水による被害が広がるため関係者は建物撤去と再利用や避難所新規作りにかけて協議を重ねており、復興にあたって地域の状況を考慮しながら進めていることがわかる。
そのまま,40,40,9人目,77,0.017120128064101445,浸水による被害が広がるため関係者は建物撤去と再利用や避難所新規作りにかけて協議を重ねており、復興にあたって地域の状況を考慮しながら進めていることがわかる。
そのまま,40,40,10人目,77,0.017120128064101445,浸水による被害が広がるため関係者は建物撤去と再利用や避難所新規作りにかけて協議を重ねており、復興にあたって地域の状況を考慮しながら進めていることがわかる。
そのまま,41,41,原文,85,1.0,朝起きて、窓の外に鳥が飛び立っていくのを見た。昨日まで雨模様だったのに、空は青く晴れ渡り、日差しが優しく地面を照らしていた。風も穏やかで、木々の葉がそよそよと揺れていた。
そのまま,41,41,1人目,82,0.7589800524438877,朝起きて、窓の外に鳥が飛び立っていくのを見た。昨日の雨も去ったようで、空は青く晴れて日差しが優しく地面を照らしていた。風も穏やかで、木々の葉がそよそよと揺れていた。
そのまま,41,41,2人目,89,0.4082956021760905,朝に起きて窓の外に鳥がいろいろ飛んでいるのを見た。昨日の雨はもう落ちてきて空は青く晴れて日差しが弱い感じで地面を照らしているようだった。風も穏やかで木々の葉がそよそよと揺れている
そのまま,41,41,3人目,79,0.16450230694791948,朝に起きたとき、窓から外を見たところ、鳥たちはあちらこちら飛び回っていた。一昨日の雨はもう降り終わり空気は明るく、風も穏やかで木々の葉がゆったりと揺れていた。
そのまま,41,41,4人目,79,0.16450230694791948,朝に起きたとき、窓から外を見たところ、鳥たちはあちらこちら飛び回っていた。一昨日の雨はもう降り終わり空気は明るく、風も穏やかで木々の葉がゆったりと揺れていた。
そのまま,41,41,5人目,82,0.14283825810621387,朝に目覚めた時、窓から外を見ると、鳥たちはあちらこちら飛び回っていた。一昨日の雨はもう降り終わって空気は明るくなっていて、風も穏やかで木の葉がゆったりと揺れていた。
そのまま,41,41,6人目,83,0.07338782439652143,朝に目覚めた時、窓から外を見ると、鳥たちはあちらこちら飛び回っていた。一昨日の雨で道路にはしっぱんだらなかったはずなのに、今は風のさながら木の葉もゆったり揺れている。
そのまま,41,41,7人目,120,0.053017750866415095,朝を迎えると、外を見るときに、雨が降ってからのことになるかと思いましたが、まことに鳥たちはあちらこちら飛び回っている様子をお見せしていました。一昨日は雨で道路にはしっぱんだらなかったはずなのに、今は風のさながら木の葉もゆったりと揺れている。
そのまま,41,41,8人目,88,0.05877177334888798,朝を迎えると外を見るとき、鳥たちはあちらこちら飛び回っている様子をお見せしていて。一昨日は雨で道路にはしっぱんだらなかったはずなのに、今は風が強く木の葉もゆったりと揺れている。
そのまま,41,41,9人目,92,0.06822245396583736,朝を迎えると外を見るとき、鳥たちはあちらこちら飛び回っている様子をお見せしていて。一昨日は雨で道路にはしっぱんだらなかったはずなのに、今は風が強く木の葉もゆったりと揺れていたようです。
そのまま,41,41,10人目,67,0.04559382416506781,朝を迎えると外を見るとき、鳥たちはあちらこちら飛び回っている様子をお見せしていて。一昨日と今、天候が一転しているようで驚いていました。
そのまま,42,42,原文,86,1.0,朝起きて窓の外に目をやると、空模様がいつもと違う色調だった。雲の配置も複雑で、まるで誰かが絵を描いているようだった。静かな住宅街には、鳥の鳴き声と自転車の音が混じっていた。
そのまま,42,42,1人目,85,0.20724145463215687,朝起きた時、窓から外を見ると空がいつもとは違う色をしていた。雲の形もおかしい感じで、何かの絵をかいたようすだった。住宅街の中は静かだが、鳥の声と自転車の音が混ざっていた。
そのまま,42,42,2人目,90,0.188655662092037,朝起きた時、窓から外を見ると空がいつもの青ではなく緑の色をしていた。雲の形もおかしい感じで、何かの絵をかいたようすだった住宅街の中は静かなはずが、鳥の声と自転車の音が混じっていた。
そのまま,42,42,3人目,90,0.19437912429953688,朝起きた時、窓から外を見ると空がいつもの青ではなく緑色をしていた。雲の形もおかしい感じで、何かの絵をかいたようすだった住宅街の中は静かなはずだが、鳥の声と自転車の音が混じっていた。
そのまま,42,42,4人目,92,0.1765415050760483,朝起きた時、窓から外を見ると空がいつもの青ではなく緑色をしていた。雲の形もおかしい感じで、何かの絵をかいたようすだった住宅街の中は静かなはずだが、鳥の声と自転車の音だけが混じっていた。
そのまま,42,42,5人目,128,0.06586530158959754,朝を迎えると窓から外を見てみると空はいつもの青ではなく緑色に変わっていて、天気を占う人も予想しないようすだった。住宅街の中では静かだが、そのはずなのに何かの絵をかいたようにしてきた雲の形が目につくだけではなく、奇妙にも鳥の声と自転車の音だけが聞こえていた。
そのまま,42,42,6人目,139,0.07891883303380756,朝を迎えて窓から外を見ると、いつもの青い空は緑色に変わっていて、天気占いでも予想できなかった様子だった。住宅街の中もあっさり静かだが、何の気配もないはずなのに、目につくだけではあるが雲の形を絵のようにしてきたかのようになっており、その辺には鳥の声と自転車の音だけが聞こえていた。
そのまま,42,42,7人目,85,0.0774736190727357,朝を迎えて窓から外を見ると、いつもの青い空は緑色に変わっていて、住宅街の中もあっさり静かだが、何の気配もないはずなのに、それ以外では鳥の声と自転車の音だけが聞こえていた。
そのまま,42,42,8人目,80,0.05922316213477729,窓から外を眺めるといつもの青い空は緑色に変わっていて、住宅街の中もあっさり静かだが、何の気配もないはずなのに、それ以外では鳥の声と自転車の音だけが聞こえていた。
そのまま,42,42,9人目,87,0.06506301373054131,窓から外を見るといつもの青い空は緑色になっていて、住宅地の中も全く無人のようになっているが、その中でも聞こえるのはただの鳥の声のみで、その静寂を打ち破る自転車の音だけだった。
そのまま,42,42,10人目,72,0.08401623618020473,窓から外を見ると緑色になった青空があり、住宅地は人がいないように見えたが、その中にただ鳥の鳴き声と一つしか聞こえてくるのは自動車の音だけだった。
そのまま,43,43,原文,103,1.0,昨日の夕暮れ、公園のベンチで老夫婦が手をつないでいた。空には茜色が広がり、静かに波打つ海を見つめていた。二人の顔には穏やかな笑みが浮かんでおり、まるで長年連れ添ったように安心感に満ちた雰囲気を漂わせていた。
そのまま,43,43,1人目,73,0.3991332421486165,昨日の夕暮れ、公園のベンチに座る老夫婦は手を繋いでいた。空には茜色が広がり、静かに波打つ海を見下ろす中、二人とも穏やかな表情で過ごしていたようだ。
そのまま,43,43,2人目,82,0.08986939649378906,昨日の夜の景色が優しい老人たちは一緒にベンチで手を握り合って静かに座っていた。空は夕日と赤く染まれ、近くの海を見下ろす静寂の中、老夫婦は心を預け合っていると思った。
そのまま,43,43,3人目,86,0.05196377949095155,昨日の夜の景色が美しい老人たちは一緒にベンチで手を握り合って静かに座っていた空は夕日と赤く染まれていて、その近くの海を見下ろす静寂の中、老夫婦は心を預け合っていると思った。
そのまま,43,43,4人目,92,0.056730342491336294,昨日の夜の景色が素晴らしい老人たちは一緒にベンチで手をぎゅっと握り合って静かに座っていた空は夕日と赤く染まれていて、その近くの海を見下ろす静かな中、老夫婦は心を預け合っていると思った。
そのまま,43,43,5人目,92,0.056730342491336294,昨日の夜の景色が素晴らしい老人たちは一緒にベンチで手をぎゅっと握り合って静かに座っていた空は夕日と赤く染まれていて、その近くの海を見下ろす静かな中、老夫婦は心を預け合っていると思った。
そのまま,43,43,6人目,94,0.05582614182621337,昨日の夜の景色が素晴らしい老人たちは一緒にベンチで手をぎゅっと握り合って静かに座っていた空は夕日と赤く染まれていて、その近くの海を見下ろす静かな中、老夫婦は心を預け合う様子だったと思った。
そのまま,43,43,7人目,102,0.0536608939136884,昨日の夜の景色がきれいに輝いていた老人たちは一緒にベンチで手をぎゅっと握り合って安らかに座っていた空は夕日と明るく染まれていて、その近くの海を見下ろす静かな中、老夫婦は深く心を預け合う様子だったと思った。
そのまま,43,43,8人目,88,0.050289131437902916,昨日の夜の景色がきれいに輝いていた老人たちは一緒にベンチで手をぎゅっと握り合って安らかに座っていた空の下、近くの海を見下ろす静かな中、彼らは心を深く預け合う様子だったと思った。
そのまま,43,43,9人目,88,0.04915932156657935,昨日の夜、景色がきれいに輝いていた老人たちは一緒にベンチで手をぎゅっと握り合って安らかに座っていた空の下、近くの海を見下ろす静かな中、彼らは心を深く預け合う様子だったと思った。
そのまま,43,43,10人目,89,0.06824381676363617,昨日の夜、景色がきれいに輝いていた老人たちは一緒にベンチで手をぎゅっと握り合わせて安らかに座っていた空の下、近くの海を見下ろす静かな中、彼らの心を深く預け合う様子だったと思った。
そのまま,44,44,原文,104,1.0,雨上がりの道を歩いていた。足元にはキラキラと水たまりが広がり、虹がかかった空の下、子供たちの歓声が聞こえてきた。ベンチに座ってアイスクリームを食べる女の子の姿も目に浮かぶ。それは、過ぎ去りし夏の一コマだった。
そのまま,44,44,1人目,106,0.5570582533262283,雨上がりの道を歩いていた。足元には水たまりが広がっていた。虹がかかった空の中、子供たちの歓声が聞こえてきた。それと同じ景色では、アイスクリームを食べる女の子の姿も見えた。過ぎ去った夏の一枚写真のようなものだった。
そのまま,44,44,2人目,93,0.17649086909827374,雨上がりの道を歩いていた時、足元には水たまりが広がっていた。その様子は中学生の頃の思い出のように思えた。それと同じ景色では、女の子の姿も見えた。過ぎ去った夏の一枚写真のようなものだった。
そのまま,44,44,3人目,95,0.12700081513003553,雨上がりの道を歩いていた時、道は水たまりで満ちていた。その様子が中学生の頃を思い出すように思えた。それと同じ景色では、小さな女の子の姿も見えていた。過ぎ去った夏の一枚写真のようなものだった。
そのまま,44,44,4人目,93,0.11404279729969723,雨上がりの道を歩いていた時、水たまりで満ち溢れてその様子が中学生の頃を思い出すようなものだった。それと同じ景色では、小さな女の子の姿も見えていた過ぎ去った夏の一枚写真のようなものだった。
そのまま,44,44,5人目,108,0.09457880152782551,雨上がりの道を歩いていた時、水たまりで満ち溢れ、全てが静寂に包まれていて、そのような中学生の頃の自分と似通うように思われた。そして、その様子では、小さな女の子の姿も見えていた過ぎ去った夏の一枚写真のようなものだった。
そのまま,44,44,6人目,113,0.07636882128778434,雨上がりの道を歩いていた時、水たまりで満ち溢れ、全てが静寂に包まれていて、中学生の頃と似通うように思われ、そのような中学校時代の自分と同じかと思えば、小さな女の子のような影も見えていた過ぎ去った夏の一枚写真のようなものだった。
そのまま,44,44,7人目,110,0.07777771398700564,雨上がりの道を歩いていた時、水たまりで満ち溢れ、全てが静寂に包まれていて、中学生の頃と似通うように思われ、そのような中学校時代の自分と同じかと思えば、小さな女の子のような影も見えていた過ぎ去った夏の一枚写真のようだった。
そのまま,44,44,8人目,107,0.06469984231119771,雨上がりの中、道を歩いていた時、水たまりで満ち溢れ、全てが静寂に包まれていて、中学生の頃と似通うように思われ、そのような中学校時代の自分と同じかと思えば、小さな女の子のような影も過ぎ去った夏の一枚写真のようだった。
そのまま,44,44,9人目,104,0.07087099953987659,雨上がりの道を歩いていた時、水たまりで満ち溢れ全てが静寂に包まれていて、中学生時代と似通うように思われ、そのような中学校時代の自分と同じかと思えば、小さな女の子のような影も過ぎ去った夏の一枚写真のようだった。
そのまま,44,44,10人目,99,0.06233515192071523,雨上がりの道を歩いていた時、水たまりで満ち満て全てが静寂に包まれていて、中学生時代と似通うように思われ、そのような中学校時代の自分と同じかと思えば、小さな女の子のような影も夏の一枚写真のようだった。
そのまま,45,45,原文,89,1.0,雨上がりの道を歩いていた。足元はまだ濡れていて、色とりどりの傘の花が咲き乱れている。遠くには虹がかかり、子供たちが歓声を上げて走っていた。心が洗われるような、穏やかな一日だった。
そのまま,45,45,1人目,95,0.19725915645723469,道を歩いていた時はまだ足元も湿れて、色とりどりの花の傘が残っていて。遠くには虹のような光が見えたあたりで子供たちは走り出すのが分かった。今日は心もきれいにしながら過ぎていったような日だった。
そのまま,45,45,2人目,94,0.1985163512614717,道を歩いていた時はまだ足元も湿れて、色とりどりの花の傘が残っていて、遠くには虹のような光を見たあたりで子供たちは走り出すのが分かった。今日は心もきれいにしながら過ぎていったような日だった。
そのまま,45,45,3人目,90,0.2037631799920851,道を歩いていた時はまだ足元も湿れて、色とりどりの花が残っていたし、遠くには虹のような光を見たあたりで子供たちは走り出すのが分かった。今日の様子もきれいに過ぎていったような日だった。
そのまま,45,45,4人目,90,0.2037631799920851,道を歩いていた時はまだ足元も湿れて、色とりどりの花が残っていたし、遠くには虹のような光を見たあたりで子供たちは走り出すのが分かった。今日の様子もきれいに過ぎていったような日だった。
そのまま,45,45,5人目,91,0.16030621262687195,道を歩いていた時はまだ足元も湿れて、色とりどりの花が残っていたし、虹のような光が見えたあたりで子供たちは走り出すのが分かった。それから今日の様子もきれいに過ぎていったような日だった。
そのまま,45,45,6人目,92,0.1628005782568493,道を歩いていた時はまだ足元も湿れて、色とりどりの花が残っていたし、その虹のような光を見たあたりで子供たちは走り出すのが分かった。それから今日の様子もきれいに過ぎていったような日だった。
そのまま,45,45,7人目,61,0.14939307122452916,道を歩いていた時はまだ足元も湿れて、色とりどりの花が残っていたし、その虹のような光を見たあたりで子供たちは走り出し始めた。
そのまま,45,45,8人目,60,0.07626308565389142,足元の水も少しずつ減ってきて、色とりどりの花が散り始めていた頃になると、子供たちはみな一緒に大人たちの方へ戻りはじめた。
そのまま,45,45,9人目,73,0.04982722068004665,子供たちはみんな一緒に大人たちの向かいに戻るようになってきたのです。水も少しずつ減ってきて、今度は色とりどりの花が地面から一本一本生えてきました。
そのまま,45,45,10人目,77,0.02638983639254968,家族で一緒に大人たちの向かいを目指すようになってきた子供たちは、水も少しずつ減り始めると、今度は色とりどりの小さな花が地面から一人ずつ生えていく様子です。
そのまま,46,46,原文,97,1.0,明治維新は、幕末の動乱期に、武士階級を中心とした政治勢力が皇室を擁立し、江戸幕府を倒したことで成立した。新しい国家体制が築かれ、近代化政策が進められた。社会構造や文化にも大きな変化をもたらした。
そのまま,46,46,1人目,79,0.31888120349060933,明治維新は幕末の混乱期に、武士による皇室擁立と江戸幕府倒壊により成立し、新たな国家体制が形成され近代化政策が始まったことで社会と文化に大きな変化をもたらした。
そのまま,46,46,2人目,78,0.33800617040457875,明治維新は幕末の混乱期に、武士による皇室擁立と江戸幕府倒壊により成立し、新たな国家体制を確立し、近代化政策が始まったことで社会文化に大きな変化をもたらした。
そのまま,46,46,3人目,73,0.19446918014944642,維新は幕末の混乱期に起こり、武士による皇室擁立や江戸幕府の倒壊により成立し、新しい国家体制と近代化政策によって社会文化に大きく変化した時代だった。
そのまま,46,46,4人目,81,0.14081158056851517,維新は武士による皇室擁立や江戸幕府の倒壊を契機として起きた、当時の混乱期に起こった改革で、新しい国家体制と近代化政策により日本社会は大きな変化を遂げた時代だった。
そのまま,46,46,5人目,57,0.06685087975665469,維新は、日本社会の大きな変化が起こった時期であった。国民の憲法認識も高まり、政府への信頼が深まっていった頃でした。
そのまま,46,46,6人目,28,0.032811909872037456,政治家の議会や地方自治の民主的発展が促進されていました。
そのまま,46,46,7人目,36,0.0346696696460598,政治家に権威が与えられていた頃から、それらの活動も変わり始めていました。
そのまま,46,46,8人目,55,0.01644836014483923,政治家としての彼らは以前のように影響力を保っていたのは昔の話で、現在ではその影響力が衰えていることが多いです。
そのまま,46,46,9人目,82,0.007117852789915707,そのためには、彼らの実績や政策などが現在の世代に広く伝わっている必要があります。また、そのような情報を提供するためのメディアが充実していることも要因の一つでしょう。
そのまま,46,46,10人目,100,0.021024131943954326,彼らにとって重要なのは、過去の歴史や人物の実績が現在の人々に知られていることです。例えば、政治家の政策やその結果はよく知られています。また、そのような情報を広く共有するためのメディアも充実しています。
そのまま,47,47,原文,100,1.0,明治維新は、1868年、江戸幕府が倒れ、天皇を中心とした新しい政府が成立した。武士階級による政治改革が進み、欧米列強との貿易が開かれた。社会構造や文化が大きく変化し、近代日本へと移行する契機となった。
そのまま,47,47,1人目,112,0.22986506306722077,明治維新は、1868年に江戸幕府が崩壊し、天皇を中心とする新しい政権が生まれた。これにより、武士たちの政治的な力が弱まり、欧米との交流が活発になった。その結果、新しい社会的・文化的風潮が日本に広がり、近代化の道筋が示された。
そのまま,47,47,2人目,105,0.17772582175336554,明治維新は1868年に幕府が滅亡し、天皇を中心とする新政権が設立された。これにより、武士の政治力が弱まり、欧米との交流が活発になった。その結果、新しい社会的・文化的風潮が日本に広がり、近代化への道筋が示された。
そのまま,47,47,3人目,101,0.13668346263396455,明治維新は1868年に幕府が崩壊し、日本の政治が大きく変わり、新しい政権が立ち上がった。これにより、武士の力が減少し、外国との交流も活発になった。その結果、新たな文化的風潮が広がり日本に新時代が訪れた。
そのまま,47,47,4人目,87,0.08197209323282403,明治維新は幕府の滅亡とともに政治的大変化が起こり、新しい政権を生み出し武士の勢いが衰え、外国との交流も活発となった。そのため、新たな文化的流れが広がって日本に新時代が訪れた。
そのまま,47,47,5人目,44,0.05390394213337847,明治維新の結果政治の大変化が起こり、外国との交流も活発となり、日本は新しい時代を迎えた。
そのまま,47,47,6人目,48,0.03341120112771656,明治政府の成立によって日本の政情も大きく変わり、新たな国際関係の構築にもつながったことがわかる。
そのまま,47,47,7人目,46,0.10283247914701166,明治政府の発足により、国が大きく変化したと考えられる。また新しい国際関係が形作られていった。
そのまま,47,47,8人目,68,0.07801704968336991,明治の政権が成立したことで、政治や社会が大きく変わることになったと考える人が多い。そして日本は世界中とのつながりも深まっていったそうだ。
そのまま,47,47,9人目,64,0.022056694908792196,明治の政権が立つことができたので、その政治や生活は大きく変わると思う。日本も他の国とももっとつながって来てくれたような気がする。
そのまま,47,47,10人目,39,0.03693655637434435,明治政権が実現したことで、日本が世界に積極的に開かれていった様子が想像できる。
そのまま,48,48,原文,85,1.0,明治維新後、富国強兵のため殖産興業を推進し、日本銀行の設立や官営工場の建設などが行われた。これにより、近代的な経済基盤が整備され、工業化へと向かう大きな一歩を踏み出した。
そのまま,48,48,1人目,88,0.2732063896151345,明治維新後、殖産興業に力を入れながら、日本銀行創設と官営工場の建設を行い、経済基盤が整えられた。これにより、近代的経済体制を築き上げ、工業化を目指す大きな第一歩が踏み出された。
そのまま,48,48,2人目,95,0.15289100892191124,明治維新後、日本は殖産興業に力を入れ、それによって日本銀行と官営工場の建設を行いました。その結果、国民生活の基本的な基盤が作り替えられ、新しい経済社会を構築する第一歩が大きく踏み出しました。
そのまま,48,48,3人目,95,0.0768806975592195,明治維新のあとは、日本は殖産興業に力を入れて、日本銀行や官営工場を作って、国民生活の基本的なものづくりの形を変え、それで経済の基盤が作り直され、新しい社会をつくるための第一歩が大きく進んだ。
そのまま,48,48,4人目,83,0.1596423114278186,明治維新後の日本は殖産興業に力を入れ、日本銀行や官営工場を作った。これにより国民生活のものづくりの基本形を変え、経済基盤が作り直され、新社会の第一歩が大きく前進した。
そのまま,48,48,5人目,100,0.139232662143126,明治維新後の日本は殖産興業に力を入れ、国の金融政策も一新し、日本銀行や官営工場などが創設された。これにより国民生活のものづくりの根本的な形が変わり、新しい社会の基礎作りが始まる第一歩が大きく前進した。
そのまま,48,48,6人目,106,0.12818958859969584,明治維新後日本は殖産興業を大切にし、国の金融政策も大きく変わった。そして、日本銀行や官営工場などが作られた。これにより国民生活のものづくりの根本的な形が変わり、新しい社会の基礎作りが始まる第一歩が大きく前進した。
そのまま,48,48,7人目,112,0.16552616797507583,明治維新後の日本は殖産興業を重視し、財政政策にも大きな影響が生まれた。そして、日本銀行や官営工場などの設立が行われた。これにより国民生活の原動力であるものづくりのシステムが変わり、新しい社会の基礎作りが進んだ第一歩となった。
そのまま,48,48,8人目,98,0.07648129175580626,明治維新後、殖産興業を重視して日本銀行や官営工場も設立された。そして財政政策にも影響があって、国民生活のはたらきを持つものづくりのシステムは大きく変わり、まさに新しい社会の礎を作る第一歩となった。
そのまま,48,48,9人目,91,0.05020426522189029,明治政府は殖産興業を重視して日本銀行や官営工場を設立し、それが財政政策にも影響を与え、国民生活のはたらきを持つものづくりのシステムは大きく変わり、新しい社会の礎を作る第一歩となった。
そのまま,48,48,10人目,94,0.062293866467031306,明治政府が殖産興業に力を入れ、日本銀行や官営工場を設立し、それにより財政政策にも影響を与え、国民生活のはたらきを持つものづくりのシステムは大きく変わり、新しい社会の礎を作る第一歩となった。
そのまま,49,49,原文,98,1.0,明治維新の際、薩摩藩を中心とする倒幕派が、江戸幕府に代わる新しい政治体制を樹立するため、武力蜂起を行い、朝廷を支援した。この結果、天皇を頂点とした明治政府が成立し、近代国家としての基礎が築かれた。
そのまま,49,49,1人目,70,0.42293498956865794,明治維新の際、薩摩藩を中心とする倒幕派が武力蜂起を行い朝廷を支持。これにより天皇を頂点とする明治政府が発足し、近代化国家の基盤が確立された。
そのまま,49,49,2人目,55,0.13027852502505566,明治政府は天皇を頂点とし、近代化国家の基礎となり、国民全員に平等の権利が認められ、自由と公正な社会を目指した。
そのまま,49,49,3人目,42,0.023335234312218518,明治の時代、それから続いた後も日本国にはあくまでも天皇第一という考え方がありました。
そのまま,49,49,4人目,61,0.010956162546042945,天皇が第一という日本の伝統がいつまで続いてきたかはわかりませんが、その間にも明らかにしたい出来事や人物、考え方があります。
そのまま,49,49,5人目,102,0.00504827907850527,日本の伝統であるといわれる「天皇第一」の制度がいつまで続いているのか明らかではありません。しかし、長く継承されてきた日本の歴史の中には、そのような考え方を反映している明らかな出来事や人物もあると思います。
そのまま,49,49,6人目,70,0.009182584436249001,日本の国民は、現在もその伝統に共感し尊敬する気持ちを持っています。日本の歴史の中では、「天皇第一」の思想が実際に発動したときが分かりますか。
そのまま,49,49,7人目,69,0.014969559042701594,日本の国民は、その伝統を今でも深く理解して慕っているのです。日本の歴史の中で、もっとも影響力のある「天皇第一」という考え方が出現しました。
そのまま,49,49,8人目,100,0.026450788101677895,日本ではその伝統が今でも深く残っており、日本人が尊敬する存在として、その考え方は非常に重要な位置を占めています。日本の歴史の中で、その考え方はもっとも影響力のある「天皇第一」という思想が出現しました。
そのまま,49,49,9人目,99,0.02608638535385565,日本ではその伝統が今でも深く残っており、日本人が尊敬する存在として、その考え方は非常に重要な位置を占めています。また、歴史の中でその考え方はもっとも影響力のある「天皇第一」という思想が出現しました。
そのまま,49,49,10人目,104,0.018703771610953338,日本ではその伝統が今でも深く残っており、日本人が尊敬する存在として、その考え方は非常に重要な位置を占めています。しかし、そのような考え方は昔から続いてきていますし、多くの人にとってそれはとても大切なものです。
そのまま,50,50,原文,90,1.0,明治維新の際、薩摩藩を中心とする倒幕派が、朝廷に圧力をかけ、江戸幕府を打倒した。武力衝突や政治的駆け引きを経て、天皇を中心とした新しい国家体制が樹立され、近代日本の基礎が築かれた。
そのまま,50,50,1人目,81,0.25204659254647294,明治維新で薩摩藩は、朝廷に圧力をかけて江戸幕府を倒した。それから、武力などを使いながら政治で駆け引きをするも、天皇がいちばん中心になって、新しい国家の形を作った。
そのまま,50,50,2人目,41,0.07621614284802809,明治維新で薩摩藩が政治で強く働いて朝廷に力を与えた。それから、朝廷は政府を率いた。
そのまま,50,50,3人目,52,0.03129772297876854,薩摩藩が朝廷の政治的影響力を高めると、その権威により後に関白も政府の実質的なリーダーとして機能し始めた。
そのまま,50,50,4人目,46,0.022888847679600866,薩摩藩が朝廷に与えた影響で、それらの権威により、関白は実質的に政府を率い始めるようになった。
そのまま,50,50,5人目,50,0.019489469854786754,朝廷への薩摩藩の影響力により、その政治家の信頼によって実際的な政治を行う役目を持つことになりました。
そのまま,50,50,6人目,54,0.017555671029036695,朝廷へ薩摩が影響力を与え、それはその政治家に強い信頼をもたらし実際の政治を行うことができる立場となりました。
そのまま,50,50,7人目,35,0.022820788077162254,朝廷と薩摩はつながり、そこからそれが政治に反映されるようになりました。
そのまま,50,50,8人目,31,0.005311427914846275,朝廷の政治が薩摩の交流によって影響を受けるようになっています。
そのまま,50,50,9人目,29,0.03154121474952699,薩摩藩との交流の結果として朝廷の政治が大きく変わりました。
そのまま,50,50,10人目,25,0.035953867429271355,薩摩藩との交渉の影響で天皇の権限が強化されました。
要約,2,2,原文,109,1.0,2023年11月、日本各地で記録的な大雨となり、河川の氾濫や土砂災害が発生しました。多くの住民が避難を余儀なくされ、交通機関にも大きな影響が出ました。緊急の支援活動が行われ、被害状況の把握と復旧作業が進められています。
要約,2,2,1人目,45,0.2623771273846761,日本各地で記録的大雨となり河川氾濫や土砂災害が発生し避難者が多数出た交通にも影響が出ている
要約,2,2,2人目,37,0.18338835715027574,日本各地で大雨による河川氾濫や土砂災害が発生して多数の避難者が出ています。
要約,2,2,3人目,23,0.06017379914560436,日本で大雨により多くの人たちが避難しています。
要約,2,2,4人目,28,0.02735144574782046,日本で強い雨が降りたくさんの人が家から出ていっています。
要約,2,2,5人目,31,0.055539394524030755,日本で大きな雨が降っているため、多くの人々は家に戻っています。
要約,2,2,6人目,23,0.04138873301475345,日本では今、大雨で多くの人が家に帰っています。
要約,2,2,7人目,20,0.04907901901853599,日本の住民は大雨で自宅へ避難しています。
要約,2,2,8人目,18,0.026113762259703185,日本が大雨に襲われ住民は避難中です。
要約,2,2,9人目,14,0.12674803723895312,日本の住民が避難しています。
要約,2,2,10人目,12,0.09337261646723644,日本の住民が避難中です。
要約,4,4,原文,123,1.0,2023年11月、大阪府吹田市で、深夜に発生した大規模停電が市民生活を混乱させた。電力供給の停止により、多くの家や店舗が営業できず、交通機関にも影響が出た。原因は送電線のショートで、復旧作業には長時間かかり、地域住民は徐々に電気復旧へと向かった。
要約,4,4,1人目,45,0.3611679525284151,11月、大阪府吹田市で深夜に発生した停電が生活を混乱させた。原因は送電線のショートだった。
要約,4,4,2人目,32,0.16971322210448866,11月、大阪府吹田市の深夜に停電があった。原因は送電線の問題だ。
要約,4,4,3人目,33,0.10984543297280111,11月、大阪府吹田市で深夜に停電があったのは、送電線が原因だった。
要約,4,4,4人目,29,0.11908198605509679,11月、大阪府吹田市で深夜の停電は送電線によるものだった。
要約,4,4,5人目,35,0.10493217859407283,大阪府吹田市で11月の深夜に停電があったが、その原因は送電線にあった。
要約,4,4,6人目,27,0.0940656659894443,11月深夜、大阪府吹田市で停電があったことがわかった。
要約,4,4,7人目,29,0.026879852857146384,大阪府の某所で大勢の人がいる時間に停電が起こったと聞いた。
要約,4,4,8人目,29,0.025897756351506138,大阪県で数百人以上が集まっている時に電気が落ちてしまった。
要約,4,4,9人目,33,0.048272642337494606,大阪の場所で多くの人が集まったときに電気がなくなってしまいました。
要約,4,4,10人目,31,0.014430280757937793,大阪のある場所で大勢が集まっている時に突然電気が止まりました。
要約,1,1,原文,96,1.0,2023年11月、気象庁が記録的な大雨による河川の氾濫を予測し、避難指示を発令した。多くの住民が安全な場所に移動し、都市部では交通網が麻痺した。被害状況の詳細な調査と復旧作業が進められている。
要約,1,1,1人目,35,0.24309671123519547,気象庁は2023年11月に大雨による氾濫を予測し避難指示を出していた。
要約,1,1,2人目,41,0.11051981929133012,気象庁は大雨により水があふれることを2023年11月に予測し避難準備を求めていた。
要約,1,1,3人目,44,0.08151127633410321,気象庁は、大雨で水があふれると2023年11月に言って、避難を準備するように言っていた。
要約,1,1,4人目,39,0.03174851619546973,気象庁は11月の大雨について、水があふれそうだと言って避難の準備が必要だった。
要約,1,1,5人目,57,0.025179535095975904,気象庁は11月の大雨について、水があふれる危険があると言い、今のうちに避難する準備をしてほしいと言うことを伝えた。
要約,1,1,6人目,31,0.05746785338142317,気象庁は今のうちに大雨による水のたまり方の危険性を認めている。
要約,1,1,7人目,29,0.06165461513794641,気象庁は今のうちに大雨による水のたまり方の警戒をしている。
要約,1,1,8人目,21,0.055426099025792624,気象庁が水のたまり方について注意している。
要約,1,1,9人目,12,0.03820511917822386,日本で大雨が降っている。
要約,1,1,10人目,14,0.018780514242063066,日本では大雨が降っています。
要約,3,3,原文,99,1.0,2023年11月、AIモデルが初めて将棋のプロ棋士に勝利し、囲碁やチェスといった他のゲームでも目覚ましい成果を上げ始めた。これはAI技術の進化と、ゲームにおける戦略理解能力の向上を示す出来事である。
要約,3,3,1人目,65,0.2345436494980717,2023年11月、AIモデルが初めて将棋のプロ棋士に勝利したことがあり、このようなゲームでAIの力が高まっていることを示している。
要約,3,3,2人目,32,0.15785244279500063,AIは2023年11月に初めて将棋のプロ棋士に勝ったことがある。
要約,3,3,3人目,30,0.17062860629896986,AIが初めて将棋のプロ棋士に勝ったのは2023年11月です。
要約,3,3,4人目,32,0.15116084079535536,AIが初めて将棋のプロ棋士に勝ったのは2023年の11月でした。
要約,3,3,5人目,28,0.1255369869890494,AIが初めて将棋のプロに勝ったのは2023年11月です。
要約,3,3,6人目,25,0.07325267129219795,AIが将棋のプロに勝つのは2023年11月でした。
要約,3,3,7人目,26,0.08644704353166748,AIが将棋のプロに勝ったのは2023年11月でした。
要約,3,3,8人目,27,0.05629554149644309,AIが将棋のプロと勝負したのが2023年11月でした。
要約,3,3,9人目,28,0.04253663570726156,AIがプロの棋士と対局をしたのは2023年11月でした。
要約,3,3,10人目,27,0.049861521430616035,AIは2023年11月にプロの棋士と対局を行いました。
要約,5,5,原文,95,1.0,2023年9月、東京都内で記録的な集中豪雨が発生し、河川の氾濫や土砂災害を引き起こしました。多くの住民が避難を余儀なくされ、交通網は大混乱に陥りました。重力災害として警戒が必要な状況でした。
要約,5,5,1人目,72,0.616072815144798,2023年9月、東京都内で記録的な集中豪雨により河川の氾濫や土砂災害が発生し、多くの住民が避難を余儀なくされました。交通網も大混乱に陥りました。
要約,5,5,2人目,48,0.1997950272268493,東京都内で2023年9月に集中豪雨があり、河川が氾濫して土砂災害になり、住民に避難を強いました。
要約,5,5,3人目,37,0.15014123654883424,東京都内で2023年9月の豪雨により、氾濫した河川で土砂災害が起きました。
要約,5,5,4人目,31,0.11538339798865775,東京都内の河川で2023年9月の豪雨による土砂災害があります。
要約,5,5,5人目,25,0.1526191116395082,東京都内の河川で豪雨により土砂災害が発生しました。
要約,5,5,6人目,29,0.061442922710608756,東京の河川で大量に降った雨から大きな土砂災害がありました。
要約,5,5,7人目,33,0.12523237259156852,大量の雨が降った結果、東京の河川では大きな土砂災害が発生しました。
要約,5,5,8人目,20,0.12312368021697133,東京の河川で多くの土砂災害がありました。
要約,5,5,9人目,17,0.0584366609081324,東京の近辺で土砂が山崩れしました。
要約,5,5,10人目,17,0.05677626192953541,近くの都区で地すべりがありました。
要約,6,6,原文,102,1.0,ある患者が、高血圧と糖尿病を合併しており、症状の悪化を防ぐため、医師が複数の薬剤を処方した。その後、定期的な検査の結果、血糖値と血圧が改善し、生活習慣の見直しも実施されたことで、健康状態が良好に回復した。
要約,6,6,1人目,51,0.2712327647084278,患者は高血圧と糖尿病を併発していたため複数の薬剤を処方され、その後定期検査で血糖値と血圧が改善された。
要約,6,6,2人目,37,0.18462175883849744,高血圧と糖尿病が併発し、複数の薬剤を服用した後、血糖値や血圧は改善された。
要約,6,6,3人目,28,0.09654332550502528,高血圧と糖尿病が悪化した人が多くの薬を使って治療された。
要約,6,6,4人目,26,0.06124282864032334,高血圧と糖尿病の患者の数が増えていることが問題です。
要約,6,6,5人目,25,0.02910944407518495,高血圧や糖尿病の患者の人が増えて困っている状況だ。
要約,6,6,6人目,15,0.03428658016541675,高血圧や糖尿病の人が増えている
要約,6,6,7人目,6,0.0,肥満率が高い
要約,6,6,8人目,12,0.0,肥満率が高くなっています
要約,6,6,9人目,11,0.011603970652968854,肥満率が増加しています
要約,6,6,10人目,6,0.0,肥満率が高い
要約,7,7,原文,112,1.0,高齢女性が、急な胸痛を訴え救急外来を受診した。心電図検査の結果、急性心筋梗塞と診断され、速やかに経皮的冠動脈インターベンション（PCI）を受けれた。適切な処置により、梗塞部位の血流を再開させ、症状は改善し、入院治療となった。
要約,7,7,1人目,65,0.47066705642209083,高齢女性が急な胸痛で救急外来を受診した結果、急性心筋梗塞だと診断され、PCIを受けれた。処置により症状が改善し、入院治療となった。
要約,7,7,2人目,28,0.22021601580614142,高齢女性は急性心筋梗塞と診断され、PCIの処置を受けた。
要約,7,7,3人目,22,0.1578113576129199,高齢女性が急性心筋梗塞でPCI治療を受けた。
要約,7,7,4人目,21,0.14211031485013678,高齢の女性が急性心筋梗塞でPCIを受けた。
要約,7,7,5人目,26,0.0315886327204192,高齢の女性が心臓の血流の問題が起きたということです。
要約,7,7,6人目,20,0.03033327437916662,高齢の女性は心臓の血流の問題があります。
要約,7,7,7人目,15,0.015019011063634236,高齢の女性が心臓の問題がある。
要約,7,7,8人目,14,0.005495813049269228,高齢の女性は心臓の病気です。
要約,7,7,9人目,18,0.01590459029027473,高齢で、高齢の女性が心臓の病気です。
要約,7,7,10人目,17,0.003981669421427858,高齢で、心臓の病気のある女性です。
要約,8,8,原文,92,1.0,2023年5月12日、新宿駅構内にて、鑑賞中だった女性が突然倒れた。周囲の男性が駆けつけ、救急隊員が到着し、心停止の状態だった彼女は、AEDと酸素吸入により蘇生され、病院へ搬送された。
要約,8,8,1人目,65,0.5148509316864583,新宿駅構内で2023年5月12日、鑑賞中だった女性が突然倒れ、心停止の状態に陥ったが、男性たちによって蘇生され、病院へ搬送された。
要約,8,8,2人目,73,0.11355686197618692,女性は新宿駅構内の展望台で眺めていた所に意識を失い、心臓の電気刺激が必要な状況になりましたが、周りの男性たちにより蘇生され、病院まで運ばれました。
要約,8,8,3人目,41,0.15152182255135108,女性は新宿駅にある展望台で意識を失った。周囲の男性から助けられて病院に搬送された。
要約,8,8,4人目,35,0.022155177185224553,女性が新宿駅にある展望台で意識を失い、男性から助けられ病院に入院した。
要約,8,8,5人目,42,0.09748464232607323,新宿駅の展望台で女性が意識を失ったのは男性によって発見され、その後病院に搬送された。
要約,8,8,6人目,44,0.044842296799347016,新宿駅の展望台で女性がその場所で意識を失い、そこで男性によって発見されて病院に運ばれた。
要約,8,8,7人目,33,0.08042188394148397,新宿駅の展望台で女性が気絶し、男性が見つけると病院へ連れて行った。
要約,8,8,8人目,35,0.08272310877637307,新宿駅の展望台で女性が気絶したところを男性に発見され病院に搬送された。
要約,8,8,9人目,25,0.03182361775922432,新宿駅の展望台で女性が気絶しているのが見つかった。
要約,8,8,10人目,27,0.035980853001890856,新宿駅近くの展望台で女性が倒れているところを見つけた。
要約,9,9,原文,96,1.0,ある日、高齢女性が急な胸痛に襲われ、自宅で救急隊員に発見されました。心電図検査の結果、不整脈と判断され、速報で速やかに病院へ搬送されました。状態は安定しており、詳細な診察へとつなげられました。
要約,9,9,1人目,70,0.7508121747040324,ある日、高齢女性が胸痛に襲われ、自宅で救急隊員に発見されました。她は不整脈と判断され、速やかに病院へ搬送されました。状態は安定していました。
要約,9,9,2人目,31,0.17286240532733804,高齢女性は自宅で胸痛を訴え、不整脈と診断され病院に搬送された。
要約,9,9,3人目,23,0.07364146210806063,高齢の女性が胸痛があり、不整脈とわかっただけ。
要約,9,9,4人目,15,0.014626178157799192,高齢の女性に胸痛があるという。
要約,9,9,5人目,12,0.0178182027958829,高齢の女性は胸痛がある。
要約,9,9,6人目,12,0.01945890084544399,高齢の女性に胸痛がある。
要約,9,9,7人目,20,0.05363044016373418,高齢の女性に胸痛があることが報告された。
要約,9,9,8人目,17,0.018563205016745025,高齢の女性が胸痛で症状を訴えている
要約,9,9,9人目,19,0.01016057588040837,老人女性が胸苦しさで病気だと感じている
要約,9,9,10人目,13,0.018539300027117914,老人女性が胸痛を訴えている
要約,10,10,原文,107,1.0,患者A氏は、高血圧と糖尿病を合併しており、自宅で服薬していた薬の効果が不十分であった。定期的な受診の結果、医師は生活習慣の改善と降圧剤の追加処方を行った。その後、血圧と血糖値が安定し、心血管疾患のリスクが低下した。
要約,10,10,1人目,86,0.6564667996303235,患者A氏は、高血圧と糖尿病を合併しており、服薬していたが効果が不十分であった。医師は生活習慣の改善と降圧剤の追加処方を行い、結果として血圧と血糖値が安定しリスクが低下した。
要約,10,10,2人目,70,0.33310873171238903,患者A氏は、高血圧や糖尿病を抱えていたが、服薬だけでは効果がなかった。医師は生活習慣の改善と薬剤の追加で、結果として血圧と血糖値が安定した。
要約,10,10,3人目,48,0.08235112744573095,高血圧・糖尿病を患う患者Aは、治療に服薬のみでは効果が無く、さらに生活習慣を改めることができた。
要約,10,10,4人目,42,0.06373410260836501,患う高血圧・糖尿病の患者Aは、医師から薬だけでは効果がなければならないと伝えられた。
要約,10,10,5人目,44,0.04775545069056879,患う高血圧の男性の人は、高血圧や糖尿病について薬を使わなくても効果があることを言われた。
要約,10,10,6人目,30,0.03416392449566274,患う高血圧の男性は、薬を取らずとも治療できる方法がわかった。
要約,10,10,7人目,42,0.015245271450307683,この人に、高血圧が悪くて困っている人がいて、薬を飲まなくても治せることが分かってきた
要約,10,10,8人目,35,0.034219407490371126,この人が高血圧で苦しんでいる人がいて、その病気を治す方法が見つかった。
要約,10,10,9人目,22,0.04951259772163519,この人にいる誰かは、高血圧という病気がある。
要約,10,10,10人目,17,0.04558314006540026,その人には高血圧という病気がある。
要約,11,11,原文,108,1.0,2023年7月1日、広島県呉市で発生したM5.6地震が、船舶を航行させていた船員らに揺れを感じさせました。被害状況は直情の軽微でしたが、周辺地域では一部の建物に損傷が発生し、海上保安庁による迅速な対応が行われました。
要約,11,11,1人目,30,0.3301483684088903,広島県呉市で2023年7月1日にM5.6地震が発生しました。
要約,11,11,2人目,20,0.1448305888018868,広島県呉市でM5.6の地震がありました。
要約,11,11,3人目,16,0.10893027297574889,広島県呉市に地震が起こりました。
要約,11,11,4人目,16,0.03201164611155747,広島県の呉市で地震があったです。
要約,11,11,5人目,20,0.07829977104079539,広島県の呉市で大きな地震が起こりました。
要約,11,11,6人目,16,0.10379630188465391,広島県の呉市で地震がありました。
要約,11,11,7人目,14,0.044859311498411644,広島県の呉市で地震が起きた。
要約,11,11,8人目,10,0.03756619583499402,呉市で地震があった。
要約,11,11,9人目,25,0.0048402001534918245,中国にある地に起きた大きな波が呉市に影響を与えた。
要約,11,11,10人目,28,0.02904434691377098,中国の海で起きた大きな波は呉市にあった建物などを壊した。
要約,12,12,原文,112,1.0,2023年8月16日に、福島県沖でM5.8の地震が発生しました。震源部は陸地近く、津波警報が出されました。各地で揺れを感じ、一部地域では停電や物資の輸送に影響が出ました。緊急車両の通行が制限され、住民は避難指示に従いました。
要約,12,12,1人目,46,0.3111544616622083,福島県沖でM5.8の地震がありました。震源が近くて津波警報が出たため各地で揺れがありました。
要約,12,12,2人目,35,0.22325543368751963,福島県沖にM5.8の地震があり、震源が近いため各地で揺れを感じました。
要約,12,12,3人目,17,0.12220927745076998,福島県沖にM5.8の地震があった。
要約,12,12,4人目,16,0.1456549105306311,福島県沖に大きな地震が発生した。
要約,12,12,5人目,34,0.061784285183534446,福島県沖の海で大きくて深さは10メートル以上の地殻変動がありました。
要約,12,12,6人目,20,0.20571856028782107,福島県沖の海で大きな地震が発生しました。
要約,12,12,7人目,14,0.039883235157208465,福島県沖に大地震が起こった。
要約,12,12,8人目,14,0.022859414429628203,福島県沖に大災害が起こった。
要約,12,12,9人目,18,0.11214400786528432,福島県沖で大きな出来事がありました。
要約,12,12,10人目,16,0.009795742975836276,福島県沖の海で問題が起きたです。
要約,13,13,原文,117,1.0,2024年3月16日に、静岡県中部と神奈川県中部において記録的な大雨が発生した。河川の氾濫や土砂災害が多発し、道路冠水による交通麻痺、家屋浸水被害など甚大な被害をもたらした。多くの地域で避難指示が出され、住民生活に大きな影響を与えた。
要約,13,13,1人目,87,0.42508411017142017,静岡県中部と神奈川県中部で記録的大雨が2024年3月16日に発生し、それにより河川の氾濁や土砂災害が多く発生した。多くの地域で避難指令が出された結果、家屋浸水被害が広がった。
要約,13,13,2人目,71,0.2553953065867448,静岡県中部と神奈川県中部で記録的大雨があり、それにより河川の氾濁や土砂災害が多く発生した。また、避難指令が出た地域では家屋浸水被害が広がった。
要約,13,13,3人目,73,0.11756076027824458,静岡県の中盤と神奈川県の中盤で大雨が降り、そこに流れた河川の水位の上昇による災害と土砂災害が発生した。また、避難指令が出た場所では家屋が浸水した。
要約,13,13,4人目,51,0.17254709143106334,静岡県中部や神奈川県中部で大雨が降り、そこに流れた河川の水位の上昇による災害や土砂災害などが発生した。
要約,13,13,5人目,32,0.05938399132624125,静岡県の中部と神奈川県の中部で大雨があり、それで洪水が起こった。
要約,13,13,6人目,26,0.09026108051769471,静岡県中部・神奈川県中部で大雨があり、洪水が起きた。
要約,13,13,7人目,23,0.10833818806023628,静岡県中部と神奈川県の中で大雨により水没した。
要約,13,13,8人目,21,0.03311343100665273,静岡県、中神奈川の所々大雨による水害です。
要約,13,13,9人目,18,0.04968780685624689,中神奈川や静岡県で大雨がありました。
要約,13,13,10人目,18,0.04895283264787134,中神奈川や静岡県で大雨が降りました。
要約,14,14,原文,145,1.0,2023年8月15日、西日本を中心に記録的な豪雨となり、多くの地域で河川の氾濫が発生した。道路交通網が寸断され、鉄道も運転を見合わせるなど、移動手段に大きな支障が出た。避難指示区域は拡大し、住民の生活基盤が脅かされた。重度の浸水被害により、家屋や農地が冠水し、甚大な経済的損失をもたらした。
要約,14,14,1人目,62,0.24830599910243975,西日本で2023年8月15日記録的な豪雨があり、多くの地域で氾濫が発生したことがあり、そのため道路と鉄道の運行に支障が出た。
要約,14,14,2人目,40,0.06935878758785505,西日本で2023年8月15日豪雨があり、氾濁による道路・鉄路の運行不通となった。
要約,14,14,3人目,36,0.08244270421950287,西日本で2023年8月15日の大雨により、道路や鉄路が使用不能になった。
要約,14,14,4人目,28,0.048316135566489296,西日本で2023年8月の大雨により道路が使えなくなった。
要約,14,14,5人目,28,0.050154096831058155,2023年8月の西日本大雨により道路が通行止めになった。
要約,14,14,6人目,40,0.036948729912420694,2023年8月に西日本で大雨があり、その影響で道路は通行ができない状態になった。
要約,14,14,7人目,30,0.05849416199517285,2023年の8月の西日本の大雨で道路が通行不能になりました。
要約,14,14,8人目,26,0.0841727634401793,2023年8月に西日本で大雨があり道路が閉鎖された。
要約,14,14,9人目,32,0.04992278389019303,2023年8月に西日本で大雨があり多くの道路が通行止めになった。
要約,14,14,10人目,40,0.039891803278762614,2023年に西日本の某所で大雨があり、それによって多くの道路が通行不能になった。
要約,15,15,原文,105,1.0,2024年5月2日、東京都八王子市で軟弱土層崩壊が発生し、道路の一部が冠水しました。周辺住民への避難指示が出され、交通機関に影響を及ぼした事態となりました。現場では応急処置が行われ、復旧作業が進められています。
要約,15,15,1人目,79,0.5091857073712504,2024年5月2日、東京都八王子市で軟弱土層崩壊が発生し、道路の一部が冠水した。周辺の住民を避難させ、交通に影響が出た。現場では応急処置を行い、復旧している。
要約,15,15,2人目,34,0.24677881084366896,2024年5月2日、八王子市で土壌崩壊があり、道路の一部が水没した。
要約,15,15,3人目,17,0.050014065308044975,八王子市の道路に土壌崩壊があった。
要約,15,15,4人目,17,0.033391763293480994,八王子市で路上の大きな穴ができた。
要約,15,15,5人目,19,0.08213330122531094,八王子市の市内で大きな穴がありました。
要約,15,15,6人目,21,0.07589527663665108,八王子市の中心付近に大きな穴がありました。
要約,15,15,7人目,22,0.06745758549917133,八王子市の中にある大きな穴が見つかりました。
要約,15,15,8人目,16,0.1018891486750371,八王子市に大きな穴がありました。
要約,15,15,9人目,15,0.021165754618328474,八王子市には大きな穴があった。
要約,15,15,10人目,27,0.009901780208523574,山梨県から移住した人はその穴で川に転落するのを助けた。
要約,16,16,原文,124,1.0,小学生の田中さんは、初めて運動会でリレーに選ばれ、緊張しながらもチームメイトと協力して走った。スタートの合図とともに、全速力で駆け抜け、ゴールを目指した。その時、転んでしまったが、すぐに立ち上がり、仲間たちに励まされ、最後まで走りきることができた。
要約,16,16,1人目,57,0.3999288087277769,小学生の田中さんは初めて運動会でリレーに選ばれ、チームと協力して走ったが転んでもゴールを目指し最後まで走りきった。
要約,16,16,2人目,33,0.2513648440241578,小学生の田中さんは運動会でリレーに選ばれてゴールを目指って走った。
要約,16,16,3人目,24,0.13169308911086133,小学生の田中さんが運動会でゴールに向けて走った。
要約,16,16,4人目,22,0.2213275425913524,小学生の田中さんは運動会でゴールを目指した。
要約,16,16,5人目,24,0.06170203450522865,小学生の田中さんが運動会でゴールに向かっている。
要約,16,16,6人目,28,0.06683837671937212,小学生の田中さんは運動会でゴールへの進路に集中している。
要約,16,16,7人目,20,0.06811011500967827,小学生の田中さんが運動会で競争している。
要約,16,16,8人目,15,0.027855075635238386,小学生が運動会で競争している。
要約,16,16,9人目,11,0.02355359176996233,小学生は運動会で競う。
要約,16,16,10人目,22,0.012919197269433049,小学生は学校で毎年行われる運動会で競争する。
要約,17,17,原文,92,1.0,小学生の図鑑コンテスト、地域文化に関する企画を選んだ。夕暮れの公園でカモフラージュ柄の野鳥を撮影し、その生態と分布について詳細にまとめた。受賞には至らなかったが、熱意と努力は報われた。
要約,17,17,1人目,71,0.5118981556771166,小学生の図鑑コンテストの地域文化の企画に入選した。夕暮れの公園でカモフラージュ柄の野鳥を撮影し、その分布について詳細に書いたが受賞はなかった。
要約,17,17,2人目,56,0.14039186446928426,小学生の図鑑コンテストの地域文化の企画に参加、小さい鳥の写真とその分布について書いて入選したが、受賞はなかった。
要約,17,17,3人目,37,0.16940557689711716,小学生の図鑑コンテストの地域文化の企画で入選したが、受賞にはいらなかった。
要約,17,17,4人目,36,0.10580762474999753,小学生の図鑑コンテストに地域文化の企画で入選したが、受賞はできなかった。
要約,17,17,5人目,37,0.14179836764716008,小学生の図鑑コンテストでは地域文化の企画が入選したが、受賞にならなかった。
要約,17,17,6人目,33,0.09338262116637674,小学生の図鑑コンテストで地域文化の企画が入選したが、受賞は逃した。
要約,17,17,7人目,33,0.10480723348379467,小学生の図鑑コンテストで地域文化の企画が入賞したが受賞しなかった。
要約,17,17,8人目,40,0.08196009797887953,小学生の図鑑コンテストで地区文化のテーマは入賞したが、最終選考では受賞に漏れた。
要約,17,17,9人目,24,0.05139161377306742,小学生の図鑑コンテストで地区文化テーマで入賞した
要約,17,17,10人目,16,0.07308869854698993,小学生の図鑑コンテストに入賞した
要約,18,18,原文,125,1.0,小学校の図工の時間、先生が子どもたちに粘土で動物を作るように指示した。豚をモチーフにした生徒が、最初はうまくできず困っていたが、先生の丁寧なアドバイスと励ましを受けて、徐々に鼻や耳の形を整え始めた。最後は、満足そうに完成させた豚を持って笑顔を見せた。
要約,18,18,1人目,89,0.25009584970157595,小学校で、先生が生徒たちに動物を作るよう指示した。生徒の一人だったのは豚のモデルになっていた。その生徒は難航し始めたが、先生が丁寧な助言と励ましがあって、徐々に形を整えていった。
要約,18,18,2人目,79,0.1788022545362067,小学校で先生が生徒たちに動物を作るよう指示したとき、一人の生徒は豚のモデルになっていた。その生徒は困難になったが、先生の助言と励ましがあって順調になり始めた。
要約,18,18,3人目,72,0.07160566358025591,小学校では先生が生徒たちに動物を作らせたとき、ある生徒は豚で使われることに気づいた。それは苦しい状況だったが先生が助けてくれたため順調になった。
要約,18,18,4人目,29,0.0694623279477557,小学校の作業で動物を作るとき、ある生徒は豚について考えた。
要約,18,18,5人目,20,0.04649026017532972,小学生が猪のような動物を作った時でした。
要約,18,18,6人目,18,0.05591382040630362,小学生が猪のような動物を作りました。
要約,18,18,7人目,28,0.04761722359809099,小学1年生の女の子が動物のモデルに豚を使って作りました。
要約,18,18,8人目,33,0.02447048900489201,小学１年生の女の子が動物の模型を作った時、その中身には豚を使った。
要約,18,18,9人目,28,0.021995041169977983,小学１年生の女の子は豚の中身を使って動物の模型を作った。
要約,18,18,10人目,28,0.021891186758390076,小学１年生の女の子が豚の中身を使って動物の模型を作った。
要約,19,19,原文,96,1.0,小学校の図工の時間、クラス全体で折り紙をしました。先生が丁寧に手順を教え、色とりどりの折り紙を使って平和の象徴である鳩を作りました。子供たちは集中して折り、完成した鳩を教室に飾り付けたのです。
要約,19,19,1人目,62,0.39535621030328366,小学校でクラス全体が一緒に折り紙をした時、先生は手順を丁寧に教え、平和の象徴である鳩を作るために色とりどりの折り紙を使った。
要約,19,19,2人目,36,0.09280914732005616,クラスの生徒全員が先生から鳩の折り方を学び、平和の象徴として鳩を作った。
要約,19,19,3人目,36,0.0749823855329795,クラスで先生が鳩の折り方を教えると、全員がそれを手につくって鳩を作った。
要約,19,19,4人目,17,0.0677151138563282,先生はクラスに鳩の折り方を教えた。
要約,19,19,5人目,22,0.14757793682707776,先生はクラスの生徒に鳩の折り方を教えました。
要約,19,19,6人目,22,0.14757793682707776,先生はクラスの生徒に鳩の折り方を教えました。
要約,19,19,7人目,20,0.036368069388965994,先生がクラスで鳩折りに取り組んでいます。
要約,19,19,8人目,22,0.027550414727301933,先生は鳩折りをクラスで学んでもらっています。
要約,19,19,9人目,18,0.02741609615279043,先生は鳩折りをクラスで教えています。
要約,19,19,10人目,23,0.026837311461884276,先生はクラスの間に鳩折りについて話しています。
要約,20,20,原文,94,1.0,ある夏の日、少年は古びたラジオ塔に迷い込んだ。錆び付いたアンテナの下で、子供たちは不思議な音を聴き、夕暮れ時の空に向かって手遊びをした。静寂と異質な波の交響音が、彼らの想像力を掻き立てた。
要約,20,20,1人目,45,0.4082328085968451,少年は古びたラジオ塔に迷い込み、子供たちが錆び付いたアンテナの下で不思議な音を聞いていた。
要約,20,20,2人目,33,0.2266329258194175,少年はラジオ塔に迷い込み、子供たちはそこで不思議な音を聞いていた。
要約,20,20,3人目,26,0.06498630551347627,少年が迷い込んだ場所では奇妙な声が聞こえていました。
要約,20,20,4人目,32,0.06363326113503141,少年は不思議な声に呼び寄せられるようにその場所へ迷い込みました。
要約,20,20,5人目,24,0.11465491670355993,少年は不思議な声に誘われてその場所へ迷い込んだ。
要約,20,20,6人目,22,0.046626896198262505,少年は不思議な声で呼びかけられた所へ行った。
要約,20,20,7人目,19,0.035159488899761455,少年は奇妙な声が聞こえた所へ向かった。
要約,20,20,8人目,19,0.032854806239093585,少年は怪しい声が聞こえた所へ向かった。
要約,20,20,9人目,20,0.04794235033618008,少年は不気味な声を聞いた場所へ向かった。
要約,20,20,10人目,43,0.04086624405138625,少年は不気味な声を聞いた場所へ向かったが、そこで何が待ち受けていたかはわからなかった。
要約,21,21,原文,101,1.0,ある晴れた日の午後、カフェで読書していた女性が、隣の席の男性の膝に落ちたコーヒーを偶然見かけた。彼は慌てて手を洗い、優しく彼女に謝罪し、同じ種類のコーヒーをもう一杯プレゼントした。穏やかな時間が流れた。
要約,21,21,1人目,65,0.4522625921243717,晴れた日の午後、女性が読書していたカフェで、男性の膝から落ちたコーヒーを見て、彼は慌てて謝罪し同じ種類のコーヒーをプレゼントした。
要約,21,21,2人目,40,0.09980059264400935,女性が読書しているとき、男性の膝からコーヒーが出たので男性は謝り同じものを買った
要約,21,21,3人目,47,0.09337475028525606,女性が本を読んでいたときに男性の膝からコーヒーが出てきた。男性は謝り、新しいコーヒーを買った。
要約,21,21,4人目,41,0.1570878984318962,女性が本を読む中、男性の膝からコーヒーが出た後、彼は謝罪し、別のコーヒーを買った。
要約,21,21,5人目,35,0.0480662255267038,女性が読む中、男の人のはいた膝からのコーヒーが出て、謝り新しい買った。
要約,21,21,6人目,28,0.07061657642470945,女性が読んでいて、男性の膝からコーヒーが出たので謝った。
要約,21,21,7人目,27,0.0605003754973569,女性が男の膝からコーヒーが出てしまったため謝りました。
要約,21,21,8人目,24,0.059727853388346866,女は男の下に置いたコーヒーが転落したので謝った。
要約,21,21,9人目,27,0.03719709029464804,彼女は男に置いていた飲み物が落ちてしまったので謝った。
要約,21,21,10人目,22,0.05544833342554455,彼の置いていた飲み物が落ちてしまってくれた。
要約,22,22,原文,111,1.0,都内で開催された大規模イベント会場において、突発的に天候が悪化し、強風と豪雨が発生。多くの参加者が避難を余儀なくされ、会場内の設備が一部破損した。緊急車両の出動や救助活動に要力を入れ、安全確保のためイベントは中断となった。
要約,22,22,1人目,44,0.28270869074020677,都内で大規模イベント会場の強風と豪雨で避難を余儀なくされ設備が破損したことがありました。
要約,22,22,2人目,29,0.13772615310169004,都内で強風と豪雨によるイベント会場の設備被害がありました。
要約,22,22,3人目,18,0.115440010956369,都内のイベント会場で設備が損傷した。
要約,22,22,4人目,19,0.11073195667823621,都のイベント会場に設備の問題があった。
要約,22,22,5人目,28,0.06429257012438426,都で行われていたイベントの会場で設備の不具合が発生した。
要約,22,22,6人目,18,0.12012007058057977,都で開催されたイベントで故障が起きた
要約,22,22,7人目,13,0.03903339987761501,都のイベントで問題があった
要約,22,22,8人目,14,0.02220827657154495,都のイベントがうまくいかない
要約,22,22,9人目,11,0.030096735732470736,都のイベント問題がある
要約,22,22,10人目,16,0.03226521411055426,都のイベントが問題になっている。
要約,23,23,原文,91,1.0,先日、近所の公園で迷子になった犬が保護されました。飼い主と再会し、安堵の表情を浮かべていました。その小さな命が無事に帰れたことには、地域の住民たちの迅速な行動と協力があったそうです。
要約,23,23,1人目,62,0.35693754613208895,近所の公園で迷子になった犬が保護され、飼い主と再会しました。地域の住民たちが急いで協力してくれたことが救いにつながりました。
要約,23,23,2人目,31,0.11240228800036171,近所の公園にいた迷子の犬は助けられ、元の飼い主と出会いました。
要約,23,23,3人目,29,0.19407494323987426,近所の公園で見つかった迷子の犬が元の飼い主と再会しました。
要約,23,23,4人目,24,0.09034626505232209,近くの公園で見つかった迷子の犬が家に帰りました。
要約,23,23,5人目,22,0.05110905478801511,近くの公園で見つかった迷子の犬は家に帰った。
要約,23,23,6人目,22,0.04673436415510862,近くの公園で見つかった迷子の犬が家に戻った。
要約,23,23,7人目,27,0.03125289042062068,近くの公園から発見された迷子の犬が自宅まで帰り着いた。
要約,23,23,8人目,21,0.019696232373175207,公園で見つけた迷子犬は持ち主の元に戻った。
要約,23,23,9人目,40,0.08445600369170024,公園で見つかった迷子の犬が、いつも通りの通りで発見者と再会することになりました。
要約,23,23,10人目,39,0.061423502194198294,公園で見つかった迷子犬が、元の場所の近くでその犬を探していた人と合流しました。
要約,24,24,原文,124,1.0,2023年5月14日、新宿駅の改札前で、一人の男性がスマートフォンを操作しながら人混みの中で待ち構えていた。彼は、着信音が鳴らない分、バッテリー残量を気にし、周囲の状況を注意深く観察していた。少しだけ空いていた場所へ移動し、再び画面に視線を戻した。
要約,24,24,1人目,31,0.18250366797942882,新宿駅改札前で男性はスマホを操作しながら人混ちの中を見ていた。
要約,24,24,2人目,32,0.11091478898820874,新宿駅の改札前で男性がスマホを手にして人だかりの中に立っていた。
要約,24,24,3人目,31,0.08150568444443232,新宿駅の改札前で男性が立ち並んだ中で一人でスマホを持っていた。
要約,24,24,4人目,23,0.09934888135236686,新宿駅の改札前で男性は一人でスマホを見ていた。
要約,24,24,5人目,25,0.1132330095703441,新宿駅の改札前で一人でスマホを見ていた男性がいた。
要約,24,24,6人目,24,0.06370384945476674,新宿駅の改札前で一个人でスマホを見る男性がいた。
要約,24,24,7人目,22,0.050942905201828204,新宿駅の改札前で１人でスマホを見た男がいた。
要約,24,24,8人目,23,0.06065244519925873,新宿駅の改札前で1人でスマホをみる男性がいた。
要約,24,24,9人目,23,0.07952598135978878,新宿駅の改札前で一人でスマホを見る男性がいた。
要約,24,24,10人目,25,0.06250995253198371,新宿駅の改札前の男性が一人でスマホを見る人だった。
要約,25,25,原文,87,1.0,ある晴れた日の午後、カフェで読書していた女性が、偶然目にした迷うような男性に一瞬で心を奪われた。彼は優しそうな笑顔で話しかけ、その声と視線が彼女の日常を大きく揺さぶったのだ。
要約,25,25,1人目,77,0.7844166892609133,ある晴れた日の午後、カフェで読書していた女性が、偶然見かけた男性に一瞬で心を奪われた。彼は優しそうな笑顔で話しかけ、その声が彼女の日常を大きく揺さぶった。
要約,25,25,2人目,63,0.2769404128661208,ある晴れた日の午後、カフェで読書していた女性は偶然見た男性に一目惚れした。彼には優しい表情があり、美しい声が彼女の気を引いた。
要約,25,25,3人目,28,0.03325858066633072,午後のカフェで女性は男の人を見て一目で好きになりました。
要約,25,25,4人目,31,0.0841727674898244,女性が午後のにあらかじめ訪れていたカフェで見た男性に惹かれた。
要約,25,25,5人目,30,0.05041418320644289,女性は午後のに前から出入りしていたカフェで、気になり始めた。
要約,25,25,6人目,27,0.08839502779349764,午後のに前に出入りしていた女性が気になったので調べた。
要約,25,25,7人目,31,0.057102933266097014,午後3時30分に建物の前に出入りしていた女性が気になりました。
要約,25,25,8人目,25,0.025102414386150754,午後3時半に建物から出入りした女性を発見しました。
要約,25,25,9人目,27,0.018749746850138513,午後３時に建物の入り口に出てきた女の人を見つけました。
要約,25,25,10人目,16,0.032117757340653974,午後３時、建物の前に女性が現れた
要約,26,26,原文,98,1.0,2023年5月、円安が進み、輸入物価が急騰し、家計を圧迫した。特に食料品やエネルギーの価格上昇が顕著であり、企業の生産コストも増加した。この影響は消費者物価指数に反映され、インフレ懸念が高まった。
要約,26,26,1人目,56,0.512123096016243,2023年5月、円安により輸入物価が急騰し、食料品やエネルギーの価格上昇が顕著となり企業の生産コストも増加した。
要約,26,26,2人目,90,0.02817601026987345,2023年の5月に円が安かったため物を輸入するのに使うお金はかかるようになり、外国の食べ物や燃やすものの値段が急に上がっていて、会社はそれを買ったり作るために使うお金も高くなった。
要約,26,26,3人目,45,0.12704299697265845,2023年5月円が安くなるため輸入品の価格があがったことが原因で会社へのコストも増加した。
要約,26,26,4人目,35,0.08177414777212924,2023年5月円の値下げにより、輸入品の価格が上がり、コストが増えた。
要約,26,26,5人目,29,0.08122166234986089,2023年5月の値下がりが影響し、輸入品は価格が上がった。
要約,26,26,6人目,34,0.07709740576058645,2023年5月に価格が下がったことから、輸入品は高くなってしまった。
要約,26,26,7人目,24,0.042051384798345734,輸入品の価格は2023年5月以降で上がっている。
要約,26,26,8人目,24,0.06894869164019296,2023年5月以降に輸入品の価格が増加している。
要約,26,26,9人目,24,0.046972012515269834,2023年5月以降に輸入品の価格が上がっている。
要約,26,26,10人目,21,0.026689940537072923,2023年から輸入品の値段が上昇している。
要約,27,27,原文,107,1.0,2023年5月、円安が進行し、輸入物価が高騰したことで、家計を中心に影響が出た。特に食料品やエネルギー価格の上昇が顕著で、消費者物価指数も上昇傾向にあった。企業業績にも悪影響を及ぼし、輸出企業の収益が悪化していた。
要約,27,27,1人目,51,0.43235771932792366,円安により輸入物価が高騰したことによる食料品やエネルギー価格の上昇で消費者物価指数も上昇傾向にあった。
要約,27,27,2人目,37,0.17392576703904156,円安の影響により、輸入物価が高く、食料品やエネルギーの値段が上がっている。
要約,27,27,3人目,28,0.025889119093727587,円安で輸入物が高くなり、生活必需品の価格が上がっている。
要約,27,27,4人目,38,0.018020805190119817,円安で食品など輸入物の値段が高くなっており、生活に必要な品物が増えています。
要約,27,27,5人目,19,0.006484474312601703,円安により食品などの価格が上がります。
要約,27,27,6人目,17,0.024214358370343393,円安で食料品の値段が高くなります。
要約,27,27,7人目,34,0.017252828792760737,円の価値が低くなるため、外国から輸入する食料品の価格が高くなります。
要約,27,27,8人目,22,0.006131354266457183,円の価値が低くなると輸入食品の価格は上がる。
要約,27,27,9人目,20,0.08446843720256934,円安により食料品価格の上昇が予想される。
要約,27,27,10人目,20,0.047968667098820895,円の価値が低下し食品の価格の上昇となる。
要約,28,28,原文,77,1.0,2023年5月、円安が進み、輸入物価が上昇したことで、食品やエネルギーの価格が高騰し、家計を圧迫した。企業も原材料費の値上げを実施し、実質賃金は低下した。
要約,28,28,1人目,40,0.47767560329563036,2023年5月、円安が進み輸入物価の上昇により食品やエネルギーの価格が高騰した。
要約,28,28,2人目,25,0.15017396546189582,円安による輸入物価上昇で食品・エネルギー価格が高い
要約,28,28,3人目,12,0.07532561292140183,円安による輸入物価の上昇
要約,28,28,4人目,12,0.02433800127566193,円安による生活費の上がり
要約,28,28,5人目,5,0.0,生活費増加
要約,28,28,6人目,14,0.005873044881547156,生活費が高くなって困っている
要約,28,28,7人目,13,0.005880338345231428,生活費が高いので困っている
要約,28,28,8人目,13,0.0,生活費高くなって困っている
要約,28,28,9人目,14,0.005132009909248519,生活費が高いから苦労している
要約,28,28,10人目,12,0.00658148045026327,生活費が高くて困っている
要約,29,29,原文,108,1.0,2023年5月に発表された日銀の金融政策決定会合において、現状の物価上昇圧力に対して、大規模な金融緩和策を維持することが決定した。これは、企業や家計への影響が懸念されたため、景気の下支えを優先する判断だったと言える。
要約,29,29,1人目,55,0.1995317475733811,2023年5月に日銀の会合で、大規模な金融緩和策を続けることになった。このため景気が良くないとの思いで決めた。
要約,29,29,2人目,40,0.07159079261600738,2023年の5月、日銀は大きな政策変更をした。それが景気の良いことがないからだ。
要約,29,29,3人目,40,0.05506152094073456,日銀は2023年5月に大きな政策を変えた。その理由は経済は悪い状況にあるためだ。
要約,29,29,4人目,39,0.050172411887618146,日銀は2023年5月に新しい方針を決めた。それは今の経済が困難な状態だからだ。
要約,29,29,5人目,35,0.05584296411805941,日銀は2023年5月、経済的状況が悪いことから、新しい方針を発表した。
要約,29,29,6人目,21,0.07855948194046537,日銀は2023年5月新しい方針を発表した。
要約,29,29,7人目,14,0.006155381851292328,日本銀行が新しい方針を出した
要約,29,29,8人目,12,0.015627546493079982,日本銀行の新しい政策発表
要約,29,29,9人目,23,0.044659093471277764,経済と金融に関するニュースが注目されています。
要約,29,29,10人目,15,0.0,経済や金銭の話題が今人気です。
要約,30,30,原文,110,1.0,2023年5月の日銀金融政策決定会合において、大規模な金融緩和方針が維持され、市場に大きな影響を与えた。金利の据え置きに加え、量的緩和資産の購入規模も変更せず、経済活動を支えるための資金供給機能を強化することを目指した。
要約,30,30,1人目,99,0.5987405274294363,2023年5月の日銀金融政策決定会合で、大規模な金融緩和方針が維持された。金利の据え置きに加え、量的緩和資産購入の規模は変更せず、経済活動を支えるための資金供給機能が強化されることが目指されました。
要約,30,30,2人目,93,0.4403569396418536,2023年5月の日銀金融政策決定会合で、大規模な金融緩和方針が維持された。金利は据え置きとなり、量的緩和資産購入も変わらず、経済活動を支える資金供給機能が強化されることが目指されました。
要約,30,30,3人目,37,0.3747579734381728,2023年5月の日銀金融政策決定会合で、大規模な金融緩和方針が維持された。
要約,30,30,4人目,30,0.16638446185162045,日本銀行は、2023年5月に大規模な金融緩和方針を維持した。
要約,30,30,5人目,33,0.049201496667348396,日本銀行が2023年の5月に続けた金融緩和の政策について言及あり。
要約,30,30,6人目,25,0.06863547190638918,日本銀行は2023年5月に続けた金融緩和を行った。
要約,30,30,7人目,21,0.06305457369628159,日本銀行が2023年に金融緩和を実施した。
要約,30,30,8人目,23,0.08094431316873531,日本銀行が2023年から金融政策に手を加えた。
要約,30,30,9人目,21,0.03979853257273616,日本銀行は新しい金融政策を行うことにした。
要約,30,30,10人目,25,0.09271492543968732,日本銀行は新規の金融政策を策定することを発表した。
要約,31,31,原文,82,1.0,2023年8月15日、プロ野球中継の視聴者数が記録的な高を更新した。夏季甲子園優勝校同士の対戦を中心に、多くの人々がテレビを見守り、熱狂的な応援を送った結果である。
要約,31,31,1人目,50,0.3966723464500115,2023年8月15日、プロ野球中継の視聴者数が高くなったのは夏季甲子園優勝校同士の対戦によることだ。
要約,31,31,2人目,66,0.2158973623724561,2023年8月15日にプロ野球の中継の視聴者数が増加したのは夏季甲子園で優勝したチームがそれぞれプロ野球中継で試合をしていたことだ。
要約,31,31,3人目,39,0.12378112690096414,夏季甲子園で優勝したチームは、それぞれプロ野球中継に出場し視聴者数が増加した。
要約,31,31,4人目,27,0.12435523276039268,夏季甲子園で優勝したチームは、プロ野球中継で活躍した。
要約,31,31,5人目,29,0.055028506554801716,夏季高校野球の甲子園大会で優勝したのはプロ野球に強かった。
要約,31,31,6人目,29,0.05452632578005178,夏季高校野球の甲子園大会で優勝したのはプロ野球が強かった。
要約,31,31,7人目,26,0.02215731018193505,プロ野球に人気がある夏は高校野球の決勝戦があります。
要約,31,31,8人目,33,0.026805239121764322,高校野球の決勝戦が夏の最も人気あるプロ野球の時期に開催されている。
要約,31,31,9人目,19,0.01243236714175391,高校野球の決勝戦は夏でも開かれている。
要約,31,31,10人目,27,0.0016563780670885587,高校の野球で最後まで勝ち進む試合が行われるのは夏です。
要約,32,32,原文,103,1.0,2024年5月16日、那須田誠司は富士ヒルズを雨の中完走した。序盤のペース配分に苦しみ、後半失速したが、コースレコード更新ならずという結果だった。厳しい暑さと降雨が選手のパフォーマンスに大きく影響を与えた。
要約,32,32,1人目,44,0.42183430683203316,2024年5月16日、那須田誠司は富士ヒルズで雨の中完走したがコースレコード更新ならず。
要約,32,32,2人目,49,0.2507244590788875,那須田誠司は2024年5月16日に富士ヒルズの雨の中で完走したがコースレコードを更新できなかった。
要約,32,32,3人目,28,0.22574616212146414,那須田誠司は2024年5月16日、富士ヒルズで完走した。
要約,32,32,4人目,28,0.19112509774176795,那須田誠司が2024年5月16日に富士ヒルズで完走した。
要約,32,32,5人目,58,0.12237407421462254,那須田誠司が2024年5月16日とあるので、場所は富士ヒルズなので、富士ヒルズでの2024年5月16日の出来事です。
要約,32,32,6人目,18,0.034379381892453625,那須田誠司の富士ヒルズの出来事です。
要約,32,32,7人目,28,0.03185190404249535,那須田誠司が富士ヒルズで何をしたか聞いたことがあります。
要約,32,32,8人目,23,0.07157064506812907,那須田誠司が富士ヒルズで何をしたか知りました。
要約,32,32,9人目,26,0.06737099704396991,那須田誠司は富士ヒルズで何かしたことを知っています。
要約,32,32,10人目,28,0.024308923976691987,那須田誠司が富士ヒルズに関係があることは分かっています。
要約,33,33,原文,120,1.0,2023年8月15日、プロ野球中継の視聴率が、長年の記録を更新した。侍ジャパンのワールドシリーズ制覇と、メジャーリーグでの日本人の活躍が相まって、多くの人々がテレビをつける時間が増加したと考えられる。関連広告やメディアも盛り上がりを見せた。
要約,33,33,1人目,62,0.22897626767126764,2023年8月15日、プロ野球中継の視聴率が大幅に上昇し、新記録を達成した。日本人選手の活躍が高視聴率の一因と見られている。
要約,33,33,2人目,29,0.17964995174684678,2023年8月15日、日本プロ野球中継が新記録を達成した。
要約,33,33,3人目,32,0.07797717382280456,2023年8月のある日、日本プロ野球の中継で新しい記録ができた。
要約,33,33,4人目,22,0.06890299101717039,2023年の日本の野球で新しい記録ができた。
要約,33,33,5人目,17,0.03494426798475691,2023年日本の野球で記録が出た。
要約,33,33,6人目,18,0.06609324463663102,日本野球が2023年に記録を出した。
要約,33,33,7人目,19,0.06643420261413596,日本の野球が2023年に記録を出した。
要約,33,33,8人目,16,0.030912647476618867,2023年に日本で記録がとれた。
要約,33,33,9人目,12,0.0021310180122341457,世界新記録のカッターで。
要約,33,33,10人目,17,0.007725822001277914,新しい世界記録となるカッターです。
要約,34,34,原文,128,1.0,2023年8月15日、プロサッカーリーグJ1レギュラー戦でFC東京が川崎フロンターレを3対2と破りました。試合終盤の激しい攻防の中、東京の古橋亨梧が決勝点を挙げ、勝利を決定づけました。観客動員数は約3万8千人となり、熱狂的な応援が選手たちを後押ししました。
要約,34,34,1人目,58,0.38516513306148814,2023年8月15日、FC東京がJ1の川崎フロンターレを3対2で破りました。試合終盤に古橋亨梧が決勝点をたてました。
要約,34,34,2人目,39,0.18387345047698359,2023年8月15日に、FC東京がJ1の川崎フロンターレに3-2で勝ちました。
要約,34,34,3人目,38,0.23982800025346396,FC東京は2023年8月15日、J1で川崎フロンターレを3-2で破りました。
要約,34,34,4人目,38,0.13435563642872655,J1の試合でFC東京が勝ちました。川崎フロンターレに3点を取って優勢でした。
要約,34,34,5人目,39,0.11516477582853238,FC東京はJ1の試合で勝利しました。川崎フロンターレを相手に勝ったとの事です。
要約,34,34,6人目,31,0.09010956826693453,FC東京がJ1の試合で勝ちました、相手は川崎フロンターレです。
要約,34,34,7人目,27,0.0646208958641928,FC東京がJ1の試合で勝ったのは川崎フロンターレです。
要約,34,34,8人目,15,0.032470716521338386,FC東京はJ1の試合で負けた。
要約,34,34,9人目,24,0.19340504339163395,FC東京がプロサッカーリーグJ1で試合に敗れた。
要約,34,34,10人目,12,0.029739371440367344,FC東京は試合に負けた。
要約,35,35,原文,122,1.0,2023年8月15日、プロ野球の試合中継において、広島東洋カープのエースが渾身のストレートでサヨナマホームランを放ち、観客を熱狂させた。その瞬間、スタジアム全体に興奮と感動が爆発し、勝利を確信したチームメイトや監督との喜びの感情表現が見られた。
要約,35,35,1人目,43,0.347037700721857,2023年8月15日広島東洋カープのエースがストレートでホームランを打ち観客が熱狂した
要約,35,35,2人目,19,0.07317998296310982,広島のエースが決勝点に大きく貢献した。
要約,35,35,3人目,25,0.013499416922782706,広島が決勝点を決めたのは先発メンバーの一人だった。
要約,35,35,4人目,18,0.010535134823911003,先発メンバーの1人が決勝点を決めた。
要約,35,35,5人目,15,0.011714967496223406,決勝点は先発メンバーが決めた。
要約,35,35,6人目,28,0.04382900423648059,決勝の試合で先発する選手を選んだのはチームの指導陣です。
要約,35,35,7人目,23,0.023008345513998895,チームの指導が最初に選んだ選手は決勝に出ます。
要約,35,35,8人目,32,0.006797108073732426,決勝には最初の選手を選んでいても最後まで行かないことがあります。
要約,35,35,9人目,26,0.0,最初の選手を選ぶことさえできても優勝はあやしいです。
要約,35,35,10人目,25,0.0,まずは選手を選びますが、それでも優勝は難しいです。
要約,36,36,原文,98,1.0,2023年5月、東京都の新宿御苑で、記録的な猛暑が観測されました。気温は40℃近くまで上昇し、多くの観光客や市民が熱中症で救護所を利用しました。植物への影響も懸念され、水やり頻度などが調整された。
要約,36,36,1人目,56,0.4094678151096399,2023年5月、新宿御苑で40℃近い気温が記録されました。多くの観光客や市民が熱中症のために救護所を受けました。
要約,36,36,2人目,48,0.22027977072557112,新宿御苑で2023年5月に40℃近い気温が記録されたとき、多くの人が熱中症のため救護所を受けた。
要約,36,36,3人目,25,0.09788589337063851,新宿御苑で40℃近くが記録されて大勢の人を助けた。
要約,36,36,4人目,22,0.029642303850035624,新宿御苑で高温記録に応じた救援活動を行った。
要約,36,36,5人目,18,0.04777723738726976,新宿御苑で高温の為の活動が行われた。
要約,36,36,6人目,14,0.03740038066709319,新宿御苑で暑さ対策を行った。
要約,36,36,7人目,9,0.019008119256369634,新宿御苑の暑さ対策
要約,36,36,8人目,10,0.024535831280328727,新宿御苑での夏季対策
要約,36,36,9人目,10,0.02887775405879391,新宿御苑での暑さ対策
要約,36,36,10人目,30,0.015226179315978593,新宿御苑の公園内で暑さ対策として、水まくりの作業を行います。
要約,37,37,原文,105,1.0,2021年、記録的な大雨により、山間部の小川が氾濫し、周辺の農地や道路に浸水被害をもたらした。宅地後背地の整備が進む中で、河川の保全意識が低下していたことが要因の一つと考えられ、排水施設の老朽化も影響を与えた。
要約,37,37,1人目,71,0.3474917149937355,山間部の小川が氾濫し、農地や道路に被害を及ぼしたのは2021年の大雨によるもので、その原因として河川の保全意識が低下していたと考えられている。
要約,37,37,2人目,34,0.16916966004933545,2021年の大雨で小川が氾濫し、それにより農地や道路が被害を受けた。
要約,37,37,3人目,29,0.16329396171590363,2021年大雨による小川の氾濫が農地と道路に被害を与えた。
要約,37,37,4人目,37,0.09687791867656964,2021年大雨によって川は溢れ、小川の氾濫により農地と道路に損害が生じた。
要約,37,37,5人目,41,0.07338386344583206,2021年の大雨で川の水位が上昇し、川が広範囲にわたり農業用の土地や道路を潰した。
要約,37,37,6人目,23,0.03012498584088162,大雨で川の水位が上がり、広い範囲に影響が出た。
要約,37,37,7人目,19,0.0048887142199765254,川の水位が上がったのは、大雨のためだ。
要約,37,37,8人目,17,0.005058696694977561,大雨があったから、川の水位が高い。
要約,37,37,9人目,14,0.03096389385704507,雨で川の水がたくさん増えた。
要約,37,37,10人目,16,0.00897334495503296,雨のあと川の水はたくさんできた。
要約,38,38,原文,122,1.0,2023年7月、豪州東部のシドニー湾沿岸地域で記録的な干ばつが続き、海面水位が著しく低下した。普段は賑わう港の底には大量の貝類や魚類が晒され、生態系に深刻な影響が出たと考えられる。気温上昇と降水量の減少が複合的に作用し、異常事態を引き起こした。
要約,38,38,1人目,74,0.42260131267432405,シドニー湾沿岸地域で2023年7月の記録的な干ばつが続き、海面水位の大幅低下により港の底で貝類や魚類大量出現、生態系に深刻な影響が出たと考えられる。
要約,38,38,2人目,68,0.1904390219016522,シドニー湾沿岸地域で2023年7月の記録的な干ばつにより、海面水位が大幅に低下し港の底で貝類や魚類大量出現していることが懸念されている。
要約,38,38,3人目,50,0.18466099829437413,シドニー湾沿岸地域で2023年7月の記録的干ばつにより、海面水位が低下して港の底に出た貝と魚がある。
要約,38,38,4人目,51,0.1389794372566933,シドニー湾沿岸地域で2023年7月の大きな干ばつにより、海面が低くなり、港の底にいる貝や魚が出てきた。
要約,38,38,5人目,49,0.06613677143121162,シドニーにある水面は2023年7月の大きな干ばつの影響を受けて、海面が下がったため貝や魚は見えた。
要約,38,38,6人目,34,0.036009115204057064,シドニーの海面が2023年の夏に低かったので、大型の生物が出てきた。
要約,38,38,7人目,30,0.027710281235297823,シドニーで夏の海水位が低くて、そこから大きな生物が出てきた。
要約,38,38,8人目,26,0.06202964393564027,シドニーの海水位が低くなって、大きな生物が出ました。
要約,38,38,9人目,12,0.05001931848211072,シドニーで大生物が出た。
要約,38,38,10人目,13,0.07139547271739176,シドニーに怪物が出ました。
要約,39,39,原文,101,1.0,2023年夏、豪雨により県内の河川が氾濫し、多くの家屋や農地を水没させた。浸水深は地域によって異なり、特に下流域では床上高止水位を超える被害が出た。避難指示が出され、住民は一時的に安全な場所に移動した。
要約,39,39,1人目,36,0.38164783593612545,2023年夏の豪雨により県内の河川が氾濫し、多くの家屋や農地が水没した。
要約,39,39,2人目,22,0.03512061142143381,2023年の豪雨で県内が大きな被害を受けた。
要約,39,39,3人目,23,0.09784931841238566,2023年に県内で大雨があったから被害が出た。
要約,39,39,4人目,25,0.038806127984442676,2023年に県内で大雨があったから被害が起こった。
要約,39,39,5人目,22,0.10466667505135357,2023年、大雨により県内で被害が起こった。
要約,39,39,6人目,17,0.16834927615676548,2023年に大雨による被害が出た。
要約,39,39,7人目,18,0.08406899463907679,2023年に大雨による被害があった。
要約,39,39,8人目,19,0.09206493492287234,大雨による被害が2023年に発生した。
要約,39,39,9人目,19,0.06017648371629839,大雨による被害は2023年で起こった。
要約,39,39,10人目,24,0.019365480549576264,今年の大雨による損壊の事実が明らかになっている。
要約,40,40,原文,109,1.0,2023年5月、記録的な大雨により河川が氾濫し、地域住民の生活に大きな影響が出た。土砂災害警戒情報の発令や避難指示などが実施され、多くの家屋が浸水被害を受けた。重立った状況下で、自治体と住民が連携し、復旧作業を進めた。
要約,40,40,1人目,69,0.3828947990526735,2023年5月、記録的大雨による河川氾濫により地域の生活に影響が出た。多くの家屋が浸水被害を受けたが、自治体と住民の協力で復旧が始まった。
要約,40,40,2人目,60,0.20043940456484605,2023年5月の大雨のあとの河川氾濫による浸水被害は、地域の生活に影響が出たが、自治体と住民の協力で復旧が始まっている。
要約,40,40,3人目,36,0.12182020957530655,2023年5月の大雨後の浸水被害は地域に影響が出たが、復旧が進んでいる。
要約,40,40,4人目,20,0.14053611706256514,2023年5月の大雨による浸水被害の復旧
要約,40,40,5人目,18,0.030405515991130706,浸水被害の復旧状況を報告しています。
要約,40,40,6人目,18,0.013290246955112968,浸水の被害についての状況は報告する。
要約,40,40,7人目,18,0.017230217722168612,浸水被害についての事実を報告します。
要約,40,40,8人目,17,0.07633034603344868,浸水により多くの家が水没しました。
要約,40,40,9人目,12,0.02921114923488125,浸水で家が多く水没した。
要約,40,40,10人目,11,0.07460377499344387,多くの家に水が入った。
要約,41,41,原文,85,1.0,朝起きて、窓の外に鳥が飛び立っていくのを見た。昨日まで雨模様だったのに、空は青く晴れ渡り、日差しが優しく地面を照らしていた。風も穏やかで、木々の葉がそよそよと揺れていた。
要約,41,41,1人目,63,0.28264870048852314,朝起きて、窓外に飛び立った鳥を見る。昨日は雨だったのに今日は青空。陽射しは優しく地面を照らし、穏やかな風で木の葉が揺れている。
要約,41,41,2人目,47,0.15192896179748275,朝起きたら、窓から外を見ると、雲がない美しい青い空だった。陽光は優しく降りて、風もかれていた。
要約,41,41,3人目,27,0.06448061558708536,朝起きたら、青い空の下に陽が降りてきていて、かかった。
要約,41,41,4人目,23,0.029383390070062056,朝になっていると思うが、この日はとても明るい。
要約,41,41,5人目,18,0.011540691437066491,朝に似ているように見える日は明るい。
要約,41,41,6人目,49,0.0,日の気質が変わると、夜の気質も一緒に変わります。朝の日には明るく感じられるが、夜の日には暗いです。
要約,41,41,7人目,36,0.0,日の気質と夜の気質は相関関係があります。朝の方が明るいのはその証拠です。
要約,41,41,8人目,46,0.007024079720065437,日の気質は夜の気質に影響を受けている可能性があります。朝もそうですが、夜も気質が変わります。
要約,41,41,9人目,23,0.0,日の気質に夜の気質の影響があるかもしれません。
要約,41,41,10人目,20,0.0,日の気質と夜の気質は関係がありそうです。
要約,42,42,原文,86,1.0,朝起きて窓の外に目をやると、空模様がいつもと違う色調だった。雲の配置も複雑で、まるで誰かが絵を描いているようだった。静かな住宅街には、鳥の鳴き声と自転車の音が混じっていた。
要約,42,42,1人目,84,0.12216863241087828,朝起きたら、外を見ると空の色が変わっていて、それを見た。（重要な事実や人物は維持しすぎており、短くする必要があります）朝起きて窓から外を見ると、空の色がいつもと違った。
要約,42,42,2人目,57,0.12858643326969235,朝起きたら、外を見ると空の色が変わっていて、それを見た。 → 朝起きたら窓から外を見ると、空の色がいつもと違った。
要約,42,42,3人目,24,0.07523972341995114,朝起きたら窓から外を見たら空の色が変わっていた。
要約,42,42,4人目,31,0.09164373988567064,朝起きたときに窓から見えた空はいつもとは違った色になっていた。
要約,42,42,5人目,18,0.03105593309692454,窓から見える空がいつもの色ではない。
要約,42,42,6人目,10,0.04870541193072041,天候が変わっている。
要約,42,42,7人目,6,0.0,今は雨です。
要約,42,42,8人目,7,0.0,今日は雨です。
要約,42,42,9人目,9,0.02262095804447335,雨が降っています。
要約,42,42,10人目,19,0.0439358320998778,雨が降っているから車が止まっています。
要約,43,43,原文,103,1.0,昨日の夕暮れ、公園のベンチで老夫婦が手をつないでいた。空には茜色が広がり、静かに波打つ海を見つめていた。二人の顔には穏やかな笑みが浮かんでおり、まるで長年連れ添ったように安心感に満ちた雰囲気を漂わせていた。
要約,43,43,1人目,31,0.3298780863065165,昨日の夕暮れ、公園のベンチで老夫婦が手をつなぎ、海を見ていた。
要約,43,43,2人目,29,0.29739859639169025,昨日の夕方、公園のベンチで老夫婦が手をつない海を見ていた。
要約,43,43,3人目,34,0.1732604089327365,昨日の夕方、公園のベンチに座っていた老夫婦が手つなぎで海を見ていた。
要約,43,43,4人目,11,0.1409778757259623,老夫婦が海を見ていた。
要約,43,43,5人目,11,0.03859656696897833,老夫婦は海を見ている。
要約,43,43,6人目,11,0.03859656696897833,老夫婦は海を見ている。
要約,43,43,7人目,11,0.1409778757259623,老夫婦が海を見ていた。
要約,43,43,8人目,13,0.0866256013751344,海にいる老夫婦が見ていた。
要約,43,43,9人目,13,0.02665920943725851,海にいる老人夫婦はみていた
要約,43,43,10人目,9,0.011607181916870239,海にいた老人です。
要約,44,44,原文,104,1.0,雨上がりの道を歩いていた。足元にはキラキラと水たまりが広がり、虹がかかった空の下、子供たちの歓声が聞こえてきた。ベンチに座ってアイスクリームを食べる女の子の姿も目に浮かぶ。それは、過ぎ去りし夏の一コマだった。
要約,44,44,1人目,42,0.28343755237256124,雨上がりの道で水たまりが広がっていた。一人前の虹の下の空に子供たちの歓声が聞こえた。
要約,44,44,2人目,38,0.1362435804101657,雨上がり後の道では水がたまっていて、一人の虹の下で子供たちの声が聞えていた。
要約,44,44,3人目,20,0.041800688854188854,虹の下に子供たちが遊んでいるのが見えた。
要約,44,44,4人目,14,0.05507005668006275,虹の下の子供たちが笑っている
要約,44,44,5人目,22,0.015172142442767322,小さな子供たちは楽しい気持ちで遊んでいます。
要約,44,44,6人目,12,0.02295248647423237,子供たちが楽しんでいる。
要約,44,44,7人目,20,0.001923230790296262,学校の休み時間に少年たちが遊んでいます。
要約,44,44,8人目,44,0.019308872586152166,学校で学習している間は勉強していた少年たちは、休み時間になると楽しく遊ぶことになります。
要約,44,44,9人目,29,0.004358779579027057,学校では休むたびに少年たちは遊ぶことを楽しみにしています。
要約,44,44,10人目,29,0.004315526798816621,少年たちは学校で休む度に遊ぶことの楽しみを期待しています。
要約,45,45,原文,89,1.0,雨上がりの道を歩いていた。足元はまだ濡れていて、色とりどりの傘の花が咲き乱れている。遠くには虹がかかり、子供たちが歓声を上げて走っていた。心が洗われるような、穏やかな一日だった。
要約,45,45,1人目,60,0.3232587075742415,雨上がりになって歩いていると、道はまだ濡れていて傘の花も咲いていた。そして遠くでは虹が見え、子供たちは笑って走っていた。
要約,45,45,2人目,40,0.2785529492698496,雨上がりの道で傘の花が咲いていた。道沿いに虹が見えるように子供たちが笑っている。
要約,45,45,3人目,28,0.1385179740789473,道で傘の花が咲いて、子供たちが虹を見ながら楽しんでいる。
要約,45,45,4人目,31,0.03218755095225235,道で花の見事な景色の中、楽しい笑顔で散歩しているの子供がいる。
要約,45,45,5人目,30,0.07089236211355412,道で花がたくさん咲いている中、子供は笑って散歩していました。
要約,45,45,6人目,23,0.008933636318585823,花の多い道で笑顔を見せる少年が散歩しています。
要約,45,45,7人目,23,0.02998281765548447,花が多く並んだ道で少年が気分よく歩いています。
要約,45,45,8人目,17,0.061541477484191816,花が多い道で少年が歩いていました。
要約,45,45,9人目,19,0.06883669995695024,少年は花の多くを持つ道を歩いています。
要約,45,45,10人目,16,0.09055420099602929,少年は花が多い道を歩いています。
要約,46,46,原文,97,1.0,明治維新は、幕末の動乱期に、武士階級を中心とした政治勢力が皇室を擁立し、江戸幕府を倒したことで成立した。新しい国家体制が築かれ、近代化政策が進められた。社会構造や文化にも大きな変化をもたらした。
要約,46,46,1人目,76,0.4525359792625428,明治維新は、幕末の動乱期に武士階級が皇室を擁立し江戸幕府を倒して成立した。これにより、新しい国家体制と近代化政策が進められ、大きく社会や文化が変化した。
要約,46,46,2人目,55,0.38477186678930675,明治維新は、幕末の動乱期に武士階級が皇室を擁立し江戸幕府を倒して成立した。これにより、新しい国家体制ができた。
要約,46,46,3人目,39,0.19097208835936488,幕末の動乱期、武士階級が皇室を擁護して江戸幕府を倒すことで新国体が確立された。
要約,46,46,4人目,29,0.15546778121083732,武士階級が皇室を支えて幕府を倒したため新しい国家ができた。
要約,46,46,5人目,31,0.13481929721603814,武士階級が皇室の力を利用し幕府を打倒した結果新政権が成立した。
要約,46,46,6人目,35,0.08956763121498931,武士階級が皇室を使って幕府をやめた後、新しく政治を行う組織が作られた。
要約,46,46,7人目,32,0.023598965133961664,新しい政治を行う組織として公家と寺社が結集して鎖国の政権となる。
要約,46,46,8人目,23,0.012597402010087425,鎖国となる政治を行う組織として鎖国政権となる。
要約,46,46,9人目,31,0.011001703233069504,鎖国の政治を行うことによって鎖国政権ができると言われています。
要約,46,46,10人目,30,0.0037404196263839374,鎖国政権はその政治を行うために鎖国を行ったと言われています。
要約,47,47,原文,100,1.0,明治維新は、1868年、江戸幕府が倒れ、天皇を中心とした新しい政府が成立した。武士階級による政治改革が進み、欧米列強との貿易が開かれた。社会構造や文化が大きく変化し、近代日本へと移行する契機となった。
要約,47,47,1人目,40,0.1635692534665359,明治維新は1868年に起こった事件で、江戸幕府がなくなって天皇中心の政府が出た。
要約,47,47,2人目,37,0.15746897189808934,明治維新は1868年にある事件で、江戸幕府がなくなり天皇中心の政府が出た。
要約,47,47,3人目,40,0.13673680382420722,明治維新は、明治天皇とその家族のことを中心にした新しい政府を作った出来事だった。
要約,47,47,4人目,21,0.053671217105581974,明治時代に新しい政府が作られたことがある。
要約,47,47,5人目,21,0.03207260977785683,明治時代は新しい日本政府ができた時期です。
要約,47,47,6人目,29,0.06345917579198691,明治時代は新しい日本政府ができて、日本に変化が生じました。
要約,47,47,7人目,31,0.05780002940310388,明治時代に新しい政府ができた時、日本の様子が変わっていました。
要約,47,47,8人目,32,0.06552373045719256,明治時代になると、新しい政府ができて日本は大きな変化を見ました。
要約,47,47,9人目,23,0.06567430986787948,新政府の時代に、日本は大きく変わっていました。
要約,47,47,10人目,19,0.09942492035302679,新政権が始まって、国は大きく変化した。
要約,48,48,原文,85,1.0,明治維新後、富国強兵のため殖産興業を推進し、日本銀行の設立や官営工場の建設などが行われた。これにより、近代的な経済基盤が整備され、工業化へと向かう大きな一歩を踏み出した。
要約,48,48,1人目,79,0.6610770768204589,明治維新後の政策で殖産興業が推進され、日本銀行の設立や官営工場の建設などが行われた。これにより近代的な経済基盤が整備され、工業化へと向かう大きな一歩となった。
要約,48,48,2人目,59,0.22144952106447782,明治維新後は殖産興業を推進して、日本銀行や官営工場を設立して近代的な経済を作ったことが工業化の大きなステップになった。
要約,48,48,3人目,79,0.07909351022939647,明治時代に日本の国民経済が大きく変わり、近代的になっていると言われているのは、殖産興業政策の影響で、たとえば日本銀行や官営工場を設立したことからだと言えます。
要約,48,48,4人目,72,0.1150535909623944,明治時代、日本の国民経済は大きな変化がありました。それは殖産興業政策が大きく影響したと考えられます。日本銀行や官営工場の設立などがその一例です。
要約,48,48,5人目,43,0.12043293060392779,明治時代に殖産興業政策があり、それにより日本銀行や官営工場が作られたことがありました。
要約,48,48,6人目,34,0.06100941774253782,明治時代の殖産興業政策で、日本銀行や官営工場を作ったことがあります。
要約,48,48,7人目,36,0.09820412298353251,明治時代に殖産興業を推進するために日本銀行と官営工場が作られた事実です。
要約,48,48,8人目,42,0.05608829667979837,明治時代には、日本銀行と官営工場を作って殖産興業をした事があることが知られています。
要約,48,48,9人目,34,0.038838403793365395,日本銀行が作られ、殖産興業の為に官営工場を作ったという話は有名です。
要約,48,48,10人目,28,0.04708762297226843,日本銀行が作られた後、官営工場が作られたことがあります。
要約,49,49,原文,98,1.0,明治維新の際、薩摩藩を中心とする倒幕派が、江戸幕府に代わる新しい政治体制を樹立するため、武力蜂起を行い、朝廷を支援した。この結果、天皇を頂点とした明治政府が成立し、近代国家としての基礎が築かれた。
要約,49,49,1人目,68,0.24344501187006856,薩摩藩が江戸幕府に代わる新しい政治体制を作りたいと思って武力蜂起して朝廷と一緒になって明治政府ができて天皇を頂点につけて近代国家が作った
要約,49,49,2人目,50,0.22219533179032783,薩摩藩が、幕府の跡を継ぐために武力蜂起し、明治政府と協力して天皇を頂点とする新しい政治体制を作った。
要約,49,49,3人目,45,0.07050630104696042,薩摩藩が幕府の跡を受け取るために蜂起し、新しく天皇を中心に据えた政治システムを作り上げた。
要約,49,49,4人目,31,0.12668099258859777,薩摩藩は幕府の跡取りとして、天皇中心の新しい政治体制を作った。
要約,49,49,5人目,25,0.10642046334839057,薩摩藩は新しい政治体制を作るために役割を果たした。
要約,49,49,6人目,16,0.10336731847512097,薩摩藩が新しい政治体制を作った。
要約,49,49,7人目,15,0.06088468884041298,薩摩藩の政治体制が改革された。
要約,49,49,8人目,10,0.053514244742391026,薩摩藩が改革された。
要約,49,49,9人目,19,0.04099668374335054,薩摩藩が改革されたことがわかりました。
要約,49,49,10人目,12,0.05075171292623254,薩摩藩が改革されました。
要約,50,50,原文,90,1.0,明治維新の際、薩摩藩を中心とする倒幕派が、朝廷に圧力をかけ、江戸幕府を打倒した。武力衝突や政治的駆け引きを経て、天皇を中心とした新しい国家体制が樹立され、近代日本の基礎が築かれた。
要約,50,50,1人目,54,0.23377235330342794,明治維新の際、薩摩藩のグループが朝廷に圧力を掛け、江戸幕府を倒した。次に天皇中心の、新しい組織を作り上げた。
要約,50,50,2人目,40,0.13347489482703,明治維新で薩摩藩は朝廷に力を合わせて江戸幕府を倒し、天皇中心の新政府が作られた。
要約,50,50,3人目,48,0.06708399632958441,明治時代になって、新しく天皇中心の政府ができました。その前は、江戸幕府が日本を支配していました。
要約,50,50,4人目,54,0.055413099781166555,明治時代になると、日本は新しい天皇中心の政府になりました。この前の日本は江戸幕府によって支配されていました。
要約,50,50,5人目,45,0.03360901535470377,明治時代に日本は新しく天皇中心の政府になった。江戸幕府がなくなって天皇中心のものになった。
要約,50,50,6人目,40,0.0426265086532709,明治時代、日本は天皇中心の政府になった。江戸幕府はなく、天皇中心の政府になった。
要約,50,50,7人目,32,0.03234588493317741,明治時代に日本は新しい政府ができた。それは天皇中心の政府だった。
要約,50,50,8人目,49,0.04394860161901089,明治時代に、日本には新しく政府ができた。それは天皇の中心となっている-governmentでした。
要約,50,50,9人目,45,0.050716089481568055,明治時代に日本で、新しい政府ができました。その政府は、天皇が中心になって運営していました。
要約,50,50,10人目,40,0.04375180733785474,明治時代の日本では新たな政府が誕生し、その政府は天皇の中心となって機能しました。
助長,1,1,原文,96,1.0,2023年11月、気象庁が記録的な大雨による河川の氾濫を予測し、避難指示を発令した。多くの住民が安全な場所に移動し、都市部では交通網が麻痺した。被害状況の詳細な調査と復旧作業が進められている。
助長,1,1,1人目,179,0.3653443797976424,2023年11月、気象庁は記録的な大雨による河川氾濫の発生を予測し、早期に避難指示を発令して住民の安全を確保した。多くの住民が安全な場所へ避難し、都市部では交通網の大幅な混乱と停滞が発生し、日常生活への影響は大きくなった。また、気象庁は被害状況の詳細な分析と復旧作業を進めているほか、河川氾濫による地盤崩壊なども懸念されていたため、対策をさらに強化している。
助長,1,1,2人目,245,0.21446421485158684,2023年11月、記録的大雨により多くの地域が被害を受け、気象庁は大雨による河川氾濫の発生を予測し、早期に避難指示を出すよう各自治体に要請して住民の安全を確保するための配慮を取り入れた措置を講じた。これにより多くの住民が安全な場所へ避難し、都市部では交通網の大幅な混乱と停滞が発生したことで日常生活への影響は大きくなった。一方で、気象庁は被害状況の詳細な分析を行い復旧作業を進めているほか、河川氾濫による地盤崩壊や土砂災害なども懸念されていたため、対策をさらに強化したことが明らかになった。
助長,1,1,3人目,268,0.14603969375961737,2023年11月、記録的大雨の影響により多くの地域が大きな被害を受け、気象庁はこのような天候の関係で河川氾濫の発生を予測し、各自治体に早期避難指示が出るよう要請して住民の安全を確保するための配慮を積極的に取り入れた措置を講じた。これにより、多くの住民が迅速に安全な場所へと避難し、その結果都市部では交通網の大幅な混乱と停滞が発生したことで日常生活への影響は大きくなり、また一方で気象庁は被害状況の詳細分析を行い復旧作業を進めているほか、河川氾濫による地盤崩壊や土砂災害なども懸念されていたため、対策をさらに強化したことが明らかになった。
助長,1,1,4人目,251,0.1529836652569472,2023年11月、記録的大雨の影響により多くの地域が大きな被害を受けていることがわかりました。気象庁は、このような天候の関係で河川氾濫の発生を予測し、各自治体に早期避難指示が出るよう要請して住民の安全を確保するための配慮を積極的に取り入れた措置を講じた。このように措置が講じられた結果として、多くの住民が迅速なスピードで安全な場所へと避難し、その結果、都市部では交通網の大幅な混乱と停滞が発生したことで日常生活への影響は大きくなりました。さらに、気象庁は被害状況の詳細分析を行い復旧作業を進めています。
助長,1,1,5人目,209,0.11653536662541518,2023年11月における記録的大雨の影響が多くの地域に及んだことが明らかとなり、そのような天候の関係で発生する可能性のある河川氾濫について気象庁は事前に予測し、各自治体への早期避難指示の出具を要請。住民の安全確保のための措置を講じた結果として、多くの住民が迅速に避難し、その直後、都市部では交通網の大幅な混乱と停滞によって日常生活に大きな影響が出始めました。気象庁は被害状況の分析を行い、さらに復旧作業を進めています。
助長,1,1,6人目,326,0.11715026350535307,2023年11月における記録的大雨により多くの地域が被害を受けたことが明らかとなり、そのような天候の関係で発生する可能性がある河川氾濫について気象庁は事前に予測し、各自治体への早期避難指示の出具を要請。住民の安全確保のための措置を講じた結果として、多くの住民が迅速に避難した。その直後、都市部では交通網の大幅な混乱と停滞によって日常生活に大きな影響が出始めました。このような混乱は、各方面で混雑を招き、日常の活動にも大きく影響していました。気象庁は被害状況の分析を行い、その上でさらに復旧作業を進めています。また、このような天候による被害を受けた地域では、避難先での安全な生活を確保するための支援と、再び住めるように都市インフラの修復作業も行われます。
助長,1,1,7人目,320,0.1242792578034313,2023年11月の記録的大雨は多くの地域に壊滅的な被害をもたらしました。そのような天候が予測されたことから気象庁は各自治体への早期避難指示の出具を要請し、住民の安全確保のための措置を講じました。住民の迅速な避難により多くの人々を救うことができました。しかし、このような雨によって発生した河川氾濫は予測されたものの、その程度や被害は想像以上でした。気象庁は状況の分析を行い、次に復旧作業を進めます。都市部では交通網の大幅な混乱と停滞により日常生活に大きな影響が出始めており、これも各方面で問題となっています。このような雨による被害を受けた地域では避難先での安全な生活を確保するための支援が行われ、また都市インフラの修復作業も進められています。
助長,1,1,8人目,344,0.1215099329546814,2023年11月の記録的大雨は国中の多くの地域に壊滅的な被害をもたらし、それはこの年に初めて観測された台風とともに天候が予測されたことから気象庁は各自治体への早期避難指示の出具を要請し、住民の安全確保のための措置を講じました。住民の迅速な避難により多くの人々を救うことができました。しかし、このような雨によって発生した河川氾濫は予測されたものの、その程度や被害は想像以上でした。その状況の中、気象庁は状況の分析を行い、次に復旧作業を進めました。都市部では交通網の大幅な混乱と停滞により日常生活に大きな影響が出始めており、これも各方面で問題となっています。このような雨による被害を受けた地域では避難先での安全な生活を確保するための支援が行われ、また都市インフラの修復作業も進められています。
助長,1,1,9人目,345,0.09363868178505913,2023年11月の大雨は天候予報上で台風とともに発生したため、気象庁は国中の各自治体に早期避難指示が出るように要請しました。この要請により住民が安全に避難できたため、多くの命を救うことに成功しています。しかし、そのような雨によって発生した河川氾濫は予想どおりであったとはいえ、被害の程度や範囲は想像以上でした。気象庁はこのような状況を受けて、現状を分析してその後の対応の方針を決定しました。そして、復旧作業を進めていきます。都市部では、交通網が大幅に混乱し停滞しているため、これにより日常生活に大きな影響が出始めており、今後もこのような影響を防ぐことが課題となります。この雨による被害を受けた地域では避難先での安全な生活を確保するための支援を行い、また都市インフラの修復作業も行っています。
助長,1,1,10人目,382,0.11220214852617551,2023年11月の大雨は天候予報上で台風とともに発生したため、気象庁は国中の各自治体に早期避難指示が出るように要請しました。この要請により住民が安全に避難できた結果として、多くの命を救うことに成功しています。しかし、そのような雨によって発生した河川氾濫は予想どおりであったとはいえ、被害の程度や範囲は想像以上でした。気象庁はこのような状況を受けて、現状を分析し、その後の対応の方針を決定しました。そして、復旧作業を進めていきます。都市部では、交通網が大幅に混乱し停滞しているため、これにより日常生活に大きな影響が出始めており、今後もこのような影響を防ぐことが課題となります。この雨による被害を受けた地域では、避難先での安全な生活を確保するための支援を行い、都市インフラの修復作業も行っています。多くの住民がこのような支援により、危機的状況から解放されてきています。
助長,3,3,原文,99,1.0,2023年11月、AIモデルが初めて将棋のプロ棋士に勝利し、囲碁やチェスといった他のゲームでも目覚ましい成果を上げ始めた。これはAI技術の進化と、ゲームにおける戦略理解能力の向上を示す出来事である。
助長,3,3,1人目,161,0.25437344518739735,2023年11月、初めてAIモデルが将棋のプロ棋士に勝利し、この年の秋ごろから始まったことだった。それまでの人工知能は囲碁やチェスなど他のゲームでも急速な進歩を遂げていたのである。その結果としても明らかになったのは、人工知能技術の進化と戦略的理解能力の向上であり、このAIモデルの将棋への勝利はこれらの成果の実証例だった。
助長,3,3,2人目,249,0.18624955966960366,2023年11月、アーティフィシャルインテリジェンス（AI）モデルがプロの将棋選手に勝利し、初めてこの種の出来事となった。この出来事は、この年の秋ごろから始まっていた動きで、その前のAI技術は囲碁やチェスなどの他のボードゲームでも急速な進歩を示していたということは明らかだった。その結果としても明らかになったのは、人工知能技術の高度な進化と戦略的理解能力の向上である。このAIモデルの将棋への勝利は、この成果の実証例であり、複雑で精密性が求められる戦略ゲームにおけるAI技術の限界を示すものだった。
助長,3,3,3人目,280,0.14600182219563562,2023年11月、アーティフィシャルインテリジェンス（AI）モデルがプロの将棋選手に勝利し、その最初の事例となりました。この出来事は、この年の秋ごろから始まっていた急速な進歩の中で、それを示していたAI技術の他のボードゲームである囲碁やチェスなどについても、同じ傾向が明らかになっていました。その結果にも明らかなのは、人工知能技術の高度な発展と戦略的理解能力の向上ということであり、このAIモデルによる将棋への勝利は、その成果を実証する事例として、アーティフィシャルインテリジェンスの複雑で精密性が求められる戦略ゲームにおける技術の限界を示すものとなりました。
助長,3,3,4人目,325,0.137478621844681,2023年11月、アーティフィシャルインテリジェンス（AI）モデルは、プロの将棋選手に勝利するという歴史的出来事を実現しました。これが最初の例となり、その先駆的な試みにより、この年の秋ごろから急速な進歩が始まったことを示していました。この急進的な技術進化の中で、AIは他のボードゲームではすでに見られていた傾向も共有しており、これらのゲームである囲碁やチェスなどのケースでも同様の成果を上げていました。その結果が明らかになるのは、人工知能技術の高度な発展と戦略的理解能力の向上ということです。このAIモデルによる将棋への勝利は、アーティフィシャルインテリジェンスの複雑で精密性が求められる戦略ゲームにおける技術的な限界を明らかにする事例となりました。
助長,3,3,5人目,303,0.14096889137590135,2023年11月に、人工知能（AI）モデルによってプロの将棋選手が敗北したという歴史的出来事が実現しました。これが最初の例となり、その先駆的な試みにより、この年の秋ごろから急速な進歩が始まったことを示していました。そのようなAI技術の急激な発展の中で、これらのゲームである囲碁やチェスなど他のボードゲームでも同様の成果を上げていました。この急進的な技術進化の中では、人工知能技術は人間の戦略的理解能力の向上と高度な発展ということになります。さらに、このAIモデルによる将棋への勝利は、アーティフィシャルインテリジェンスの複雑で精密性が求められる戦略ゲームにおける技術的な限界を明らかにする事例となりました。
助長,3,3,6人目,407,0.1688706722239694,2023年11月に、人工知能（AI）モデルによってプロの将棋選手が敗北したという歴史的出来事は、そのようなテクノロジーの重大な意義と可能性を示すものでした。これが最初の例となり、その先駆的な試みにより、この年の秋ごろから急速に進歩し、人間の戦略的理解能力や高度な思考力について新しい視点が提供されるようになりました。そのようなAI技術の急激な発展の中で、これらのゲームである囲碁やチェスなど他のボードゲームでも同様の成果を上げていました。これは、この人工知能技術の進化と、人間の思考力と戦略的理解の向上との関係を明らかにすることになります。このAIモデルによる将棋への勝利は、アーティフィシャルインテリジェンスの複雑で精密性が求められる戦略ゲームにおける技術的な限界を突破した事例となりました。また、これらの成果は、AI技術の進化と人間の認知機能に関する新しい研究分野の可能性を示すものとしても注目されていました。
助長,3,3,7人目,492,0.14091145817657694,2023年11月に人工知能（AI）モデルの活躍ぶりが頭角を現し始めると、プロの将棋選手が敗北するという歴史的出来事がそのようなテクノロジーの重大な意義と可能性を示すものとなりました。この出来事は、その先駆的な試みにより急速に進歩し、その年の秋ごろから人間の戦略的理解能力や高度な思考力について新しい視点が提供されるようになりました。実際、プロ棋士のAIとの対局での敗北は、アーティフィシャルインテリジェンスが人間を上回るレベルに達するための重要なステップとなりました。そのようなAI技術の急激な発展の中で、これらのゲームである囲碁やチェスなど他のボードゲームでも同様の成果を上げていました。そうしたAI技術の急進的な進歩は、この人工知能技術の開発と、人間の思考力と戦略的理解の向上との関係を明らかにすることになります。このAIモデルの活躍により、アーティフィシャルインテリジェンスが複雑で精密性が求められる戦略ゲームにおける技術的な限界を突破した事例となりました。また、これらの成果は、AI技術の進化と人間の認知機能に関する新しい研究分野の可能性を示すものとしても注目されていました。
助長,3,3,8人目,500,0.14165191965358415,2023年11月に人工知能（AI）モデルの活躍ぶりが顕著となり始めると、プロの将棋選手が敗北するという歴史的出来事が、そのようなテクノロジーの重大な意義と可能性を示すものとなった。そうした先駆的な試みにより、それまでの進歩とは比較できないほど急速に進歩し、その年の秋ごろから、人間の戦略的理解能力や高度な思考力について新しい視点が提供されるようになった。このことは、アーティフィシャルインテリジェンスが人間を上回るレベルに達するための重要なステップとなり、実際にプロ棋士のAIとの対局での敗北となった。そのようなAI技術の急激な発展の中で、これらのゲームである囲碁やチェスなど他のボードゲームでも同様の成果を上げていました。これらの進歩は、この人工知能技術の開発と、人間の思考力と戦略的理解の向上との関係を明らかにすることになります。このAIモデルの活躍により、アーティフィシャルインテリジェンスが複雑で精密性が求められる戦略ゲームにおける技術的な限界を突破した事例となりました。また、これらの成果は、AI技術の進化と人間の認知機能に関する新しい研究分野の可能性を示すものとしても注目されていました。
助長,3,3,9人目,683,0.12221012811184638,2023年11月に人工知能（AI）モデルの活躍ぶりが顕著となり始めると、プロの将棋選手が敗北するという歴史的出来事が、そのようなテクノロジーの重大な意義と可能性を示すものとなった。そのような先駆的な試みにより、それまでの進歩とは比較できないほど急速に進歩し、その年の秋ごろから、人間の戦略的理解能力や高度な思考力について新しい視点が提供されるようになった。このことは、アーティフィシャルインテリジェンスが人間を上回るレベルに達するための重要なステップとなり、実際にプロ棋士のAIとの対局での敗北となった。そのようなAI技術の急激な発展の中で、これらのゲームである囲碁やチェスなど他のボードゲームでも同様の成果を上げていました。これらの進歩は、この人工知能技術の開発と、人間の思考力と戦略的理解の向上との関係を明らかにすることになります。このAIモデルの活躍により、アーティフィシャルインテリジェンスが複雑で精密性が求められる戦略ゲームにおける技術的な限界を突破した事例となりました。さまざまなボードゲームでも同様の成果が挙げられたことから、AI技術の進化と人間の認知機能に関する新しい研究分野の可能性についても注目されていました。また、アーティフィシャルインテリジェンスが人間を上回るレベルに達するための重要なステップとして、これらの成果は広く認識されていました。人工知能技術の急激な発展により、さまざまな分野での可能性と潜在性について新しい視点が提供されました。このことは、AI技術の進化の深刻さと人間の認知機能に関する新しい研究分野の可能性を示唆するものでした。
助長,3,3,10人目,479,0.11185548456531509,人工知能（AI）モデルの活躍ぶりは2023年11月に顕著となり始めました。これらのモデルの急速な進歩は、人間の戦略的理解能力や高度な思考力について、新しい視点を提供しました。実際には、これらのゲームである囲碁やチェスなど他のボードゲームでも、AI技術の発展によって同様の成果が挙げられました。このことが、人工知能技術の開発と人間の思考力や戦略的理解の向上との関係を明らかにしました。さらに、これらのAIモデルの活躍により、アーティフィシャルインテリジェンス（AI）が複雑で精密性が求められる戦略ゲームにおける技術的な限界を突破した事例となりました。これらの成果は、さまざまなボードゲームでも同様に実証されていました。人工知能技術の急激な発展によって、さまざまな分野での可能性と潜在性について、新しい視点が提供されました。また、アーティフィシャルインテリジェンス（AI）が人間を上回るレベルに達するための重要なステップとして、これらの成果は広く認識されていました。このことは、AI技術の進化の深刻さと人間の認知機能に関する新しい研究分野の可能性を示唆しました。
助長,2,2,原文,109,1.0,2023年11月、日本各地で記録的な大雨となり、河川の氾濫や土砂災害が発生しました。多くの住民が避難を余儀なくされ、交通機関にも大きな影響が出ました。緊急の支援活動が行われ、被害状況の把握と復旧作業が進められています。
助長,2,2,1人目,130,0.4053083783067995,2023年11月、日本各地で記録的な大雨が降り、広域的に氾濫や土砂災害が発生したことで多くの住民が避難を余儀なくされ、その影響は交通機関にも及んでいた。それにより、緊急の支援活動が実施された上で被害状況について把握し、復旧作業も順調に進められていることになる。
助長,2,2,2人目,147,0.21021522126492553,日本各地で2023年11月にかけて記録的な大雨が降り、広域的に氾濫や土砂災害の激しい被害をもたらし、多くの住民が避難する必要に迫られ、その影響は交通機関にも及んでいた。それにより、迅速な緊急支援活動の実施の上で、被害状況についてしっかりと把握するとともに、復旧作業も順調に進められているようだ。
助長,2,2,3人目,165,0.16675391542891974,日本各地では2023年11月にかけて異常な降雨が発生し、大雨による広範囲の氾濫や土砂災害が相次ぎ、その結果として多くの住民が避難する必要に駆られ、交通インフラにも影響が出ていた。それにより、日本各地で激しい被害を受けていることが明らかであり、被害状況について確実な把握を目指し、同時に復旧作業の進捗も順調でと考えられているようだ。
助長,2,2,4人目,188,0.10036331355335809,日本各地で2023年11月にかけて出現した異常降雨により、数多くの地域が大雨による広範囲的な氾濫や土砂災害に直面し、その結果として住民の大多数が避難する必要性を感じさせる出来事が相次ぎ、日本各地の交通インフラにも影響が出始めていた。それにより、多くの日本各地で激しい被害を受けていることは明らかであり、被害状況について確実な把握を行いながら復旧作業も順調に進行しているようだ。
助長,2,2,5人目,186,0.10879359664524804,日本各地では2023年11月にかけて出現した異常降雨の影響により、多くの地域が大雨による広範囲的な氾濫や土砂災害に直面し、その結果として住民の大多数が避難する必要性を感じさせた出来事が相次いで発生した。日本各地で交通インフラにも影響が出始めていたため、激しい被害を受けている地域は多く存在しており、被害状況について確実な把握を行いながら復旧作業も順調に進行しているようだ。
助長,2,2,6人目,449,0.07758450088098476,日本各地では2023年11月にかけて出現した異常降雨の影響により、多くの地域が大雨による広範囲的な氾濫や土砂災害に直面し、その結果として住民の大多数が避難する必要性を感じさせた出来事が相次いで発生した。交通インフラにおいても、国道や県道など主要道路の通行止めや遮断などの混乱による影響が出始めたため、日本各地で激しい被害を受けている地域が多数存在しているようだ。政府・都道府県・自治体は、このような被害状況について確実に把握しながら、復旧作業の進行を確認するなど、被害救済に全力をかけており、その結果として復旧作業も順調に進んでいるようだ。このように日本各地で大きな混乱と被害を受けているため、今後にも多くの地域がこのような状況に直面しそうであり、このような事件の回避や軽減を図るための対策としては、各地で雨雲の予測や気象警報などの情報提供についてより早く提供するよう努めるとともに、国や都道府県・自治体が協力し合いながら、洪水による被害を受けにくい地域づくりを推進することが必要になってきている。
助長,2,2,7人目,435,0.0816768624958493,日本各地では2023年11月にかけて出現した異常降雨の影響により、大雨による広範囲的な氾濫や土砂災害が相次ぎ、その結果として住民の大多数が避難する必要性を感じさせた出来事が発生している。この状況は、交通インフラにおいても重大な影響が出始めており、国道や県道など主要道路の通行止めや遮断などの混乱による影響が広がりつつある。そうした被害を受けている地域が日本各地に多数存在しており、このような状況を政府・都道府県・自治体は確実に把握しながら、復旧作業の進行を確認し続けており、その結果として復旧作業も順調に進んでいるようだ。このように、日本各地で大きな混乱と被害を受けている状況は今後も多くの地域が直面する可能性があるため、このような事件の回避や軽減を図るための対策として、各地では雨雲の予測や気象警報などの情報提供についてより早く提供するよう努めるとともに、国や都道府県・自治体が協力し合いながら洪水による被害を受けにくい地域づくりを推進することが必要になってきている。
助長,2,2,8人目,625,0.06412884175864343,日本各地では2023年11月にかけて出現した異常降雨の影響により、大雨による広範囲的な氾濫や土砂災害が相次ぎ、その結果として住民の大多数が避難する必要性を感じさせた出来事が発生している。この状況は、交通インフラにおいても重大な影響が出始めており、国道や県道など主要道路の通行止めや遮断などの混乱による影響が広がりつつある。そうした被害を受けている地域が日本各地に多数存在しており、このような状況を政府・都道府県・自治体は確実に把握しながら、復旧作業の進行を確認し続けており、その結果として復旧作業も順調に進んでいるようだ。このように、日本各地で大きな混乱と被害を受けている状況は今後も多くの地域が直面する可能性があるため、このような事件の回避や軽減を図るための対策として、各地では雨雲の予測や気象警報などの情報提供についてより早く提供するよう努めるとともに、国や都道府県・自治体が協力し合いながら洪水による被害を受けにくい地域づくりを推進することが必要になってきている。具体的には、各地ではこのような現象の発生率を低減させるための対策として、気象庁などが提供している予測や警報の情報について、より細かい地域単位で早く提供されるようにしているとともに、国と都道府県・自治体が協力し合いながら、道路や建物などに関して洪水による被害を受けにくい設計を行うことが多くなってきている。また、関係者同士の迅速な情報共有も今後さらに重視されるようになってきている。
助長,2,2,9人目,517,0.04431784186416016,日本各地では2023年11月にかけて出現した異常降雨により、大雨による広範囲的な氾濫や土砂災害が相次ぎ、その影響は住民の多くを避難に追い立てるほど重大なものであった。交通インフラにおいても、国道や県道など主要道路の通行止めや遮断などの混乱による影響が広がっており、このような被害を受けている地域は日本各地に点在している。このような状況を政府・都道府県・自治体は厳密に把握し、その結果として復旧作業も順調に進んでいるようだ。交通の便や住民の生活に及ぼす影響など、さまざまな観点からこのような事件の回避や軽減を図るための対策として、各地では雨雲の予測や気象警報などの情報提供についてより早く提供するように努めている。国と都道府県・自治体が協力し合いながら洪水による被害を受けにくい地域づくりを推進することが今後ますます必要になってきている。また、各地ではこのような現象の発生率を低減させるための対策として気象庁などが提供している予測や警報の情報についてより細かい地域単位で早く提供されるようにしているとともに、国と都道府県・自治体が協力し合いながら道路や建物などの設計について洪水による被害を受けにくいものとすることが多くなってきている。
助長,2,2,10人目,520,0.043939759725685715,日本各地では2023年11月にかけて出現した異常降雨により、大雨による広範囲的な氾濫や土砂災害が相次ぎ、その影響は住民の多くを避難に追い立てるほど重大なものであった。交通インフラにおいても、国道や県道など主要道路の通行止めや遮断などの混乱による影響が広がっており、このような被害を受けている地域は日本各地に点在している。このような状況を政府・都道府県・自治体は厳密に把握し、その結果として復旧作業も順調に進んでいるようだ。交通の便や住民の生活に及ぼす影響など、さまざまな観点からこのような事件の回避や軽減を図るための対策として、各地では雨雲の予測や気象警報などの情報提供についてより早く提供するように努めている。このため、国と都道府県・自治体が協力し合いながら洪水による被害を受けにくい地域づくりを推進することが今後ますます必要になってきている。各地ではこのような現象の発生率を低減させるための対策として、気象庁などが提供している予測や警報の情報についてより細かい地域単位で早く提供されるようにしているとともに、国と都道府県・自治体が協力し合いながら道路や建物などの設計について洪水による被害を受けにくいものとすることが多くなってきている。
助長,4,4,原文,123,1.0,2023年11月、大阪府吹田市で、深夜に発生した大規模停電が市民生活を混乱させた。電力供給の停止により、多くの家や店舗が営業できず、交通機関にも影響が出た。原因は送電線のショートで、復旧作業には長時間かかり、地域住民は徐々に電気復旧へと向かった。
助長,4,4,1人目,312,0.22121298324593197,2023年11月、大阪府吹田市では深夜に大規模停電が発生し、それによって市民生活が混乱したことが確認されている。この停電の影響で多くの家や商店が営業できず、交通機関にも及ぼすべき被害が出ているとみられる。停電は電力供給を停止させたことから、このような状況になったようである。停電により地域住民に深刻な影響が出ていたようであり、彼らの生活は大きな混乱を受けたことがわかっている。停電の原因は送電線のショートであったと伝えられている。このショートが原因で、復旧作業には時間を取っており、また、このような状況は地域住民に深刻な影響を及ぼしたことになる。停電の影響で、彼らは徐々に電気を回復するための作業が続けられてきたようである。
助長,4,4,2人目,377,0.18100462974134274,2023年11月、大阪府吹田市では深夜の大規模停電の発生により、市民生活が大きな混乱を引き起こしたことが確認されている。このような状況になったのは、その停電による影響であり、多くの家や商店が営業できず、交通機関にも及ぼすべき被害が出ているとみられる。停電は電力供給を停止させたことから、このような状況になったようであるということは明らかであった。このような停電の影響で地域住民に深刻な影響が出ていたようであり、彼らの生活は大きな混乱を受けたことがわかっている。停電の原因について伝えられた情報によると、送電線のショートが原因であったと伝えられている。そのショートが原因で復旧作業には時間を取っており、そのためこのような状況は地域住民に深刻な影響を及ぼしたことになる。これまでに停電の影響で、彼らは徐々に電気を回復するための作業が続けられてきたようである。
助長,4,4,3人目,383,0.1394543522463978,2023年11月の大阪府吹田市における深夜の大規模停電は、多くの家や商店に対し営業ができなくなったり、交通機関にも被害を及ぼしたりするような大きな混乱を引き起こしたことが確認されている。停電による影響により、このような状況になったのは明らかであり、そのような深夜の大規模停電の影響で地域住民に彼らの生活は大きな混乱を受けたことになる。この停電の影響が大きかった理由は、電力供給を停止させたためであり、そのような停電の原因について伝えられた情報によると、送電線のショートによるものであったということが明らかである。そのショートが原因で復旧作業には時間がかかっており、それが原因でこのような深夜の大規模停電の影響は地域住民に深刻な影響を及ぼしたことになる。このような停電の影響に対処するために、停電の影響で彼らは徐々に電気を回復するための作業が続けられてきたようである。
助長,4,4,4人目,358,0.13511476633336872,2023年11月の大阪府吹田市における深夜の大規模停電により、多くの家や商店などに対してその深夜に営業ができなくなったり、交通機関にも被害を及ぼしたりと、それほど大きくない事実関係でもあるように思われるような大きな混乱を引き起こすこととなったのは確かである。停電による影響により、このような状況になったことが明らかであり、そのような深夜の大規模停電の影響によって地域住民に彼らの生活は大きな混乱を受けたことは実際にある。このような停電の影響が大きかった理由について調査したところ、停電の原因として伝えられた情報によると、送電線がショートして停止させたことが明らかであった。ショートによってその復旧作業には時間がかかってしまい、それが原因でこのような深夜の大規模停電の影響は地域住民に深刻な影響を及ぼしたことになった。
助長,4,4,5人目,662,0.15672222754581655,2023年11月の大阪府吹田市における深夜の大規模停電により、多くの家や商店などに対してその深夜に営業ができなくなったり、交通機関にも被害を及ぼしたりと、それほど大きくない事実関係でもあるように思われるような大きな混乱を引き起こすこととなったのは確かである。停電による影響により、このような状況になったことが明らかであり、そのような深夜の大規模停電の影響によって地域住民に彼らの生活は大きな混乱を受けたことは実際にある。このような停電の影響が大きかった理由について調査したところ、停電の原因として伝えられた情報によると、送電線がショートして停止させたことが明らかであった。ショートによってその復旧作業には時間がかかってしまい、それが原因でこのような深夜の大規模停電の影響は地域住民に深刻な影響を及ぼしたことになった。停電による影響について調査すると、各所の電気供給会社も被害を受けたことを明らかにしており、このような事態となったことで、地域住民には大きな混乱が生じた。このように、大規模停電の原因となる障害は送電線のショートで止まっており、その影響は深夜に大きく影響を及ぼした。停電による影響が大きかった理由について調査すると、送電線のショートによって復旧作業には時間がかかってしまい、地域住民の生活も深刻な影響を受けたことが明らかである。このような大規模停電の影響は深夜に広範囲に及んだが、その原因は送電線のショートによるものだった。このように、大規模停電の影響は被害を受けていた家や商店などに対して大きく影響を及ぼした。
助長,4,4,6人目,789,0.14587152849701623,2023年11月の大阪府吹田市における深夜の大規模停電により、多くの家や商店などに対してその深夜に営業ができなくなったり、交通機関にも被害を及ぼしたりと、それほど大きくない事実関係でもあるように思われるような大きな混乱を引き起こすこととなったのは確かである。停電による影響により、このような状況になったことが明らかであり、そのような深夜の大規模停電の影響によって地域住民に彼らの生活は大きな混乱を受けたことは実際にある。このような停電の影響が大きかった理由について調査したところ、停電の原因として伝えられた情報によると、送電線がショートして停止させたことが明らかであった。ショートによってその復旧作業には時間がかかってしまい、それが原因でこのような深夜の大規模停電の影響は地域住民に深刻な影響を及ぼしたことになった。停電による影響について調査すると、各所の電気供給会社も被害を受けたことを明らかにしており、このような事態となったことで、地域住民には大きな混乱が生じた。このように、大規模停電の原因となる障害は送電線のショートで止まっており、その影響は深夜に大きく影響を及ぼした。停電による影響が大きかった理由について調査すると、送電線のショートによって復旧作業には時間がかかってしまい、地域住民の生活も深刻な影響を受けたことが明らかである。このような大規模停電の影響は深夜に広範囲に及んだが、その原因は送電線のショートによるものだった。このように、大規模停電の影響は被害を受けていた家や商店などに対して大きく影響を及ぼした。実際には、停電による影響は地域の商店や工場などの事業者にも深刻な影響を及ぼしており、そのような状況は地域住民にとって大きな困難となっていた。このように、大規模停電は地域に多大な影響を及ぼしたため、調査を行い、原因について明らかにする必要性が高まっている。
助長,4,4,7人目,780,0.1457189200038713,2023年11月の大阪府吹田市での深夜の大規模停電により、多くの家や商店などに対してその深夜に営業ができなくなったり、そのような影響は交通機関にも被害を及ぼしたりと、それほど大きくない事実関係でもあるように思われるような大きな混乱を引き起こすこととなったのは確かである。停電による影響により、このような状況になったことが明らかであり、深夜の大規模停電の影響によって地域住民に彼らの生活は大きな混乱を受けたことは実際にある。このような停電の影響が大きかった理由について調査したところ、そのような事態を引き起こした原因として送電線がショートして停止させたことが明らかであった。ショートによってその復旧作業には時間がかかってしまい、それが原因でこのような深夜の大規模停電の影響は地域住民に深刻な影響を及ぼしたことになった。また、停電による影響について調査すると、各所の電気供給会社も被害を受けたことを明らかにしており、このような事態となったことで、地域住民には大きな混乱が生じた。このように、大規模停電の原因となる障害は送電線のショートで止まっており、その影響は深夜に大きく影響を及ぼした。停電による影響が大きかった理由について調査すると、復旧作業には時間がかかってしまい、地域住民の生活も大きな混乱を受けたことが明らかである。このような大規模停電の影響は深夜に広範囲に及んだが、その原因は送電線のショートによるものだった。このように、大規模停電の影響は被害を受けていた家や商店などに対して大きく影響を及ぼした。実際には、停電による影響は地域の商店や工場などの事業者にも深刻な影響を及ぼしており、そのような状況は地域住民にとって大きな困難となっていた。このように、大規模停電は地域に多大な影響を及ぼしたため、調査を行い、原因について明らかにする必要性が高まっている。
助長,4,4,8人目,726,0.1527706104170823,2023年11月の大阪府吹田市での深夜の大規模停電により、多くの家や商店などに対してその深夜に営業ができなくなったり、そのような影響は交通機関にも被害を及ぼしたりと、それほど大きくない事実関係でもあるように思われるような大きな混乱を引き起こすこととなったのは確かである。停電による影響により、このような状況になったことが明らかであり、深夜の大規模停電の影響によって地域住民に彼らの生活は大きな混乱を受けたことは実際にある。このような停電の影響が大きかった理由について調査したところ、そのような事態を引き起こした原因として送電線がショートして停止させたことが明らかであった。ショートによってその復旧作業には時間がかかってしまい、それが原因でこのような深夜の大規模停電の影響は地域住民に深刻な影響を及ぼしたことになった。また、停電による影響について調査すると、各所の電気供給会社も被害を受けたことを明らかにしており、このような事態となったことで、地域住民には大きな混乱が生じた。このように、大規模停電の原因となる障害は送電線のショートで止まっており、その影響は深夜に大きく影響を及ぼした。停電による影響が大きかった理由について調査すると、復旧作業には時間がかかってしまい、地域住民の生活も大きな混乱を受けたことが明らかである。このような大規模停電の影響は深夜に広範囲に及んだが、その原因は送電線のショートによるものだった。そのような影響は交通機関や商店などにも被害を及ぼしており、地域住民にとってはそのような状況は大きな困難となっていた。このように、大規模停電は地域に多大な影響を及ぼしたため、調査を行い、その原因について明らかにする必要性が高まっている。
助長,4,4,9人目,836,0.15714459456719393,2023年11月の大阪府吹田市での深夜の大規模停電により、多くの家や商店などに対してその深夜に営業ができなくなったり、そのような影響は交通機関にも被害を及ぼしたりと、それほど大きくない事実関係でもあるように思われるような大きな混乱を引き起こすこととなったのは確かである。停電による影響により、このような状況になったことが明らかであり、深夜の大規模停電の影響によって地域住民に彼らの生活は大きな混乱を受けたことは実際にある。このような停電の影響が大きかった理由について調査したところ、そのような事態を引き起こした原因として送電線がショートして停止させたことが明らかであった。ショートによってその復旧作業には時間がかかってしまい、それが原因でこのような深夜の大規模停電の影響は地域住民に深刻な影響を及ぼしたことになった。また、停電による影響について調査すると、各所の電気供給会社も被害を受けたことを明らかにしており、このような事態となったことで、地域住民には大きな混乱が生じた。このように、大規模停電の原因となる障害は送電線のショートで止まっており、その影響は深夜に大きく影響を及ぼした。停電による影響が大きかった理由について調査すると、復旧作業には時間がかかってしまい、地域住民の生活も大きな混乱を受けたことが明らかである。このような大規模停電の影響は深夜に広範囲に及んだが、その原因は送電線のショートによるものだった。そのような影響は交通機関や商店などにも被害を及ぼしており、地域住民にとってはそのような状況は大きな困難となっていた。このように、大規模停電は地域に多大な影響を及ぼしたため、調査を行い、その原因について明らかにする必要性が高まっている。停電の影響によって、このような事態となったことで、地域住民には生活の中で重大な問題や困難を直面し、日常の作業や行動も大きな障壁となり、そのような影響は深夜に広範囲に及んだため、地域の治安にも影響が出たことは明らかである。
助長,4,4,10人目,785,0.11692588351883669,2023年11月の大規模停電により、大阪府吹田市での深夜時間帯に多くの家や商店などが営業を停止するという事態が発生しました。そのような状況は交通機関にも広範囲に被害を及ぼす大きな混乱を引き起こしたこととなります。停電による影響により、地域住民の生活は深刻な問題を直面し、日常の作業や行動も大きな障壁となってしまいました。このような状況は地域の治安にも重大な影響を及ぼしていると考えられます。そのような停電の影響は広範囲に及んでおり、交通機関や商店などにも被害が及んだことが明らかです。停電による影響について調査したところ、そのような事態を引き起こした原因として送電線がショートして停止させたことが明らかでした。そのショートによって復旧作業には時間がかかってしまい、それが原因で深夜の大規模停電の影響は地域住民に深刻な影響を及ぼしていました。各所の電気供給会社も被害を受けたことを明らかにしており、このような事態となったことで、地域住民には大きな混乱が生じたことが明らかです。そのようなショートによって停電による影響は広範囲に及んでおり、大規模停電の原因となる障害は送電線のショートで止まっており、その影響は深夜時間帯に大きく影響を及ぼしていました。停電による影響が大きかった理由について調査すると、復旧作業には時間がかかってしまい、地域住民の生活も大きな混乱を受けたことが明らかです。このような状況により、大規模停電は地域に多大な影響を及ぼし、そのような事態となったことで、地域住民にとっては生活の中で重大な問題や困難を直面していました。そのような影響は深夜時間帯に広範囲に及んだため、このような停電の影響が深刻なものであったことは明らかです。このように、大規模停電の影響は地域に多大な影響を及ぼしたため、その原因について調査を行い、明らかにする必要性が高まっています。
助長,5,5,原文,95,1.0,2023年9月、東京都内で記録的な集中豪雨が発生し、河川の氾濫や土砂災害を引き起こしました。多くの住民が避難を余儀なくされ、交通網は大混乱に陥りました。重力災害として警戒が必要な状況でした。
助長,5,5,1人目,208,0.44765267717471324,2023年9月の東京都内では記録的な集中豪雨が発生し、大雨による河川氾濫と土砂災害が相次いで発生しました。多くの住民が避難を余儀なくされ、交通網は大混乱に陥り、路線バスや電車の運行が止められたほか、道路での移動も著しく困難になりました。また、この集中豪雨により、水道施設への被害が出て水道供給が麻痺し、住民の生活を支える基本的なサービスが大幅に低下した状況となり、重力災害として警戒する必要性が増す事態に陥りました。
助長,5,5,2人目,205,0.2491420074072443,2023年9月に東京都内では、記録的で異常な集中豪雨が降り始め、大雨による河川氾濫と土砂災害が相次いで発生しました。これにより多くの住民は避難を余儀なくされました。公共交通機関の路線バスや電車の運行も全く中断し、道路での移動も著しく困難になりました。この集中豪雨による大きな問題は、水道施設への重大な被害が出て、水道供給が麻痺したため、住民の生活を支える基本的なサービスが大幅に低下するという事態となりました。
助長,5,5,3人目,208,0.15562434312164153,2023年9月に入ると、東京都内では記録的で異常に激しい集中豪雨が降り始め、大雨による河川氾濫と土砂災害が相次いで発生した。このため、多くの住民は避難を余儀なくされ、公共交通機関の路線バスや電車の運行も全く中断し、道路での移動も極めて困難になった。さらにこの集中豪雨による大きな問題は、水道施設への重大な被害が出てしまい、水道供給が麻痺したため、住民の生活を支える基本的なサービスが著しく低下するという事態となった。
助長,5,5,4人目,353,0.08803555940773732,2023年9月に入ってから、日本の首都である東京都内では大雨による異常な氾濫と土砂災害が相次いで発生し、大きな混乱をもたらした。このため、多くの住民は避難のために家を出なければならなくなり、その数は相当に多かったようだ。公共交通機関の路線バスや電車では運転を見合わせた結果、交通網が麻痺してしまった。その結果、道路での移動も極めて困難になったことが、多くの人の目の当たりにした出来事で、大変混乱をきたすものだった。このような状況の中で、さらに深刻な問題が見受けられた。集中豪雨による水道施設への重大な被害が出てしまい、水道供給の根本的な障壁になったことで、市民生活を支える基本サービスは著しく低下することとなった。これは、水がなければ、生活自体が維持できないという事実から生じたもので、最大級の問題だった。
助長,5,5,5人目,493,0.08778470469578692,2023年9月に入ってから、日本の首都である東京都内では突然の大雨による異常な氾濫と土砂災害が相次いで発生し、大きな混乱をもたらした。このため、多くの住民は避難のために家を出なければならなくなり、その数は相当に多かったようだ。公共交通機関の路線バスや電車では運転を見合わせた結果、交通網が麻痺してしまった。その結果、道路での移動も極めて困難になったことが、多くの人の目の当たりにした出来事で、大変混乱をきたすものだった。このような状況の中で、さらに深刻な問題が見受けられた。集中豪雨による水道施設への重大な被害が出てしまい、水道供給の根本的な障壁になったことで、市民生活を支える基本サービスは著しく低下することとなった。これは、水がなければ、生活自体が維持できないという事実から生じたもので、最大級の問題だった。このため、日常生活に必要な最も基本的な物資である水は、利用が全くできなくなった。特に、飲料水や洗濯用水などを用意することが困難になったことで、市民生活はますます苦しい思いをした。そして、そのような状況の中で、自衛隊や各方面の協力者も急遽派遣され、現場への出動が多く行われた。
助長,5,5,6人目,573,0.08650164156475411,2023年9月に入ってから、日本の首都である東京都内では、突然の大雨による氾濫と土砂災害が相次いで発生し、住民の生活に大きな影響を与えた。このため、多くの住民は避難のために家を出なければならなくなり、その数は相当に多かったようだ。公共交通機関の路線バスや電車では運転を見合わせた結果、広範囲にわたる地域で交通網が麻痺してしまった。その結果、道路での移動も極めて困難になったことが、多くの人の目の当たりにした出来事で、大変混乱をきたすものだった。このような状況の中で、さらに深刻な問題が見受けられた。集中豪雨による水道施設への重大な被害が出てしまい、水道供給の根本的な障壁になったことで、市民生活を支える基本サービスは著しく低下することとなった。これは、水がなければ、生活自体が維持できないという事実から生じたもので、このような状況では最大級の問題だった。このため、日常生活に必要な最も基本的な物資である水は、利用が全くできなくなった。特に、飲料水や洗濯用水などを用意することが困難になったことで、市民生活はますます苦しい思いをした。また、このような状況の中で、多くの住民が水道供給に頼ることができず、飲食物の調達や清潔な環境の維持にも苦労したようだ。そして、そのような状況の中で、自衛隊や各方面の協力者も急遽派遣され、現場への出動が多く行われた。
助長,5,5,7人目,785,0.07696908536297492,2023年9月に入ってから、日本の首都である東京都内では、突然の大雨による氾濫と土砂災害が相次いで発生し、住民の生活に大きな影響を与えた。このため、多くの住民は避難のために家を出なければならなくなり、その数は相当に多かったようだ。公共交通機関の路線バスや電車では運転を見合わせた結果、広範囲にわたる地域で交通網が麻痺してしまった。その結果、道路での移動も極めて困難になったことが、多くの人の目の当たりにした出来事で、大変混乱をきたすものだった。このような状況の中で、さらに深刻な問題が見受けられた。集中豪雨による水道施設への重大な被害が出てしまい、水道供給の根本的な障壁になったことで、市民生活を支える基本サービスは著しく低下することとなった。これは、水がなければ、生活自体が維持できないという事実から生じたもので、このような状況では最大級の問題だった。このため、日常生活に必要な最も基本的な物資である水は、利用が全くできなくなった。特に、飲料水や洗濯用水などを用意することが困難になったことで、市民生活はますます苦しい思いをした。また、このような状況の中で、多くの住民が水道供給に頼ることができず、飲食物の調達や清潔な環境の維持にも苦労したようだ。そして、そのような状況の中で、自衛隊や各方面の協力者も急遽派遣され、現場への出動が多く行われた。市民生活を支える基本サービスは水道供給が最重要事項だったという点に注意する必要がある。水がなければ、日常生活は維持できないという事実から生じたもので、最大級の問題となった。このような状況では、避難した住民の数も相当多かったようだ。水道施設への被害により、市民生活を支える根本的なサービスである水道供給が著しく低下することとなった。また、そのような状況の中で、自衛隊や各方面の協力者も急遽派遣され、現場への出動が多く行われた。
助長,5,5,8人目,802,0.08045540099303503,2023年9月に入ってから、日本の首都である東京都内では、突然の大雨による氾濫と土砂災害が相次いで発生し、住民の生活に大きな影響を与えた。このため、多くの住民は避難のために家を出なければならなくなり、その数は相当に多かったようだ。公共交通機関の路線バスや電車では運転を見合わせた結果、広範囲にわたる地域で交通網が麻痺してしまった。その結果、道路での移動も極めて困難になったことが、多くの人の目の当たりにした出来事で、大変混乱をきたすものだった。このような状況の中で、さらに深刻な問題が見受けられた。集中豪雨による水道施設への重大な被害が出てしまい、水道供給の根本的な障壁になったことで、市民生活を支える基本サービスは著しく低下することとなった。これは、水がなければ、生活自体が維持できないという事実から生じたもので、このような状況では最大級の問題だった。このため、日常生活に必要な最も基本的な物資である水は、利用が全くできなくなった。特に、飲料用水や洗濯用水などを用意することが困難になったことで、市民生活はますます苦しい思いをした。また、このような状況の中で、多くの住民が水道供給に頼ることができず、飲食物の調達や清潔な環境の維持にも苦労したようだ。さらに、水を補給するための手段を確保できなかったため、市民は大きな困難を味わったといえる。水がなければ日常生活は維持できないという事実から生じたもので、このような状況では最大級の問題となった。このような状況では、避難した住民の数も相当多かったようだ。水道施設への被害により、市民生活を支える根本的なサービスである水道供給が著しく低下することとなり、これは大きな苦境だった。水道施設に重大な損傷を受けたため、日常生活に不可欠なサービスである水道供給が極端に悪化した。このような状況の中で、自衛隊や各方面の協力者も急遷派遣され、現場への出動が多く行われた。
助長,5,5,9人目,978,0.07316673970704332,2023年9月に入ってから、日本の首都である東京都内では、突然の大雨による氾濫と土砂災害が相次いで発生し、住民の生活に大きな影響を与えた。このため、多くの住民は避難のために家を出なければならなくなり、その数は相当に多かったようだ。公共交通機関の路線バスや電車では運転を見合わせた結果、広範囲にわたる地域で交通網が麻痺してしまった。その結果、道路での移動も極めて困難になったことが、多くの人の目の当たりにした出来事で、大変混乱をきたすものだった。このような状況の中で、さらに深刻な問題が見受けられた。集中豪雨による水道施設への重大な被害が出てしまい、水道供給の根本的な障壁になったことで、市民生活を支える基本サービスは著しく低下することとなった。これは、水がなければ、生活自体が維持できないという事実から生じたもので、このような状況では最大級の問題だった。このため、日常生活に必要な最も基本的な物資である水は、利用が全くできなくなった。特に、飲料用水や洗濯用水などを用意することが困難になったことで、市民生活はますます苦しい思いをした。また、このような状況の中で、多くの住民が水道供給に頼ることができず、飲食物の調達や清潔な環境の維持にも苦労したようだ。さらに、水を補給するための手段を確保できなかったため、市民は大きな困難を味わったといえる。水がなければ日常生活は維持できないという事実から生じたもので、このような状況では最大級の問題となった。このような状況では、避難した住民の数も相当多かったようだ。水道施設への被害により、市民生活を支える根本的なサービスである水道供給が著しく低下することとなり、これは大きな苦境だった。水道施設に重大な損傷を受けたため、日常生活に不可欠なサービスである水道供給が極端に悪化した。このような状況の中で、自衛隊や各方面の協力者も急遷派遣され、現場への出動が多く行われた。しかし、状況はひどく悪化し続けており、市民生活を大きく揺るがす最大級の問題となっていた。特に、飲食物の調達や清潔な環境の維持にも深刻な影響が出ており、住民は極限状態に苦しみながら暮らしているようだ。このような状況の中で、市民生活を支える基本サービスが全く機能することができず、人々は水や食料などの最も必要なものが確保できるようにとの懸念を感じたといい。
助長,5,5,10人目,1220,0.06410118317124149,2023年9月に入ってから、日本の首都である東京都内では、突然の大雨による氾濫と土砂災害が相次いで発生し、住民の生活に大きな影響を与えた。このため、多くの住民は避難のために家を出なければならなくなり、その数は相当に多かったようだ。公共交通機関の路線バスや電車では運転を見合わせた結果、広範囲にわたる地域で交通網が麻痺してしまった。その結果、道路での移動も極めて困難になったことが、多くの人の目の当たりにした出来事で、大変混乱をきたすものだった。このような状況の中で、さらに深刻な問題が見受けられた。集中豪雨による水道施設への重大な被害が出てしまい、水道供給の根本的な障壁になったことで、市民生活を支える基本サービスは著しく低下することとなった。これは、水がなければ、生活自体が維持できないという事実から生じたもので、このような状況では最大級の問題だった。このため、日常生活に必要な最も基本的な物資である水は、利用が全くできなくなった。特に、飲料用水や洗濯用水などを用意することが困難になったことで、市民生活はますます苦しい思いをした。また、このような状況の中で、多くの住民が水道供給に頼ることができず、飲食物の調達や清潔な環境の維持にも苦労したようだ。さらに、水を補給するための手段を確保できなかったため、市民は大きな困難を味わったといえる。水がなければ日常生活は維持できないという事実から生じたもので、このような状況では最大級の問題となった。このような状況では、避難した住民の数も相当多かったようだ。水道施設への被害により、市民生活を支える根本的なサービスである水道供給が著しく低下することとなり、これは大きな苦境だった。水道施設に重大な損傷を受けたため、日常生活に不可欠なサービスである水道供給が極端に悪化した。このような状況の中で、自衛隊や各方面の協力者も急遷派遣され、現場への出動が多く行われた。しかし、状況はひどく悪化し続けており、市民生活を大きく揺るがす最大級の問題となっていた。特に、飲食物の調達や清潔な環境の維持にも深刻な影響が出ており、住民は極限状態に苦しみながら暮らしているようだ。このような状況の中で、市民生活を支える基本サービスが全く機能することができず、人々は水や食料などの最も必要なものが確保できるようにとの懸念を感じたといい。住民の日常生活は極端に困難になり、特に飲食物と清潔な環境の維持には深刻な影響が出ており、市民生活はますます苦しい思いをしたようだ。また、このような状況の中で水道供給が全く機能しなくなり、それでもなお水を補給するための手段を確保できなかったため、市民は大きな困難を味わったといえる。自衛隊や各方面の協力者も現場への出動が多く行われたものの状況は悪化し続けており、最大級の問題となっていた。このような状況の中で、人々は水や食料などの最も必要なものが確保できるようにとの懸念を感じたといい。
助長,6,6,原文,102,1.0,ある患者が、高血圧と糖尿病を合併しており、症状の悪化を防ぐため、医師が複数の薬剤を処方した。その後、定期的な検査の結果、血糖値と血圧が改善し、生活習慣の見直しも実施されたことで、健康状態が良好に回復した。
助長,6,6,1人目,161,0.47995380689669426,ある患者が、高血圧という病状と糖尿病を合併しており、これらの症状の悪化を防ぐため、医師が複数の薬剤を処方した。それが効果的に発揮されたのか定かではないものの、その後、定期的な検査の結果、患者自身の血糖値は改善し、高血圧の影響も軽減され、生活習慣の見直しなどが実施されてきたことで、健康状態の全体的には良好に回復したようだ。
助長,6,6,2人目,256,0.2901661342623032,ある患者が高血圧という病状と糖尿病を併発しており、それらの症状の悪化を防ぐために医師が複数の薬剤を処方し、その結果、その後の定期的な検査の結果、患者自身の血糖値は改善されたようで、高血圧の影響も軽減され、生活習慣の見直しなどが実施されてきたことで、健康状態全体的には良好に回復したようだ。そしてこのような回復により、医師はその後の指導方針を再検討し、必要に応じて別の治療計画も検討したようだ。また、このようなケースにおける薬剤の作用機序とそれが患者全体の健康状態に与える影響についてもさらに調査が行われたようだ。
助長,6,6,3人目,268,0.2529908795591471,ある患者の状況は、高血圧という病状と糖尿病を併発しており、それらの症状の悪化を防ぐために医師が複数の薬剤を処方した。その結果、その後の定期的な検査で、患者自身の血糖値は改善されたようで、高血圧の影響も軽減されていった。生活習慣の見直しなどが実施されてきたことで、彼の健康状態全体的には良好に回復したようだ。そして、このような回復により、医師はその後の指導方針を再検討し、必要に応じて別の治療計画も検討されたようだ。また、そのようなケースにおける薬剤の作用機序と、それが患者全体の健康状態に与える影響について、さらに調査が行われたようだ。
助長,6,6,4人目,426,0.1674264914966108,ある患者の状況は、高血圧という病状と糖尿病を併発しており、それらの症状の悪化を防ぐために医師が複数の薬剤を処方した。その結果、その後の定期的な検査で、患者自身の血糖値は改善されたようで、高血圧の影響も軽減されていった。生活習慣の見直しなどが実施されてきたことで、彼の健康状態全体的には良好に回復したようだ。そして、このような回復により、医師はその後の指導方針を再検討し、必要に応じて別の治療計画も検討されたようだ。また、そのようなケースにおける薬剤の作用機序と、それが患者全体の健康状態に与える影響について、さらに調査が行われたようだ。彼らの行動は、彼ら自身を含む医師の総合的な判断によって実施されてきたからである。これには彼らの病状や症状に関する正確な情報を収集することと、それらのデータを分析し、評価することを必要とするからだ。また、適切な治療計画が立てられるようにもたらされた。これは、彼ら自身の健康状態の改善において大きな役割を果たしたからだ。
助長,6,6,5人目,259,0.2385733821310211,ある患者の状況は、高血圧という病状と糖尿病を併発していることや、それらの症状の悪化を防ぐために医師が複数の薬剤を処方したことである。その結果、その後の定期的な検査で、患者自身の血糖値は改善されたようであり、高血圧の影響も軽減されていったと考えられている。生活習慣の見直しなどが実施されてきたことで、彼の健康状態全体的には良好に回復したようだ。それにより、このようなケースにおける薬剤の作用機序や、それが患者全体の健康状態に与える影響について、より多くの情報が得られ、今後の治療計画を立てる上での参考になることになった。
助長,6,6,6人目,433,0.19453323075529466,ある患者の状況は、高血圧という病状と糖尿病を併発しており、その症状も悪化していることがありました。そのため、彼の症状の悪化を防ぐために医師は複数の薬剤を処方したのです。それらの薬剤の影響が確認されるために定期的な検査が実施されていました。結果として、患者自身の血糖値は改善されたようで、高血圧の影響も軽減されていると考えられます。そのように考えることで、彼の生活習慣をより正しく見直すことができたのではないでしょうか。それにより、彼の健康状態全体的に良好に回復したようだ。彼が薬剤を服用し、定期的な検査を受けることによって、今までにないほどの改善が見られたとのことでした。そのようなケースにおける薬剤の作用機序や、それらが患者全体の健康状態に与える影響について、より多くの情報が得られることができました。さらに今後の治療計画を立てる上での参考になります。これにより、医師はより適切な治療法を見出すことができ、さまざまな症状と病気との関係性も考慮する必要がありました。
助長,6,6,7人目,599,0.16719833852840282,ある患者の状況は、高血圧という病状と糖尿病を併発しており、その症状も悪化していることがありました。そのため、彼の症状の悪化を防ぐために医師は複数の薬剤を処方したのです。それらの薬剤の影響が確認されるために定期的な検査が実施されていました。結果として、患者自身の血糖値は改善されたようで、高血圧の影響も軽減されていると考えられます。そのように考えることで、彼の生活習慣をより正しく見直すことができたのではないでしょうか。それにより、彼の健康状態全体的に良好に回復したようだ。彼が薬剤を服用し、定期的な検査を受けることによって、今までにないほどの改善が見られたとのことでした。そのようなケースにおける薬剤の作用機序や、それらが患者全体の健康状態に与える影響について、より多くの情報が得られることができました。さらに今後の治療計画を立てる上での参考になります。これにより、医師はより適切な治療法を見出すことができ、さまざまな症状と病気との関係性も考慮する必要がありました。実際には、高血圧や糖尿病という病状の悪化が、それぞれ別々に治療されていたのに対し、今回のように併発した場合、どのような影響を及ぼすかを考慮しなければならず、それらの関係性をより深く理解する必要があったのです。したがって、現在のところは、これらのケースにおける医師の判断と患者への効果的なアプローチについて、十分な知見が得られました。
助長,6,6,8人目,677,0.16998016156185852,ある患者の状況は、高血圧という病状と糖尿病を併発しており、その症状も悪化していることがありました。そのため、彼の症状の悪化を防ぐために医師は複数の薬剤を処方したのです。それらの薬剤の影響が確認されるために定期的な検査が実施されていました。結果として、患者自身の血糖値は改善されたようで、高血圧の影響も軽減されていると考えられます。そのように考えることで、彼の生活習慣をより正しく見直すことができたのではないでしょうか。それにより、彼の健康状態全体的に良好に回復したようだ。彼が薬剤を服用し、定期的な検査を受けることによって、今までにないほどの改善が見られたとのことでした。そのようなケースにおける薬剤の作用機序や、それらが患者全体の健康状態に与える影響について、より多くの情報が得られることができました。さらに今後の治療計画を立てる上での参考になります。これにより、医師はより適切な治療法を見出すことができ、さまざまな症状と病気との関係性も考慮する必要がありました。実際には、高血圧や糖尿病という病状の悪化が、それぞれ別々に治療されていたのに対し、今回のように併発した場合、どのような影響を及ぼすかを考慮しなければならず、それらの関係性をより深く理解する必要があったのです。高血圧や糖尿病という病状は、それ自体が原因となるような複雑な身体的変化を引き起こしているからであり、併発した場合には、それぞれの症状が加速されてしまうためです。そのため、高血圧と糖尿病という両方の症状を対処するための新たな治療法や薬剤の開発も必要になってきていると言われています。
助長,6,6,9人目,697,0.17912097379646574,ある患者の状況は、複数の重篤な疾患に苦しんでいた。高血圧という持続的な病状と糖尿病を併発しており、その症状も悪化していることがありました。そのため、彼の症状の悪化を防ぐために医師は複数の薬剤を処方したのです。それらの薬剤の影響が確認されるために定期的な検査が実施されていました。結果として、患者自身の血糖値は改善されたようで、高血圧の影響も軽減されていると考えられます。そのように考えることで、彼の生活習慣をより正しく見直すことができたのではないでしょうか。それにより、彼の健康状態全体的に良好に回復したようだ。彼が薬剤を服用し、定期的な検査を受けることによって、今までにないほどの改善が見られたとのことでした。そのようなケースにおける薬剤の作用機序や、それらが患者全体の健康状態に与える影響について、より多くの情報が得られることができました。さらに今後の治療計画を立てる上での参考になります。これにより、医師はより適切な治療法を見出すことができ、さまざまな症状と病気との関係性も考慮する必要がありました。実際には、高血圧や糖尿病という病状の悪化が、それぞれ別々に治療されていたのに対し、今回のように併発した場合、どのような影響を及ぼすかを考慮しなければならず、それらの関係性をより深く理解する必要があったのです。高血圧や糖尿病という病状は、それ自体が原因となるような複雑な身体的変化を引き起こしているからであり、併発した場合には、それぞれの症状が加速されてしまうためでした。そのため、高血圧と糖尿病という両方の症状を対処するための新たな治療法や薬剤の開発も必要になってきているとのことでした。
助長,6,6,10人目,661,0.18964446550198913,複数の重篤な疾患に苦しんでいた患者は、持続的な高血圧と糖尿病を合併して発症していた。このため、彼の症状の悪化を防ぐために医師は複数の薬剤を処方した。それらの薬剤の影響が確認されるために定期的な検査が実施されていました。結果として、患者自身の血糖値は改善されたようで、高血圧の影響も軽減されていると考えられます。これにより、彼の生活習慣をより正しく見直すことができたのではないでしょうか。それにより、彼の健康状態全体的に良好に回復したようだ。彼が薬剤を服用し、定期的な検査を受けることによって、今までにないほどの改善が見られたとのことでした。そのようなケースにおける薬剤の作用機序や、それらが患者全体の健康状態に与える影響について、より多くの情報が得られることができました。さらに今後の治療計画を立てる上での参考になります。これにより、医師はより適切な治療法を見出すことができ、さまざまな症状と病気との関係性も考慮する必要がありました。実際には、高血圧や糖尿病という病状の悪化が、それぞれ別々に治療されていたのに対し、今回のように併発した場合、どのような影響を及ぼすかを考慮しなければならず、それらの関係性をより深く理解する必要があったのです。高血圧や糖尿病という病状は、それ自体が原因となるような複雑な身体的変化を引き起こしているからであり、併発した場合には、それぞれの症状が加速されてしまうためでした。そのため、高血圧と糖尿病という両方の症状を対処するための新たな治療法や薬剤の開発も必要になってきているとのことでした。
助長,7,7,原文,112,1.0,高齢女性が、急な胸痛を訴え救急外来を受診した。心電図検査の結果、急性心筋梗塞と診断され、速やかに経皮的冠動脈インターベンション（PCI）を受けれた。適切な処置により、梗塞部位の血流を再開させ、症状は改善し、入院治療となった。
助長,7,7,1人目,226,0.24590547715912361,高齢女性が、深刻な胸痛に襲われ救急外来で直ちに受診したところ、その際に行われた心電図検査の結果によると、彼女の心臓で急性の血液供給障害が生じており、それを心筋梗塞と診断された。そのために、緊急手術を受ける必要があり、速やかに専門医に助言されて経皮的冠動脈インターベンション（PCI）を受けられることで幸いなことに処置は適切に行われ、彼女の梗塞した部位の血液流れが再開されることになり、それによって胸痛の症状は改善され、入院治療を必要とするようになった。
助長,7,7,2人目,254,0.20345858636611736,高齢女性が深刻で酷い胸痛に襲われて直ちに救急外来を受診したところ、その際に行われた心電図検査の結果によると、彼女の心臓で突然の急性血液供給障害が発生し、それを緊急の疾患である心筋梗塞と正しく診断された。そのために、非常に危険な状態となったため、すぐに専門医によって助言を受けて経皮的冠動脈インターベンション（PCI）を受けることで幸いなことに処置は適切に行われ、彼女の梗塞した部位の血液が自由に流れ出せるように再開されることになり、それによって胸痛の症状は改善され、入院治療を必要とするようになってしまった。
助長,7,7,3人目,253,0.20481947801478223,高齢女性が深刻で酷い胸痛に襲われて直ちに救急外来を受診したところ、その際に行われた心電図検査の結果によると、彼女の心臓で突然の急性血液供給障害が発生し、それを緊急の疾患である心筋梗塞と正しく診断された。そのために非常に危険な状態となったため、すぐに専門医によって助言を受けて経皮的冠動脈インターベンション（PCI）を受けることで幸いなことに処置は適切に行われ、彼女の梗塞した部位の血液が自由に流れ出せるように再開されることになり、それによって胸痛の症状は改善され、入院治療を必要とするようになってしまった。
助長,7,7,4人目,289,0.16323818051756905,高齢女性が深刻で酷い胸痛に襲われ直ちに救急外来を受診したところ、その際に行われた心電図検査の結果によると、彼女の心臓には突然の急性血液供給障害が発生しており、それを緊急の疾患である心筋梗塞と正しく診断された。そのために非常に危険な状態となったため、すぐに専門医によって助言を受けて、特定の方法で冠状動脈にアクセスすることができる技術である経皮的冠動脈インターベンション（PCI）を受けることで幸いなことに処置は適切に行われ、そのために梗塞した部位から障害が解消されたため、彼女の血液供給状況が改善され、それによって胸痛の症状も改善され、入院治療を必要とするようになってしまった。
助長,7,7,5人目,359,0.14443824401342273,高齢女性が深刻で酷い胸痛に襲われ直ちに救急外来を受診したところ、その際に行われた心電図検査の結果によると、彼女の心臓には突然の急性血液供給障害が発生しており、それを緊急の疾患である心筋梗塞と正しく診断された。そのために非常に危険な状態となったため、すぐに専門医によって助言を受けて、特定の方法で冠状動脈にアクセスすることができる技術である経皮的冠動脈インターベンション（PCI）を受けることで幸いなことに処置は適切に行われ、そのために梗塞した部位から障害が解消されたため、彼女の血液供給状況が改善され、それによって胸痛の症状も改善され、入院治療を必要とするようになってしまった。しかし、専門医による助言と PCI により、これまでに起こり得た悪い結果を防ぐことができたことは、その後の彼女の健康状態の回復にも役立った。
助長,7,7,6人目,229,0.1489904335298695,高齢女性が深刻で酷い胸痛に襲われ直ちに救急外来を受診し、心電図検査により突然の急性血液供給障害と心筋梗塞が判定された。そのため、非常に危険な状態となったため、すぐに専門医によって助言を受け、特定の方法で冠状動脈にアクセスすることができる技術である経皮的冠動脈インターベンション（PCI）を適用して梗塞した部位から障害が解消されたため、彼女の血液供給状況が改善され、それによって胸痛の症状も改善された。しかし、その後の入院治療を必要とするようになってしまった。
助長,7,7,7人目,252,0.13155217843759262,高齢女性が深刻で酷い胸痛に襲われ直ちに救急外来を受診したところ、心電図検査により突然の急性血液供給障害と心筋梗塞が明らかになり、その危険な状態を目の当たりにしたため、すぐに専門医によって助言を受け、それから特定の方法で冠状動脈にアクセスすることができる技術である経皮的冠動脈インターベンション（PCI）を適用して梗塞した部位からの障害が解消されたために彼女の血液供給状況が改善され、それによって胸痛の症状も改善された。しかし、その後は入院治療の必要性が生じたため、病院に長く滞在しなければならなくなった。
助長,7,7,8人目,281,0.1247330283651726,高齢女性が突然激しい深刻な胸痛に襲われ、直ちに医師の診察を受けたところ、そのような症状は心臓疾患の危険な兆候であると判断された。その結果、心電図検査を実施したところ急性血液供給不全と心筋梗塞の明らかな証拠が得られた。その彼女の健康状態を診察し直ちに助言を受けたため、それから冠状動脈に直接アクセスできる技術である経皮的冠状動脈インターベンション（PCI）を専門医によって実施された。これにより梗塞した部分からの障害が解消され、血液の供給状況も改善され胸痛の症状も緩和された。しかし、その後は入院治療が必要となり、それゆえに病院で長く滞在しなければならなくなった。
助長,7,7,9人目,311,0.11566092687155699,高齢女性が突然激しい深刻な胸痛に襲われ、直ちに医師の診察を受けたところ、そのような症状は心臓疾患の危険な兆候であると判断された。その結果、心電図検査を実施したところ急性血液供給不全と心筋梗塞の明らかな証拠が得られた。彼女の健康状態についてさらに診察し直ちに専門医の助言を受けたため、それから冠状動脈に直接アクセスできる技術である経皮的冠状動脈インターベンション（PCI）を専門医によって実施された。このような治療により梗塞した部分からの障害が解消され、血液の供給状況も改善され胸痛の症状も緩和された。しかし、その後は入院治療が必要となり、それゆえに病院で長く滞在しなければならなくなり、家族や親戚の世話を頼む羽目になった。
助長,7,7,10人目,379,0.10940936646931214,高齢女性が突然激しい深刻な胸痛に襲われ、直ちに医師の専門的診察を受けたところ、そのような症状は心臓疾患の危険な前兆であるとの判断が下された。その結果、心電図検査を実施したところ急性血液供給不全と心筋梗塞の明らかな証拠が得られた。彼女の健康状態についてさらに診察し直ちに専門医の助言を受けたため、それから冠状動脈に直接アクセスできる技術である経皮的冠状動脈インターベンション（PCI）を専門医によって実施された。このような治療により梗塞した部分からの障害が解消され、血液の供給状況も改善され胸痛の症状も緩和された。しかし、その後は入院治療が必要となり、それゆえに病院で長く滞在しなければならなくなり、家族や親戚に世話を頼む羽目になった。彼女は心臓疾患のリスクが高くなっていたため、血液供給不全と心筋梗塞に対する適切な治療を受ける必要性があったということになる。
助長,8,8,原文,92,1.0,2023年5月12日、新宿駅構内にて、鑑賞中だった女性が突然倒れた。周囲の男性が駆けつけ、救急隊員が到着し、心停止の状態だった彼女は、AEDと酸素吸入により蘇生され、病院へ搬送された。
助長,8,8,1人目,313,0.12830163404202524,2023年5月12日、新宿駅構内で多数の乗客に挨拶されていた女性観光客が途中で休憩していた最中、腰かけたままの姿勢から急に体を曲げた後、前方へ倒れ込んでしまい、その直後に周囲の男性たちが出会ったところでは、彼女はすでに頭から倒れた状態となっていた。慌てながら駆けつけた男性客が女性を見守ると同時に、駅内の通路に立っていた警察官や駅員もすぐさま現場に到着し、そのうちの一人が緊急の連絡を取り出した。そして、直後に急速に現場へ走り込み始めた救急隊員たちが彼女を確保して搬送する準備に入ったところで、心肺停止の危険が認められたため、すぐさまAEDでの蘇生処置を行い、その間に酸素吸入器も使用されて彼女は蘇生し、病院へ緊急搬送された。
助長,8,8,2人目,353,0.11786003527904057,2023年5月12日、新宿駅構内で多数の乗客に挨拶されていた女性観光客が午後遅く、繁忙な時間帯の中でも途中で休憩していた最中に腰かけたままの姿勢から急に体を曲げた後、前方へ倒れ込んでしまい、その直後に周囲の男性たちが出会ったところでは彼女はすでに頭から倒れた状態となっていた。慌てながら駆けつけた男性客が女性を見守ると同時に、駅内の通路に立ていた警察官や駅員もすぐさま現場に到着し、そのうちの一人が緊急の連絡を取り出すとすぐに出会った他の同僚にも状況を伝え始められた。そして、直後に急速に現場へ走り込み始めた救急隊員たちが彼女を確保して搬送する準備に入ると、その間に心肺停止の危険が認められてしまったため、すぐさまAEDでの蘇生処置を行い、その間に酸素吸入器も使用されて女性は蘇生し、病院へ緊急搬送された。
助長,8,8,3人目,382,0.12042122188780803,2023年5月12日、新宿駅構内で新規の観光客を前に見る乗客が多かった時間帯の中でも大変混雑している状況の中、歩行中だった女性観光客が午後遅くに繁忙な時間帯の中でも突然途中で止まって腰かけたままの姿勢から急に体を曲げて前方へ倒れこむと、その直後に周囲の男性たちが出会ったところでは彼女はすでに頭から地面へと倒れてしまっていた。慌てながら駆けつけてくれた男性客が女性を見守る様子の中、駅内の通路に立っていただいた警察官や駅員もすぐさま現場に到着し、そのうちの一人が緊急の連絡を取り出すとすぐに出会った他の同僚にも状況を伝え始めた。そして直後に急速に現場へ走り込んできた救急隊員たちが彼女を確保して搬送する準備に入ると、その間に心肺停止の危険が認められてしまったため、すぐさまAEDでの蘇生処置を行い、その間に酸素吸入器も使用されて女性は蘇生し、病院へ緊急搬送された。
助長,8,8,4人目,392,0.12355076818950271,2023年5月12日、新宿駅構内で新規の観光客を前に見る乗客が多かった時間帯の中でも大変混雑している状況の中にあって、歩行中だった女性観光客は午後遅く、繁忙な時間帯の中でも突然途中で腰かけており、その姿勢から急に体を曲げて前方へ倒れこむと、それが起きた直後に周囲の男性たちが出会ったところでは彼女はすでに頭から地面へと倒れてしまっていた。慌てながら駆けつけてくれた男性客が女性を見守る様子の中で、駅内の通路に立っていただいた警察官や駅員もすぐさま現場に到着し、そのうちの一人が緊急の連絡を取り出すとすぐに出会った他の同僚にも状況を伝え始めた。そして直後に急速に現場へ走り込んできた救急隊員たちが彼女を確保して搬送する準備に入ると、それまでの間に心肺停止の危険が認められてしまったため、すぐさまAEDでの蘇生処置を行い、その間に酸素吸入器も使用されて女性は蘇生し、病院へ緊急搬送された。
助長,8,8,5人目,394,0.12390846899280841,2023年5月12日、新宿駅構内で新規の観光客が増えていた時間帯の中でも混雑している状況の中にあって、歩行中だった女性観光客は午後遅く繁忙な時間帯の中でも突然途中で腰かけており、その姿勢から急に体を曲げて前方へ倒れこむと、それが起きた直後に周囲の男性たちが出会ったところでは彼女はすでに頭から地面へと倒れてしまっていた。慌てながら駆けつけてくれた男性客が女性を見守る様子の中で、駅内の通路に立っていただいた警察官や駅員もすぐさま現場に到着し、そのうちの一人が緊急の連絡を取り出すとすぐに出会った他の同僚にも状況を伝え始めた。そして直後に急速に現場へ走り込んできた救急隊員たちが彼女を確保して搬送する準備に入ると、それまでの間に心肺停止の危険が認められてしまったため、すぐさま自動体外式除細動器（AED）での蘇生処置を行い、その間に酸素吸入器も使用されて女性は蘇生し、病院へ緊急搬送された。
助長,8,8,6人目,395,0.12336374646484682,2023年5月12日、新宿駅構内で新規の観光客が増えている時間帯の中でも、混雑していた状況の中にあって、歩行中だった女性観光客は午後遅く繁忙な時間帯の中でも突然途中で腰かけており、その姿勢から急に体を曲げて前方へ倒れこむと、それが起きた直後に周囲の男性たちが出会ったところでは彼女はすでに頭から地面へと倒れてしまっていた。慌てながら駆けつけてくれた男性客が女性を見守る様子の中で、駅内の通路に立っていただいた警察官や駅員もすぐさま現場に到着し、そのうちの一人が緊急の連絡を取り出すとすぐに出会った他の同僚にも状況を伝え始めた。そして直後に急速に現場へ走り込んできた救急隊員たちが彼女を確保して搬送する準備に入ると、それまでの間に心肺停止の危険が認められてしまったため、すぐさま自動体外式除細動器（AED）での蘇生処置を行い、その間に酸素吸入器も使用されて女性は蘇生し、病院へ緊急搬送された。
助長,8,8,7人目,396,0.11872087200632847,2023年5月12日の午後遅くの新宿駅構内で、新規の観光客が増える時間帯の中でも混雑していた状況の中にあって、歩行中だった女性観光客は突然途中で腰かけてその姿勢から急に体を曲げて前方へ倒れこむと、それが起きた直後に周囲の男性たちが出会ったところでは彼女はすでに頭から地面へと倒れてしまっていた。慌てながら駆けつけてくれた男性客が女性を見守る様子の中で、駅内の通路に立っていただいた警察官や駅員もすぐさま現場に到着し、そのうちの一人が緊急の連絡を取り出すとすぐに出会った他の同僚にも状況を伝え始めた。そして直後に急速に現場へ走り込んできた救急隊員たちが彼女を確保して搬送する準備に入ると、それまでの間に心肺停止の危険が認められてしまったため、すぐさま自動体外式除細動器（AED）での蘇生処置を行い、その間に酸素吸入器も使用されて女性は心臓発作による昏倒から意識を取り戻し、病院へ緊急搬送された。
助長,8,8,8人目,419,0.10919368676339915,2023年5月12日の午後遅くの新宿駅構内で、混雑の厳しい状況の中にあって、新規の観光客が増える時間帯にはいつものように混ましていたが、その中でも歩行中だった女性観光客は突然途中で腰かけてその姿勢から急に体を曲げて前方へと倒れこむと、それが起きた直後に周囲の男性たちが出会ったところでは彼女はすでに頭から地面へと倒れてしまっていた。慌てながら駆けつけてくれた男性客が女性を見守る様子の中で、駅内の通路に立っていただいた警察官や駅員もすぐさま現場に到着し、そのうちの一人が緊急の連絡を取り出すとすぐに出会った他の同僚にも状況を伝え始めた。そして直後に急速に現場へ走り込んできた救急隊員たちが彼女を確保して搬送する準備に入ると、それまでの間に心肺停止の危険が認められてしまったため、すぐさま自動体外式除細動器（AED）の利用による蘇生処置を行い、その間に酸素吸入器も使用されて女性は心臓発作による昏倒から意識を取り戻し、病院へ緊急搬送された。
助長,8,8,9人目,424,0.09183111298002564,2023年5月12日の午後遅くの新宿駅構内で混雑が激しかった中、それでもいつものように新規の観光客が増える時間帯にはまだ多くの人が駅を利用していた。しかし、その中で歩行中に途中で腰かけた女性観光客は、突然その姿勢から急に体を前方へ大きく曲げて前進し、この動作が終わった直後に周囲の男性たちが出会ったところではすでに彼女は頭から地面へと倒れていた。慌てて駆けつけてくれた男性客が女性を見守る様子の中、駅内の通路に立っていた警察官や駅員もすぐさま現場へ到着し、そのうちの一人が緊急の連絡を取り出すとすぐに出会った他の同僚にも状況を伝え始めた。そして直後に急速に現場へ走り込んできた救急隊員たちが彼女を確保して搬送する準備に入ると、それまでの間に心肺停止の危険が認められてしまったため、すぐさま自動体外式除細動器（AED）の利用による蘇生処置を行い、その間に酸素吸入器も使用されて女性は心臓発作による昏倒から意識を取り戻し、それから病院へ緊急搬送された。
助長,8,8,10人目,531,0.10341261967746762,2023年5月12日の午後遅くの新宿駅構内で、混雑が激しかった中でもいつものように多くの人が新規の観光客が増える時間帯に駅を利用していた。しかし、その状況の中で歩行中に途中で腰かけた女性観光客は、突然その姿勢から急に体を前方へ大きく曲げて前進し、この動作が終わった直後に周囲の男性たちが出会ったところではすでに彼女は頭から地面へと倒れていた。慌てて駆けつけてくれた男性客が女性を見守る様子の中、駅内の通路に立っていた警察官や駅員もすぐさま現場へ到着し、そのうちの一人が緊急の連絡を取り出すとすぐに出会った他の同僚にも状況を伝え始めた。そして直後に急速に現場へ走り込んできた救急隊員たちが彼女を確保して搬送する準備に入ると、それまでの間に心肺停止の危険が認められてしまったため、すぐさま自動体外式除細動器（AED）の利用による蘇生処置を行い、その間に酸素吸入器も使用されて女性は心臓発作による昏倒から意識を取り戻し、それから病院へ緊急搬送された。しかし、駅内の通路に立っていた警察官や駅員のうちの一人は、現場まで到着した救急隊員たちが彼女を確保して搬送する準備に入った直後に状況を伝え始めており、その中に女性が心肺停止の危険に陥ってしまったことを明らかにしていた。
助長,9,9,原文,96,1.0,ある日、高齢女性が急な胸痛に襲われ、自宅で救急隊員に発見されました。心電図検査の結果、不整脈と判断され、速報で速やかに病院へ搬送されました。状態は安定しており、詳細な診察へとつなげられました。
助長,9,9,1人目,128,0.4665358660632051,ある日、高齢女性が突然、胸部に激しい痛みを感じたのち、自宅内で救急隊員に発見されたところであった。心電図検査による結果により不整脈と診断され、速やかに搬送された病院へ搬送されました。その際は、高齢女性の状態は安定しており、その詳細な診察へとつながりました。
助長,9,9,2人目,222,0.15433452182925594,ある日、高齢女性が突如として胸部に激しい痛みを感じ、それからしばらくして自宅内で救急隊員によって発見されたことにはなったのである。それは、彼女自身もそのことを認識していたようだ。この出来事が起きた時点での高齢女性の状態は、それまでより安定したように思われた。しかし、心電図検査による結果により不整脈と診断され、その後速やかに搬送された病院へと向かった。その際には、高齢女性のその状態は安定していたようで、その詳細な診察へとつながったのであった。
助長,9,9,3人目,221,0.16608675520748103,ある日、高齢女性が突然、胸部に激しい痛みを感じ、しばらくして自宅内で救急隊員によって発見されたことが明らかになっていたのである。それは彼女自身も、そのことを認識していたようだ。この出来事が起きた時点での高齢女性の状態は、それまでより安定したように思われた。しかし、心電図検査による結果により不整脈と診断され、その後速やかに搬送された病院へと向かった。その際には、高齢女性のその状態は安定していたようで、その詳細な診察へとつながったのであった。
助長,9,9,4人目,382,0.16224135224999087,ある日、高齢女性が突然、胸部に激しい痛みを感じ、それからしばらくして自宅内で救急隊員によって発見されたことが明らかになっていたのである。それは彼女自身も、そのことを認識していたようだ。この出来事が起きた時点での高齢女性の状態は、それまでより安定したように思われた。しかし、心電図検査による結果により不整脈と診断され、その後速やかに搬送された病院へと向かった。その際には、高齢女性のその状態は安定していたようで、その詳細な診察へとつながったのであった。高齢女性が発生した状況は、自宅内にいるときだったようだ。胸部の痛みは突然感じたことが分かっている。しかし、心電図検査による結果により不整脈と診断されたのである。このような出来事が起きた後、高齢女性は急いで搬送された病院へと向かった。その際には、安定した状態であったようで、詳細な診察へのつながりとなったのであった。
助長,9,9,5人目,483,0.1613603860041772,ある日、高齢女性が突然、胸部に激しい痛みを感じ、それからしばらくして自宅内で救急隊員によって発見されたことが明らかになっていたのである。それは彼女自身も、そのことを認識していたようだ。この出来事が起きた時点での高齢女性の状態は、それまでより安定したように思われた。しかし、心電図検査による結果により不整脈と診断され、その後速やかに搬送された病院へと向かった。その際には、高齢女性のその状態は不安を覚えるほど安定していたようで、その詳細な診察へとつながったのであった。高齢女性が発生した状況は、自宅内にいるときだったようだ。胸部の痛みは突然感じたことが分かっている。しかし、心電図検査による結果により不整脈と診断されたのである。このような出来事が起きた後、高齢女性は急いで搬送された病院へと向かった。その際には、安定した状態で動いたようであったのであって、詳細な診察へのつながりとなったのであった。高齢女性はその痛みを感じており、心電図検査に基づいて不整脈と診断されたのである。これらの事実は彼女自身も認識しており、それが原因となり病院へと搬送されていたということだ。
助長,9,9,6人目,516,0.14748144054272475,ある日、高齢女性が突然、胸部に激しい痛みを感じ、その痛みが続いた後、しばらくして自宅内で救急隊員によって発見されたことが明らかになっていたのである。それは彼女自身も、この出来事について、それを知ることすら認識していたようだ。このような出来事が起きた時点での高齢女性の状態は、それまでより安定したように思われた。しかし、心電図検査による結果により不整脈と診断され、その後速やかに搬送された病院へと向かった。その際には、高齢女性のその状態は不安を覚えるほど安定していたようで、その詳細な診察へとつながったのであった。高齢女性が発生した状況は、自宅内にいるときだったようだ。胸部の痛みは突然感じたことが分かっている。しかし、心電図検査による結果により不整脈と診断されたのである。このような出来事が起きた後、高齢女性は急いで搬送された病院へと向かった。その際には、安定した状態で動いたようであったのであって、そのことで詳細な診察へのつながりとなったのであった。高齢女性はその痛みを感じており、そのことを心電図検査に基づいて不整脈と診断されたのである。これらの事実は彼女自身も認識しており、それが原因となり病院へと搬送されていたということだ。
助長,9,9,7人目,1004,0.14515183585553107,ある日、高齢女性が突然、胸部に激しい痛みを感じ、その痛みが続いた後、しばらくして自宅内で救急隊員によって発見されたことが明らかになっていたのである。それは彼女自身も、この出来事について、それを知ることすら認識していたようだ。このような出来事が起きた時点での高齢女性の状態は、それまでより安定したように思われた。しかし、心電図検査による結果により不整脈と診断され、その後速やかに搬送された病院へと向かった。その際には、高齢女性のその状態は不安を覚えるほど安定していたようで、その詳細な診察へとつながったのであった。高齢女性が発生した状況は、自宅内にいるときだったようだ。胸部の痛みは突然感じたことが分かっている。しかし、心電図検査による結果により不整脈と診断されたのである。このような出来事が起きた後、高齢女性は急いで搬送された病院へと向かった。その際には、安定した状態で動いたようであったのであって、そのことで詳細な診察へのつながりとなったのであった。高齢女性はその痛みを感じており、そのことを心電図検査に基づいて不整脈と診断されたのである。これらの事実は彼女自身も認識しており、それが原因となり病院へと搬送されていたということだ。高齢女性は胸部の激しい痛みを感じ、しばらくして自宅内で発見されたことが明らかになっていた。それは自分の体に起こっていることを知ることすら、彼女自身も認識していたようだった。このような出来事が起きた時点での彼女の状態は、それまでより安定したように思われた。しかし、心電図検査による結果により不整脈と診断され、その後速やかに搬送された病院へと向かった。その際には、高齢女性のその状態は不安を覚えるほど安定していたようで、その詳細な診察へとつながったのであった。高齢女性が発生した状況は、自宅内にいるときだったようだ。胸部の痛みは突然感じたことが分かっている。しかし、心電図検査による結果により不整脈と診断されたのである。このような出来事が起きた後、高齢女性は急いで搬送された病院へと向かった。その際には、安定した状態で動いたようであったのであって、そのことで詳細な診察へのつながりとなったのであった。高齢女性はその痛みを感じており、そのことを心電図検査に基づいて不整脈と診断されたのである。これらの事実は彼女自身も認識しており、それが原因となり病院へと搬送されていたということだ。
助長,9,9,8人目,846,0.1398434572097641,ある日、高齢女性が突然、胸部に激しい痛みを感じ、その痛みが続いた後、しばらくして自宅内で救急隊員によって発見されたことが明らかになっていたのである。それは彼女自身も、この出来事について、それを知ることすら認識していたようだ。このような出来事が起きた時点での高齢女性の状態は、それまでより安定したように思われた。しかし、心電図検査による結果により不整脈と診断され、その後速やかに搬送された病院へと向かった。その際には、高齢女性のその状態は不安を覚えるほど安定していたようで、その詳細な診察へとつながったのであった。高齢女性が発生した状況は、自宅内にいるときだったようだ。胸部の痛みは突然感じたことが分かっている。しかし、心電図検査による結果により不整脈と診断されたのである。このような出来事が起きた後、高齢女性は急いで搬送された病院へと向かった。その際には、安定した状態で動いたようであったのであって、そのことで詳細な診察へのつながりとなったのであった。高齢女性はその痛みを感じており、そのことを心電図検査に基づいて不整脈と診断されたのである。これらの事実は彼女自身も認識しており、それが原因となり病院へと搬送されていたということだ。このような出来事について知ることすら、彼女自身にもそれは認識していたようだったのであった。高齢女性がその胸部に激しい痛みを感じることが明らかになっていたとされているのは、その痛みの持続状況もまた彼女自身もそれを認識していたようだ。そして、心電図検査による結果により不整脈と診断されたということも同様に彼女自身も認識しているとされる。このような出来事が発生した時点での高齢女性の体調は、それまでより安定したように思われた。しかし、その後しばらくして胸部の痛みを感じ続けた結果、心電図検査によって不整脈と診断され、その後速やかに搬送された病院へと向かった。その際には、高齢女性のその状態は不安を覚えるほど安定していたようで、その詳細な診察へとつながったのであった。
助長,9,9,9人目,844,0.13857205979857612,ある日、 高齢女性が胸部に激しい痛みを感じ、その痛みが続いた後、しばらくして自宅内で救急隊員によって発見されたことが明らかになっていたのである。それは彼女自身も、この出来事について、それを知ることすら認識していたようだ。このような出来事が起きた時点での高齢女性の状態は、それまでより安定したように思われた。しかし、心電図検査による結果により不整脈と診断され、その後速やかに搬送された病院へと向かった。その際には、高齢女性のその状態は不安を覚えるほど安定していたようで、その詳細な診察へとつながったのであった。高齢女性が発生した状況は、自宅内にいるときだったようだ。胸部の痛みは突然感じたことが分かっている。しかし、心電図検査による結果により不整脈と診断されたのである。このような出来事が起きた後、高齢女性は急いで搬送された病院へと向かった。その際には、安定した状態で動いたようであったのであって、そのことで詳細な診察へのつながりとなったのであった。高齢女性はその痛みを感じており、そのことを心電図検査に基づいて不整脈と診断されたのである。これらの事実は彼女自身も認識しており、それが原因となり病院へと搬送されていたということだ。このような出来事について知ることすら、彼女自身にもそれは認識していたようだったのであった。高齢女性がその胸部に激しい痛みを感じることが明らかになっていたとされているのは、その痛みの持続状況もまた彼女自身もそれを認識していたようだ。そして、心電図検査による結果により不整脈と診断されたということも同様に彼女自身も認識しているとされる。このような出来事が発生した時点での高齢女性の体調は、それまでより安定したように思われた。しかし、その後しばらくして胸部の痛みを感じ続けた結果、心電図検査によって不整脈と診断され、その後速やかに搬送された病院へと向かった。その際には、高齢女性のその状態は不安を覚えるほど安定していたようで、その詳細な診察へとつながったのであった。
助長,9,9,10人目,878,0.1302404400433594,ある日、 高齢女性が胸部に激しい痛みを感じ、その痛みが続いた後、しばらくして自宅内で救急隊員によって発見されたことが明らかになっていたのである。それは彼女自身も、この出来事について、それを知ることすら認識していたようだ。このような出来事が起きた時点での高齢女性の状態は、それまでより安定したように思われた。しかし、心電図検査による結果により不整脈と診断され、その後速やかに搬送された病院へと向かった。その際には、高齢女性のその状態は不安を覚えるほど安定していたようで、その詳細な診察へとつながったのであった。高齢女性が発生した状況は、自宅内にいるときだったようだ。そして胸部の痛みは突然感じたことが分かっている。しかし、それを引き起こす心臓の不調は事実上彼女自身も知っていたようで、そのことを心電図検査によって明らかにされたことである。このような出来事が起きた後、高齢女性は急いで搬送された病院へと向かった。その際には、安定した状態で動いたようであったのであって、そのことで詳細な診察へのつながりとなったのであった。高齢女性はその痛みを感じており、そのことを心電図検査に基づいて不整脈と診断されたのである。これらの事実は彼女自身も認識しており、それが原因となり病院へと搬送されていたということだ。このような出来事について知ることすら、彼女自身にもそれは認識していたようだったのであった。高齢女性がその胸部に激しい痛みを感じることが明らかになっていたとされているのは、その痛みの持続状況もまた彼女自身もそれを認識していたようだ。そして、心電図検査による結果により不整脈と診断されたということも同様に彼女自身も認識しているとされる。このような出来事が発生した時点での高齢女性の体調は、それまでより安定したように思われた。しかし、その後しばらくして胸部の痛みを感じ続けた結果、心電図検査によって不整脈と診断され、その後速やかに搬送された病院へと向かった。その際には、高齢女性のその状態は不安を覚えるほど安定していたようで、その詳細な診察へとつながったのであった。
助長,10,10,原文,107,1.0,患者A氏は、高血圧と糖尿病を合併しており、自宅で服薬していた薬の効果が不十分であった。定期的な受診の結果、医師は生活習慣の改善と降圧剤の追加処方を行った。その後、血圧と血糖値が安定し、心血管疾患のリスクが低下した。
助長,10,10,1人目,183,0.3742590847957538,患者A氏は、高血圧と糖尿病という複数の慢性疾患を抱えており、その生活を支えるために自宅で服用していた降圧剤や糖尿病治療薬の効果が不十分であった。そのため、定期的な医師の受診を受けていた結果、医師は患者A氏に生活習慣の改善を勧めるとともに降圧剤への追加処方を提案した。その後、生活習慣の改善と新しい薬を服用することで、血圧と糖尿値が安定し心血管疾患のリスクも低下した。
助長,10,10,2人目,264,0.24183651984337684,患者A氏は、高血圧と糖尿病という複雑で重篤な慢性疾患に苦しみ、それらの症状を緩和するために、自宅で定期的に服用していた降圧剤や糖尿病治療薬が不十分な効果しか示さず、その生活は脆弱であった。そのため、彼は定期的な医師の診察を受け続けており、医師は、彼の症状に対処するために、健康的な生活習慣に倣うことを勧めるとともに、新しい降圧剤への追加処方を提案した。その後、この新たな治療計画の効果が現れ、生活習慣の改善と新しい薬を服用することで、彼の血圧と糖尿値は安定し、それに伴って心血管疾患のリスクも低下し、健康状態は大きく改善された。
助長,10,10,3人目,370,0.14702670394398432,患者A氏には、高血圧や糖尿病という複雑で重篤な慢性疾患が存在し、その症状を緩和するために、自宅で定期的に服用していた降圧剤や糖尿病治療薬は不十分な効果しか示さず、そのような生活は極めて脆弱であった。そのため、彼は医師の診察を受け続けており、毎回の診察では、専門家による身体的および精神的な健康状態の評価が行われていた。また、医師から彼には複数回にわたって、日々の生活において必要な健康への取り組みを示すために、これらの慢性疾患に対処するための健康的な習慣に従うことが勧められ、それに伴い、新しい降圧剤への追加処方が提案された。その後、この新たな治療計画の効果は、生活習慣の改善と新しい薬を服用することによって現れ、これらの努力により、彼の血圧や糖尿値は安定し、それに伴って心血管疾患のリスクも低下した結果となり、健康状態は大幅に向上された。
助長,10,10,4人目,370,0.14702670394398432,患者A氏には、高血圧や糖尿病という複雑で重篤な慢性疾患が存在し、その症状を緩和するために、自宅で定期的に服用していた降圧剤や糖尿病治療薬は不十分な効果しか示さず、そのような生活は極めて脆弱であった。そのため、彼は医師の診察を受け続けており、毎回の診察では、専門家による身体的および精神的な健康状態の評価が行われていた。また、医師から彼には複数回にわたって、日々の生活において必要な健康への取り組みを示すために、これらの慢性疾患に対処するための健康的な習慣に従うことが勧められ、それに伴い、新しい降圧剤への追加処方が提案された。その後、この新たな治療計画の効果は、生活習慣の改善と新しい薬を服用することによって現れ、これらの努力により、彼の血圧や糖尿値は安定し、それに伴って心血管疾患のリスクも低下した結果となり、健康状態は大幅に向上された。
助長,10,10,5人目,370,0.16416428184677245,患者A氏には、高血圧や糖尿病という複雑で重篤な慢性疾患が存在しており、その症状を緩和するために、自宅で定期的に服用していた降圧剤や糖尿病治療薬は不十分な効果しか示さず、そのような生活は極めて脆弱であった。そのため、彼は医師の診察を受け続けており、毎回の診察では、専門家による身体的および精神的な健康状態の評価が行われていた。また、医師から彼には複数回にわたって、日々の生活において必要な健康への取り組みを示すために、これらの慢性疾患に対処するための健康的な習慣に従うことが勧められ、それに伴い、新しい降圧剤への追加処方が提案された。その後、この新たな治療計画の効果は、生活習慣の改善と新しい薬を服用することによって現れ、彼の血圧や糖尿値は安定し、それに伴って心血管疾患のリスクも低下した結果となり、その結果、彼の健康状態は大幅に向上された。
助長,10,10,6人目,373,0.17618623103047876,患者A氏には、複雑で重篤な慢性疾患、高血圧と糖尿病が存在しており、その症状を緩和するために自宅で定期的に服用していた降圧剤や糖尿病治療薬は不十分な効果しか示さず、そのような生活は非常に脆弱であった。そのため、彼は医師の診察を受け続けており、毎回の診察では専門家による身体的および精神的な健康状態の徹底された評価が行われていた。また、医師から彼には複数回にわたって、日々の生活において必要な健康への取り組みを示すために、これらの慢性疾患に対処するための健康的な習慣に従うことが強く勧められ、それに伴い、新しい降圧剤への追加処方が提案された。その後、この新たな治療計画の効果は、生活習慣の改善と新しい薬を服用することによって現れ、彼の血圧や糖尿値は安定し、それに伴って心血管疾患のリスクも低下した結果となり、その結果、彼の健康状態は大幅に向上された。
助長,10,10,7人目,489,0.15527223144178012,患者A氏には、複雑で重篤な慢性疾患、高血圧と糖尿病が存在しており、その症状を緩和するために自宅で定期的に服用していた降圧剤や糖尿病治療薬は不十分な効果しか示さず、そのような生活は非常に脆弱であった。そのため、彼は医師の診察を受け続けており、毎回の診察では専門家による身体的および精神的な健康状態の徹底された評価が行われていた。つまり、彼の病状をきちんと把握するために、その症状の詳細な説明と、治療計画の検討が必要であった。そして、医師から彼には複数回にわたって、日々の生活において必要な健康への取り組みを示すために、これらの慢性疾患に対処するための健康的な習慣に従うことが強く勧められ、それに伴い、新しい降圧剤への追加処方が提案された。つまり、彼はこれまでと同じような症状の繰り返し発生を避けるために、生活スタイルの大幅な改善と新しい医薬品の使用が必要であった。そして、その後、この新たな治療計画の効果は、生活習慣の改善と新しい薬を服用することによって現れ、彼の血圧や糖尿値は安定し、それに伴って心血管疾患のリスクも低下した結果となり、その結果、彼の健康状態は大幅に向上された。
助長,10,10,8人目,488,0.14261634475961668,患者A氏には複雑で重篤な慢性疾患、高血圧、糖尿病が存在しており、その症状を緩和するために自宅での定期的な服用としていた降圧剤や糖尿病治療薬は不十分な効果しか示さず、そのような生活は非常に脆弱であった。そのため、彼は医師の診察を受け続けており、毎回の診察では専門家による身体的および精神的な健康状態の徹底された評価が行われていた。つまり、彼の病状をきちんと把握するために、その症状の詳細な説明と治療計画の検討が必要であった。そして、医師から彼には複数回にわたって日々の生活において必要な健康への取り組みを示すために、これらの慢性疾患に対処するための健康的な習慣に従うことが強く勧められ、それに伴い、新しい降圧剤への追加処方が提案された。つまり、彼はこれまでと同じような症状の繰り返し発生を避けるために、生活スタイルの大幅な改善と新しい医薬品の使用が必要であった。そして、その後、この新たな治療計画の効果は、生活習慣の改善と新しい薬を服用することによって現れ、彼の血圧や糖尿値は安定し、それに伴って心血管疾患のリスクも低下した結果となり、その結果、彼の健康状態は大幅に向上された。
助長,10,10,9人目,596,0.1327762345722718,患者A氏には複雑で重篤な慢性疾患、高血圧、糖尿病が存在しており、その症状を緩和するために自宅での定期的な服用としていた降圧剤や糖尿病治療薬は不十分な効果しか示さず、そのような生活は非常に脆弱であった。そのため、彼は医師の診察を受け続けており、毎回の診察では専門家による身体的および精神的な健康状態の徹底された評価が行われていた。つまり、彼の病状をきちんと把握するために、その症状の詳細な説明と治療計画の検討が必要であった。そして、医師から彼には複数回にわたって日々の生活において必要な健康への取り組みを示すために、これらの慢性疾患に対処するための健康的な習慣に従うことが強く勧められ、それに伴い、新しい降圧剤への追加処方が提案された。つまり、彼はこれまでと同じような症状の繰り返し発生を避けるために、生活スタイルの大幅な改善と新しい医薬品の使用が必要であった。そして、その後、この新たな治療計画の効果は、生活習慣の改善と新しい薬を服用することによって現れ、彼の血圧や糖尿値は安定し、それに伴って心血管疾患のリスクも低下した結果となり、その結果、彼の健康状態は大幅に向上された。彼が治療計画を受け入れることで、自身の病状に対する理解度を深めるとともに、新しい薬剤への適応が促進され、身体的な症状や糖尿値の管理にもたらされる効果も大きかった。その結果、患者の生活状況が著しく改善されたとみられる。
助長,10,10,10人目,620,0.12653338166870973,患者A氏には複雑で重篤な慢性疾患、高血圧、糖尿病が存在しており、その症状を緩和するために自宅での定期的な服用としていた降圧剤や糖尿病治療薬は不十分な効果しか示さず、そのような生活は非常に脆弱であった。そのため、彼は医師の診察を受け続けており、毎回の診察では専門家による身体的および精神的な健康状態の徹底された評価が行われていた。つまり、彼の病状をきちんと把握するために、その症状の詳細な説明と治療計画の検討が必要であった。そして、医師から彼には複数回にわたって日々の生活において必要な健康への取り組みを示すために、これらの慢性疾患に対処するための健康的な習慣に従うことが強く勧められ、それに伴い、新しい降圧剤への追加処方が提案された。つまり、彼はこれまでと同じような症状の繰り返し発生を避けるために、生活スタイルの大幅な改善と新しい医薬品の使用が必要であった。そして、その後、この新たな治療計画の効果は、生活習慣の改善と新しい薬を服用することによって現れ、彼の血圧や糖尿値は安定し、それに伴って心血管疾患のリスクも低下した結果となり、体内の脂質の濃度が抑えられ、腎臓負荷が軽減され、その結果、彼の健康状態は大幅に向上された。彼が治療計画を受け入れることで、自身の病状に対する理解度を深めるとともに、新しい薬剤への適応が促進され、身体的な症状や糖尿値の管理にもたらされる効果も大きかった。その結果、患者の生活状況が著しく改善されたとみられる。
助長,11,11,原文,108,1.0,2023年7月1日、広島県呉市で発生したM5.6地震が、船舶を航行させていた船員らに揺れを感じさせました。被害状況は直情の軽微でしたが、周辺地域では一部の建物に損傷が発生し、海上保安庁による迅速な対応が行われました。
助長,11,11,1人目,200,0.17048289787237486,2023年7月1日、広島県呉市を中心とした地震が発生し、M5.6という規模であったため、地震の波動は周辺海域にまで及んでいた。呉市では船舶が航行している途中だったため、その船員らには地震による揺れを感じさせたようだ。被害の状況は比較的軽微で、直ちに大きな混乱は生じなかったと言えるが、一部の建物では損傷や破損が確認された。その地域では海上保安庁などの関係機関は迅速に対応し、被害の程度を抑えたようだ。
助長,11,11,2人目,221,0.12771102913086654,2023年7月1日深夜、広島県呉市周辺に地震発生が確認され、その規模はM5.6という大きさであったため、地震の波動が周辺海域まで及ぶ結果となった。それによって呉市では船舶が航行中だった船員には、この地震による地上から伝わる強い揺れを感じさせたようだ。被害状況は比較的軽微で直ちに大きな混乱も生じなかったと言えるが、一部の建物では明らかな損傷や破損が確認された。その地域では関係する海上保安庁などの機関は、迅速に対応し被害の程度を抑えたようだ。
助長,11,11,3人目,312,0.1335127204574884,2023年7月1日深夜、広島県呉市周辺に強烈な地震が発生したことが確認された。これにより呉市周辺海域まで地震の波動が伝わる大きな地震（規模はM5.6）となってしまった。呉市でこの時点で船舶を運航していた船員には、地震による地上から伝わる強い振動や揺れを感じさせる結果となったようだ。それによると船が航行中の状況では、乗組員は強い地震によって大きく揺れる大きな波の中を通過しなければならなかったようだ。呉市内における被害状況は比較的軽微で直ちに大きな混乱も生じていなかったと言えるが、一部の建物では明らかな損傷や破損が確認された。それでも、関係する海上保安庁などの機関では迅速に対応し、地震による被害の程度を軽減させたようだ。
助長,11,11,4人目,533,0.11669723227114409,2023年7月1日深夜、広島県呉市周辺に強烈な地震が発生し、それにより呉市周辺海域まで地震の波動が伝わる大きな地震（規模はM5.6）となった。呉市でこの時点で船舶を運航していた船員には、地震による地上から伝わる強い振動や揺れを感じさせる結果となったようだ。その際、乗組員が運航中の状況では、強い地震によって大きく揺れる大きな波の中を通過しなければならなかったようだ。呉市内における被害状況は比較的軽微で直ちに大きな混乱も生じていなかったと言えるが、一部の建物では明らかな損傷や破損が確認された。それでも、関係する海上保安庁などの機関では迅速に対応し、地震による被害の程度を軽減させたようだ。地震の波動は呉市周辺海域にまで伝わり、大きな地震となったため、呉市で船舶を運航していた船員には地震による強い振動や揺れを感じさせる結果となったようだ。乗組員が運航中の状況では、強い地震によって大きく揺れる大きな波の中を通過しなければならなかったようだ。呉市内における被害状況は比較的軽微で直ちに大きな混乱も生じていなかったと言えるが、一部の建物では明らかな損傷や破損が確認された。それでも、関係する海上保安庁などの機関では迅速に対応し、地震による被害の程度を軽減させたようだ。
助長,11,11,5人目,422,0.11437892924821194,2023年7月1日深夜、広島県呉市周辺に強烈な地震が発生し、それにより呉市周辺海域まで地震の波動が伝わる大きな地震（規模はM5.6）となった。呉市でこの時点で船舶を運航していた船員には、地震による地上から伝わる強い振動や揺れを感じさせる結果となったようだ。その際に乗組員が運航中の状況では、広島県呉市周辺の海面における水位の上昇と下降によって引き起こされる巨大な波の中を通過しなければならなかったようだ。地震による激しい振動や揺れにより船体は大きく揺れ、乗組員はそのような状況で船舶を安定させなければならず、そのような運航の難易度を考慮すると、そのような状況では海上での安全確保には高いスキルと経験が必要であったようだ。呉市内における被害状況は比較的軽微で直ちに大きな混乱も生じていなかったと言えるが、一部の建物では明らかな損傷や破損が確認された。それでも、関係する海上保安庁などの機関では迅速に対応し、地震による被害の程度を軽減させたようだ。
助長,11,11,6人目,451,0.10106400722561537,2023年7月1日深夜、広島県呉市周辺に突然強烈な地震が発生し、その影響で呉市周辺海域まで地震の波動が伝わり、大きな地震（規模はM5.6）が起こった。呉市でこの時点で船舶を運航中だった船員たちには、地震による地上から伝わる強い振動や揺れの影響を受ける結果となったようだ。それらのうち、運航中に乗組員が遭遇したのは、広島県呉市周辺の海面における水位の上昇と下降によって引き起こされる巨大な波の中を通過しなければならなかったようだ。その際に地震による激しい振動や揺れにより船体は大きく揺れて、乗組員たちはそのような状況で船舶を安定させなければならず、そのような難しい運航の状況を考慮すると、それらの乗組員には、海上での安全確保には高いスキルと経験が必要だったようだ。呉市内の被害状況は比較的軽微であったため、大きな混乱も直ちに生じていなかったということが言えるが、一部の建物では明らかな損傷や破損が確認された。それでも、関係する海上保安庁などの機関では迅速に対応し、地震による被害の程度を軽減させたようだ。
助長,11,11,7人目,450,0.09195208912999737,2023年7月1日深夜、広島県呉市周辺に突然強烈な地震が発生し、その影響で呉市周辺海域まで地震の波動が伝わり、大きな地震（規模はM5.6）が起こった。呉市でこの時点で船舶を運航中だった船員たちは、突然の強烈な地震による地上から伝わる強い振動や揺れの影響を受けたようだ。それらのうち、運航中に乗組員たちが遭遇したのは広島県呉市周辺の海面における水位の上昇と下降によって引き起こされる巨大な波の中を通過しなければならなかったようだ。その際に地震による激しい振動や揺れにより船体は大きく揺れて、乗組員たちはそのような状況で船舶を安定させなければならず、そのような難しい運航の状況を考慮すると、それらの乗組員には海上での安全確保には高いスキルと経験が必要だったようだ。呉市内の被害状況は比較的軽微であったため、大きな混乱も直ちに生じていなかったということが言えるが、一部の建物では明らかな損傷や破損が確認された。それでも、関係する海上保安庁などの機関では迅速に対応し、地震による被害の程度を軽減させたようだ。
助長,11,11,8人目,450,0.09195208912999737,2023年7月1日深夜、広島県呉市周辺に突然強烈な地震が発生し、その影響で呉市周辺海域まで地震の波動が伝わり、大きな地震（規模はM5.6）が起こった。呉市でこの時点で船舶を運航中だった船員たちは、突然の強烈な地震による地上から伝わる強い振動や揺れの影響を受けたようだ。それらのうち、運航中に乗組員たちが遭遇したのは広島県呉市周辺の海面における水位の上昇と下降によって引き起こされる巨大な波の中を通過しなければならなかったようだ。その際に地震による激しい振動や揺れにより船体は大きく揺れて、乗組員たちはそのような状況で船舶を安定させなければならず、そのような難しい運航の状況を考慮すると、それらの乗組員には海上での安全確保には高いスキルと経験が必要だったようだ。呉市内の被害状況は比較的軽微であったため、大きな混乱も直ちに生じていなかったということが言えるが、一部の建物では明らかな損傷や破損が確認された。それでも、関係する海上保安庁などの機関では迅速に対応し、地震による被害の程度を軽減させたようだ。
助長,11,11,9人目,484,0.07469063766512721,2023年7月1日深夜に起きた広島県呉市周辺の大地震は、その直後に呉市周辺海域まで影響が及んだ。それらの影響により、大きな地震（規模はM5.6）が発生し、地上から波動が伝わり、呉市周辺の海岸近くにいた人々はそのような地震の直撃を受けた。呉市で、この時点でも船を運航中だった船員たちは、突然の強烈な地震による地上からの激しい振動や揺れの影響を受けたようだ。それらのうち、運航中に遭遇したのは広島県呉市周辺の海面における水位の上昇と下降によって引き起こされる巨大な波の中を通過しなければならなかったようだ。その際に地震による激しい振動や揺れにより船体は大きく揺れて、乗組員たちはそのような状況で船舶を安定させなければならず、そのような難しい運航の状況を考慮すると、それらの乗組員には海上での安全確保には高いスキルと経験が必要だったようだ。呉市内の被害状況は比較的軽微であったため、大きな混乱も直ちに生じていなかったということが言えるが、一部の建物では明らかな損傷や破損が確認された。それでも、関係する海上保安庁などの機関では迅速に対応し、そのような被害を軽減させたようだ。
助長,11,11,10人目,484,0.07469063766512721,2023年7月1日深夜に起きた広島県呉市周辺の大地震は、その直後に呉市周辺海域まで影響が及んだ。それらの影響により、大きな地震（規模はM5.6）が発生し、地上から波動が伝わり、呉市周辺の海岸近くにいた人々はそのような地震の直撃を受けた。呉市で、この時点でも船を運航中だった船員たちは、突然の強烈な地震による地上からの激しい振動や揺れの影響を受けたようだ。それらのうち、運航中に遭遇したのは広島県呉市周辺の海面における水位の上昇と下降によって引き起こされる巨大な波の中を通過しなければならなかったようだ。その際に地震による激しい振動や揺れにより船体は大きく揺れて、乗組員たちはそのような状況で船舶を安定させなければならず、そのような難しい運航の状況を考慮すると、それらの乗組員には海上での安全確保には高いスキルと経験が必要だったようだ。呉市内の被害状況は比較的軽微であったため、大きな混乱も直ちに生じていなかったということが言えるが、一部の建物では明らかな損傷や破損が確認された。それでも、関係する海上保安庁などの機関では迅速に対応し、そのような被害を軽減させたようだ。
助長,12,12,原文,112,1.0,2023年8月16日に、福島県沖でM5.8の地震が発生しました。震源部は陸地近く、津波警報が出されました。各地で揺れを感じ、一部地域では停電や物資の輸送に影響が出ました。緊急車両の通行が制限され、住民は避難指示に従いました。
助長,12,12,1人目,203,0.3037453588619645,2023年8月16日早朝、福島県沖の海域で、地震の規模がM5.8に達する強さの地震が発生しました。この地震は、極めて近くの陸地付近に震源がありました。そのため津波警報が出され、各地で地震の揺れが感じられました。特に海岸や沿岸地域では停電や物資の輸送に影響が出てしまいました。また緊急車両への通行ルートも制限されるなどしました。これに対して住民は避難指示を受け、適切な措置を講じるという形で対応していました。
助長,12,12,2人目,220,0.22056124958788714,2023年8月16日早朝の福島県沖海域ではM5.8の強さに達する地震が発生し、その直近陸地付近から起こったことが確認されました。この地震により津波警報が出されたため、各地域で地震による揺れが感じられました。特に沿岸部や海岸周辺では停電や物資の輸送に影響を及ぼし、緊急車両への通行ルートも制限されるなど大きな被害が生じたという状況となりました。しかし、この地震に対しては住民全員が避難指示を受け、必要な行動と措置を講じる形で対応していました。
助長,12,12,3人目,228,0.2223501397989864,2023年8月16日早朝の福島県沖海域で発生したM5.8の強さに達する地震は、その直近の陸地付近から起こったことが確認されました。このような地震により、津波警報が出されたため各地域で地震による揺れが感じられました。特に沿岸部や海岸周辺では停電や物資の輸送に影響を及ぼし、緊急車両への通行ルートも制限されるなど大きな被害が生じたという状況となりました。しかし、この地震に対しては福島県の住民全員が避難指示を受け、必要な行動と措置を講じる形で対応していました。
助長,12,12,4人目,264,0.18758326737306372,2023年8月16日早朝に、福島県沖海域においてM5.8の強さに達する地震が発生し、その直近にある陸上地域から起こったことが確認されました。このような地震は津波警報を引き起こします。その結果各地域で地震による揺れが感じられ、沿岸部やその周辺では停電や物資の輸送に影響を及ぼすなど大きな被害が生じたという状況となりました。特に沿岸部や海岸周辺では緊急車両への通行ルートも制限されるなどの重大な問題があったと考えられます。しかし、福島県の住民全員に対して避難指示が出され、各自必要な行動を講じて状況対処に積極的に取り組んでいました。
助長,12,12,5人目,291,0.1769224922135758,2023年8月16日早朝福島県沖海域で発生したM5.8の地震は、その直近にある陸上地域から起こったことが確認されました。このような強さの地震が発生すると、それが津波警報を引き起こし、沿岸部やその周辺では大きな被害がもたらされます。地震による揺れが各地域で感じられ、その影響は停電や物資の輸送に及んだのです。このような地震は海岸線上で重大な問題を引き起こします。沿岸部やその周辺での緊急車両への通行ルートは制限されるなど、深刻な被害が予想されます。それにもかかわらず、福島県の住民全員に対して避難指示が出されました。そして、各自必要な行動を講じて状況対処に積極的に取り組んでいました。
助長,12,12,6人目,325,0.19001824323000913,2023年8月16日早朝福島県沖海域で発生したM5.8の地震は、その直近にある陸上地域から起こったことが確認されていました。このような強さの地震が発生すると、それが津波警報を引き起こし、沿岸部やその周辺では大きな被害が出る可能性があります。事実として、この程度の地震の場合、各地で地震による揺れが感じられ、その影響は停電や物資の輸送に及ぶことがありました。このような強い地震は海岸線上で重大な問題を引き起こします。沿岸部やその周辺での緊急車両への通行ルートは制限されるなど、深刻な被害が予想されます。それにもかかわらず、福島県の住民全員に対して避難指示が出されました。そして、各自必要な行動を講じて状況に対処するための積極的な取組みを行っていました。
助長,12,12,7人目,396,0.15140952324957574,2023年8月16日早朝に福島県沖海域で発生したM5.8の地震は、その直近にある陸上地域からの明確な証拠によって裏付けられており、特定の時間帯や場所を示すものではありませんでした。このような強さの地震が発生すると、それが津波警報を引き起こし、沿岸部やその周辺では大きな被害が出る可能性があります。事実として、この程度の地震の場合、各地で地震による揺れが感じられ、その影響は停電や物資の輸送に及ぶことがありました。このような強い地震は海岸線上で重大な問題を引き起こします。沿岸部やその周辺での緊急車両への通行ルートは制限されるなど、深刻な被害が予想されます。それにもかかわらず、福島県の住民全員に対して避難指示が出されました。そして、各自必要な行動を講じて状況に対処するための積極的な取り組みを行っていました。地震は、それが人命への危険性に及ぶまでの迅速かつ適切な対応の重要性を強調しています。
助長,12,12,8人目,400,0.16514174701657985,2023年8月16日早朝、福島県沖海域でM5.8の地震が発生し、その直近にある陸上地域からの明確な証拠によって裏付けられています。しかし、その時間や場所については明確な情報が示されていませんでした。このような強さの地震が発生すると、それが津波警報を引き起こし沿岸部やその周辺では大きな被害が出る可能性があります。事実として、この程度の地震の場合、各地で地震による揺れが感じられ、その影響は停電や物資の輸送に及ぶことがありました。強い地震は海岸線上で重大な問題を引き起こします。沿岸部やその周辺での緊急車両への通行ルートは制限されるなど、深刻な被害が予想されます。それにもかかわらず、福島県の住民全員に対して避難指示が出されました。そして、各自必要な行動を講じて状況に対処するための積極的な取り組みを行っていました。この地震は、その人命への危険性に及ぶまでの迅速かつ適切な対応の重要性を強調しています。
助長,12,12,9人目,451,0.14744336679088954,2023年8月16日早朝、福島県沖海域でM5.8の地震が発生し、その直近にある陸上地域からの明確な証拠によって裏付けられています。しかし、その時間や場所については明確な情報が示されていませんでした。このような強さの地震が発生すると、それが津波警報を引き起こす可能性があります。沿岸部やその周辺では、地震による被害は大きく、停電などが問題となりました。事実として、この程度の地震の場合、各地で地震による揺れが感じられ、その影響は物資の輸送にも及ぶことがあります。強い地震は海岸線上で重大な問題を引き起こす可能性があり、それぞれの区域における交通と生活に影響が出る可能性があります。沿岸部やその周辺での緊急車両への通行ルートは制限されるなど、深刻な被害が予想されます。それにもかかわらず、福島県の住民全員に対して避難指示が出されました。そして、各自必要な行動を講じて状況に対処するための積極的な取り組みを行っていました。この地震は、その人命への危険性に及ぶまでの迅速かつ適切な対応の重要性を強調しています。
助長,12,12,10人目,455,0.15645265290988106,2023年8月16日早朝、福島県沖海域でM5.8の地震が発生したことは事実であり、その直近にある陸上地域からの明確な証拠によって裏付けられています。しかし、その時間や場所については明確な情報が示されていませんでした。このような強さの地震が発生すると、それが津波警報を引き起こす可能性があります。沿岸部やその周辺では、地震による被害は大きく、停電などが問題となっており、大きな混乱が広がりました。その影響は各地に及んでいたようで、物資の輸送にも影響が出ていたことがわかりました。また、そのような強い地震が発生すると、それぞれの区域における交通と生活に重大な影響を与える可能性があります。沿岸部やその周辺での緊急車両への通行ルートは制限され、深刻な被害が予想されたようでした。それにもかかわらず、福島県の住民全員に対して避難指示が出されました。そして、各自必要な行動を講じて状況に対処するための積極的な取り組みを行っていました。この地震は、その人命への危険性に及ぶまでの迅速かつ適切な対応の重要性を強調しています。
助長,13,13,原文,117,1.0,2024年3月16日に、静岡県中部と神奈川県中部において記録的な大雨が発生した。河川の氾濫や土砂災害が多発し、道路冠水による交通麻痺、家屋浸水被害など甚大な被害をもたらした。多くの地域で避難指示が出され、住民生活に大きな影響を与えた。
助長,13,13,1人目,148,0.39033567805045655,2024年3月16日、静岡県の中部地方と神奈川県の中部地域で記録的な大雨が降臨し、異常なほどの豪雨となった。静岡県の中部と神奈川県の中部では河川の氾濫や土砂災害が相次ぎ、道路冠水による交通の大混乱、家屋浸水被害などが相次いだ。これにより多くの地域で避難指示が出され、住民生活に大きく影響を与えた。
助長,13,13,2人目,181,0.3840590860597835,2024年3月16日には、静岡県の中部地方と神奈川県の中部地域で記録的な大雨が降臨し、このような異常なほどの豪雨はこれまでにないこととなった。このような大雨により、静岡県の中部と神奈川県の中部では河川の氾濫や土砂災害が相次いで発生した。道路冠水による交通の大混乱、家屋浸水被害なども相次いだ。これにより多くの地域で避難指示が出され、住民生活に大きく影響を与えた。
助長,13,13,3人目,187,0.35816106542063053,2024年3月16日には静岡県の中部地方と神奈川県の中部地域に記録的な大雨が降り注ぎ、このような未曾有の豪雨はこれまでにないこととなった。このような過酷な大雨により、静岡県の中部と神奈川県の中部では河川の大規模な氾濫や土砂災害が相次いで発生した。道路の冠水による交通の大混乱、家屋浸水被害なども相次いだ。これにより多くの地域で避難指示が出され、住民生活に大きく影響を与えた。
助長,13,13,4人目,243,0.1401753232178979,2024年3月16日には静岡県の中部地方と神奈川県の中部地域において、記録的な大雨が降り注ぎ、このような未曾有の豪雨はこれまでにないこととなりました。このような過酷な大雨の影響により、静岡県の中央部地域や神奈川県の中央部地域では河川の大規模な氾濫と土砂災害が相次いで発生した。道路の冠水による交通の大混乱もまた、頻繁に発生しました。これは道路で交通量が激増する原因となり、多くの住民が長時間にわたって移動することになるためです。このような豪雨により家屋浸水被害も相次いだとされています。
助長,13,13,5人目,263,0.13100205863250686,2024年3月16日には静岡県の中部地方の広範囲と神奈川県の中部地域において、記録的な大雨が降り注ぎ、このような未曾有の豪雨はこれまでにないこととなりました。このような過酷な大雨の影響により、静岡県の中央部地域や神奈川県の中央部地域では広範囲にわたって河川の大規模な氾濫と土砂災害が相次いで発生した。道路の冠水による交通の大混乱もまた、頻繁に発生しました。これは道路で交通量が激増することにより、多くの住民が長時間にわたって移動することになるためです。このような豪雨により、広範囲にわたる家屋浸水被害も相次いだとされています。
助長,13,13,6人目,290,0.12585969015810372,2024年3月16日には、静岡県の中部地方の広大な地域と神奈川県の中央部地域において、それまでになかった記録的な大雨が降り注ぎました。このような未曾有の大雨は、前例がないばかりでなく、ひどいものであり、その影響により、静岡県の中央部地域や神奈川県の中央部地域では広範囲にわたって河川の大規模な氾濫と土砂災害が相次いで発生しました。道路の冠水による交通の大混乱もまた、頻繁に発生していました。これは道路で交通量が激増することにより、多くの住民が長時間にわたって移動することになるためです。このようなひどい豪雨により、広範囲にわたる家屋浸水被害も相次いで発生していると言われています。
助長,13,13,7人目,307,0.12184391598022246,2024年3月16日には静岡県の中部地方の広大な地域と神奈川県の中央部地域において、それまでになかった記録的な大雨が降り注ぎました。このような未曾有の大雨は、前例がないばかりでなくひどいものであり、その影響により静岡県の中央部地域や神奈川県の中央部地域では広範囲にわたって河川の大規模な氾濫と土砂災害が相次いで発生しました。道路の冠水による交通の大混乱もまた頻繁に発生していました。これは道路で交通量が激増することにより、多くの住民が長時間にわたって移動することになるためです。このようなひどい豪雨により、それまでなかなか起きない家屋浸水被害の被害者の数も広範囲にわたる地域で相次いで発生していると言われています。
助長,13,13,8人目,308,0.13459726527482266,2024年3月16日には静岡県の中部地方の大きな土地と神奈川県の中央部地域において、それまでになかった記録的な大雨が降り注ぎました。このような未曾有の大雨は、前例がないばかりでなくひどいものであり、その影響により静岡県の中央部地域や神奈川県の中央部地域では幅広く多くの河川の大規模な氾濫と土砂災害が相次いで発生しました。道路の冠水による交通の大混乱もまた頻繁に発生していました。これは道路で交通量が激増することにより、多くの住民が長時間にわたって旅行することができなくなりました。このようなひどい豪雨により、それまでなかなか起きない家屋浸水被害の被害者の数も広範囲にわたる地域で相次いで発生していると言われています。
助長,13,13,9人目,308,0.13459726527482266,2024年3月16日には静岡県の中部地方の大きな土地と神奈川県の中央部地域において、それまでになかった記録的な大雨が降り注ぎました。このような未曾有の大雨は、前例がないばかりでなくひどいものであり、その影響により静岡県の中央部地域や神奈川県の中央部地域では幅広く多くの河川の大規模な氾濫と土砂災害が相次いで発生しました。道路の冠水による交通の大混乱もまた頻繁に発生していました。これは道路で交通量が激増することにより、多くの住民が長時間にわたって旅行することができなくなりました。このようなひどい豪雨により、それまでなかなか起きない家屋浸水被害の被害者の数も広範囲にわたる地域で相次いで発生していると言われています。
助長,13,13,10人目,308,0.13459726527482266,2024年3月16日には静岡県の中部地方の大きな土地と神奈川県の中央部地域において、それまでになかった記録的な大雨が降り注ぎました。このような未曾有の大雨は、前例がないばかりでなくひどいものであり、その影響により静岡県の中央部地域や神奈川県の中央部地域では幅広く多くの河川の大規模な氾濫と土砂災害が相次いで発生しました。道路の冠水による交通の大混乱もまた頻繁に発生していました。これは道路で交通量が激増することにより、多くの住民が長時間にわたって旅行することができなくなりました。このようなひどい豪雨により、それまでなかなか起きない家屋浸水被害の被害者の数も広範囲にわたる地域で相次いで発生していると言われています。
助長,14,14,原文,145,1.0,2023年8月15日、西日本を中心に記録的な豪雨となり、多くの地域で河川の氾濫が発生した。道路交通網が寸断され、鉄道も運転を見合わせるなど、移動手段に大きな支障が出た。避難指示区域は拡大し、住民の生活基盤が脅かされた。重度の浸水被害により、家屋や農地が冠水し、甚大な経済的損失をもたらした。
助長,14,14,1人目,171,0.5351355839474489,2023年8月15日西日本を中心に発生した記録的な豪雨により、多くの地域で河川の氾濫が起きる結果となり、道路交通網の寸断がはかられ、鉄道の運転を見合わせるなど、移動手段への大きな支障が出た。避難指示区域の拡大に伴い、住民の生活基盤が大きく脅かされていた。河川氾濫による重度の浸水被害により、家屋や農地など冠水し、甚大な経済的損失をもたらした。
助長,14,14,2人目,183,0.48625017059822895,2023年8月15日西日本を中心に発生した記録的な豪雨は、数多くの地域で河川の氾濫が起きる結果となり、道路交通網の寸断を余儀なくされ、鉄道の運転を見合わせるなど、移動手段への大きな支障が出た。避難指示区域の拡大に伴い、その範囲内の住民の生活基盤は大きく脅かされた。河川氾濫による重度の浸水被害により、家屋や農地などが冠水し、それによって甚大な経済的損失をもたらした。
助長,14,14,3人目,215,0.3889078175350058,2023年8月15日西日本を中心に発生した記録的な豪雨は、数多くの地域で河川の氾濫が起きる結果となり、道路交通網の寸断や鉄道の運転見合わせなど、移動手段への大きな支障が出た。豪雨による氾濁により、周囲に広く浸水地域が生じ、それによって避難指示区域が拡大したため、その範囲内の住民の生活基盤は大きく脅かされた。記録的な豪雨により河川氾濫による重度の浸水被害が発生し、家屋や農地などが冠水し、それによって甚大な経済的損失をもたらした。
助長,14,14,4人目,224,0.2744115652863346,2023年8月15日西日本を中心に起こった歴史的大雨は、多くの地域で河川の氾濫が起きる結果となり、道路交通網の大きな混乱や鉄道の運転見合わせなど、移動手段への大きな障害が出た。豪雨による水の増加により周囲にも広く浸水地域が生じ、それによって避難指示区域も拡大したため、その範囲内の住民の生活基盤は大きく脅かされた。記録的な大雨により河川氾濫による深刻な浸水被害が発生し、家屋や農地などが冠水することによってとてつもなく大きな経済的損失をもたらした。
助長,14,14,5人目,296,0.2615238126092337,2023年8月15日西日本を中心に起きたこの歴史的大雨は、さまざまな地域で河川の氾濫が発生し、多くの地域に深刻な浸水被害をもたらした。その結果、多くの場所では道路交通網が大いに混乱し、鉄道などの公共輸送機関が運転を見合わせるなど、移動に大きな障壁が立ちはだかった。豪雨による河川氾濫により周囲の地域にも広く浸水地域が発生し、それによって避難指示区域も拡大したため、その範囲内の住民は生活基盤を大きく脅かされていた。記録的な大雨が降ったことにより、河川氾濫による深刻な浸水被害が多くの場所で発生し、家屋や農地などが冠水することによってとてつもなく大きな経済的損失をもたらしたことが判明している。
助長,14,14,6人目,356,0.20418772722754971,2023年8月15日西日本を中心に起きたこの歴史的大雨は、さまざまな地域の河川の氾濫が発生し、その結果として多くの地域に深刻な浸水被害がもたらされた。このような大雨が降り続いたことで、多くの場所では道路交通網が混乱し、大量の渋滞や渋滞による交通事故が相次いだ。鉄道などの公共輸送機関も運転を見合わせるなど、移動に大きな障壁が立ちはだかった。このような状況により、周囲の地域にも広く浸水地域が発生し、それによって避難指示区域が拡大したため、その範囲内の住民は生活基盤を大きく脅かされていた。このような事態に直面するとともに、記録的な大雨が降ったことにより、河川氾濫による深刻な浸水被害が多くの場所で発生し、それによって家屋や農地などが冠水することによってとてつもなく大きな経済的損失をもたらしたことが判明している。
助長,14,14,7人目,349,0.19484972399698852,2023年8月15日西日本の広範囲にわたって起きたこの歴史的大雨は、多くの地域の河川の氾濫が発生し、その結果として複雑な状況の中で、多くの場所で深刻な浸水被害がもたらされた。このような大雨が降り続いたことで、多くの場所では道路交通網が混乱し、大量の渋滞や渋滞による交通事故が相次いだ。鉄道などの公共輸送機関は運転を見合わせるなど、移動に大きな障壁が立ちはだかった。このような状況により、周囲の地域にも広く浸水地域が発生し、それによって避難指示区域が拡大したため、その範囲内の住民は生活基盤を大きく脅かされていた。記録的な大雨が降ったことで、河川氾濫による深刻な浸水被害が多くの場所で発生し、それによって家屋や農地などが冠水することによってとてつもなく大きな経済的損失をもたらしたことが判明している。
助長,14,14,8人目,356,0.15607725356917232,2023年8月15日の西日本の広範囲にわたる歴史的大雨は、多くの地域の河川の氾濫が発生し、その結果として複雑な状況の中で、多くの場所で深刻な浸水被害がもたらされた。そのような大雨が降り続いたことで、交通網が全面的に混乱した状況になり、大量の渋滞と、それらによる交通事故が相次いだ。鉄道や公共輸送機関は運行を全面的に停止し、移動に大きな障壁が立ち向かってきた。そのような状況により、周囲の地域にも広範囲にわたる浸水区域が発生し、それによって避難指示区域が拡大したため、その範囲内の住民は生活基盤を大きく脅かされていた。記録的な雨量による大雨が降ったことで、河川氾濫による深刻な浸水被害が多くの場所で発生し、それによって家屋や農地などが冠水することによってとてつもなく大きな経済的損失をもたらしたことが判明している。
助長,14,14,9人目,378,0.1461789250678387,2023年8月15日の西日本広範囲にわたる歴史的大雨は、多くの地域の河川氾濫が発生し、その結果として複雑な状況の中で、多くの場所で深刻な浸水被害がもたらされた。そのような大雨が降り続いたことで、交通網が全面的に混乱した状況になり、大量の渋滞と、それらによる交通事故が相次いだ。鉄道や公共輸送機関は運行を全面的に停止し、移動に大きな障壁が立ち向かってきた。そのような状況により、周囲の地域にも広範囲にわたる浸水区域が発生し、それによって避難指示区域が拡大したため、その範囲内の住民は生活基盤を大きく脅かされていた。記録的な雨量による大雨が降ったことで、河川氾濫による深刻な浸水被害が多くの場所で発生し、それによって家屋や農地などが冠水することによってとてつもなく大きな経済的損失をもたらしたことが判明しており、これは大雨の影響から地域に残るものとなっている。
助長,14,14,10人目,412,0.12425325281147469,2023年8月15日の西日本広範囲にわたる歴史の大雨により、多くの地域で河川氾濫が発生し、それによって深刻な浸水被害が多くの場所で起こり、その結果として複雑で混乱した状況の中で大きな経済的損失をもたらすことになった。このような大雨の降り続くことで、交通網が全面的に混乱したために大量の渋滞やそれらによる交通事故が相次いだ。鉄道や公共輸送機関は運行を全面的に停止し、それによって移動に大きく障壁を立てたことから、多くの場所で生活基盤を脅かす状況となった。また、そのような大雨の降り続くことで、周囲の地域にも広範囲にわたる浸水区域が発生したため、それによって避難指示区域の拡大につながった。この結果として、記録的な雨量による大雨の影響で多くの場所で家屋や農地などが冠水することとなり、とてつもなく大きな経済的損失をもたらすことになったことが明らかとなり、大雨の影響から地域に残るものとなっており、この事実は今でも痛感されている。
助長,15,15,原文,105,1.0,2024年5月2日、東京都八王子市で軟弱土層崩壊が発生し、道路の一部が冠水しました。周辺住民への避難指示が出され、交通機関に影響を及ぼした事態となりました。現場では応急処置が行われ、復旧作業が進められています。
助長,15,15,1人目,126,0.6019315253121471,2024年5月2日、東京都八王子市で軟弱土層崩壊が発生し、道路の一部を冠水する被害が生じたことから、周辺住民への避難指示が出されました。その結果、地域の交通機関に影響を及ぼす事態となりました。現場では応急処置が行われ、その後復旧作業も進められています。
助長,15,15,2人目,148,0.480469101475443,2024年5月2日、東京都八王子市の指定された地域で軟弱土層崩壊が発生し、道路の一部を冠水する被害が広がったことから、周辺住民への避難指示が出されました。その結果、区域内に位置する交通機関の運行に影響を及ぼす事態となりました。現場では応急処置と緊急対策が行われ、その後復旧作業も進められています。
助長,15,15,3人目,144,0.17526606525136956,2024年5月2日には東京都八王子市内の特定地域で、軟弱土層崩壊により冠水による道路部分被害が拡大し、周辺住民への避難指示が出されたため、その影響を受けて地区内に位置する交通機関の運転についても問題が生じた。現地では応急処置と緊急対策を実施した後、復旧作業も進められているということです。
助長,15,15,4人目,157,0.18284849039436882,2024年5月2日東京都八王子市特定地域で軟弱土層崩壊により冠水による道路部分被害が拡大し周辺住民への避難指示が出されたため、その影響を受けて、地区内に位置する交通機関の運転についても問題が生じたという状況です。現地では応急処置を実施した後、緊急対策が進められていたり復旧作業も進行中であることが確認されています。
助長,15,15,5人目,213,0.15156576108260492,2024年5月2日東京都八王子市特定地域で軟弱土層崩壊により冠水による道路部分被害が拡大し、周辺住民への避難指示が出されたため、その影響を受けて地区内に位置する交通機関の運転にも問題が生じた状況です。現在、現地では応急処置を実施した後、緊急対策が順調に進められていたり復旧作業も進行中で、状況は比較的安定に向かっていますが、それでも今後の一時的な交通障害による混乱や、区域外からの避難指示への協力などの対応が必要とのことです。
助長,15,15,6人目,238,0.15030604481481988,2024年5月2日東京都八王子市特定地域における軟弱土層崩壊の影響を受けて、冠水による道路部分被害が拡大しており、周辺住民への避難指示が出されているため、その区域に位置する交通機関の運転にも問題が生じています。この状況は、応急処置を実施した後、緊急対策が順調に進められているかと思われますし、復旧作業も進行中で、それらの効果により状況は比較的安定に向かっています。ただし、この地域での一時的な交通障害による混乱や、区域外からの避難指示への協力などの対応が今後必要とのことです。
助長,15,15,7人目,246,0.15436487147240927,2024年5月2日東京都八王子市特定地域における軟弱土層崩壊の影響を受けて冠水による道路部分被害が拡大し、周辺住民への避難指示が出され、その区域に位置する交通機関も運転に関わる問題が生じています。このような状況は、応急処置を実施した後の段階で緊急対策が順調に進められているかと考えられます。復旧作業も進行中であり、それらの効果により状況は比較的安定に向かっています。しかし、この地域における一時的な交通障害による混乱や、区域外からの避難指示への協力などの対応は今後必要となる可能性があります。
助長,15,15,8人目,254,0.14135928727092725,2024年5月2日東京都八王子市特定地域における軟弱土層崩壊の影響を受けて冠水による道路部分被害が拡大し、周辺住民への避難指示が出され、その区域に位置する交通機関も運転に関わる問題が生じています。このような状況は、応急処置を実施した後の段階で緊急対策の進捗具合が整っており期待されています。復旧作業も進行中であり、それらの効果により状況は比較的安定に向かっていて収束傾向にあります。しかし、この地域における一時的な交通障害による混乱や、区域外からの避難指示への協力などの対応は今後必要となる可能性があります。
助長,15,15,9人目,279,0.15067780935030792,2024年5月2日東京都八王子市特定地域において軟弱土層崩壊の影響を受けて冠水による道路部分被害が拡大し、周辺住民に対して避難指示が出された。この結果、区域に位置する交通機関に関わる問題も生じました。したがって、これらの問題を解決し直すことが必要になります。これは応急処置を実施した後の段階で緊急対策の進捗具合が整っており期待されています。復旧作業は進行中であり、それらの効果により状況は比較的安定に向かっていて収束傾向にあります。しかし、この地域における一時的な交通障害による混乱や、区域外からの避難指示への協力などの対応は今後必要となる可能性があります。
助長,15,15,10人目,444,0.14320482526799141,2024年5月2日東京都八王子市特定地域において軟弱土層崩壊の影響を受けて冠水による道路部分被害が拡大し、周辺住民に対して避難指示が出された。この結果、区域に位置する交通機関に関わる問題も生じました。したがって、これらの問題を解決し直すことが必要になります。これは応急処置を実施した後の段階で緊急対策の進捗具合が整っており期待されています。復旧作業は進行中であり、それらの効果により状況は比較的安定に向かっていて収束傾向にあります。しかし、この地域における一時的な交通障害による混乱や、区域外からの避難指示への協力などの対応は今後必要となる可能性があります。被害の拡大により、これらの地域で生活を送る住民が困窮する心配も出てきました。それに伴って、経済活動の影響による影響を考慮し、避難指示が出された区域内の店舗や施設などに対して支援策を講じていく方針となっています。また、この地域に住む家族にも必要な物資の提供などの対応が行われており、これらの情報は専用ホームページで共有されています。
助長,16,16,原文,124,1.0,小学生の田中さんは、初めて運動会でリレーに選ばれ、緊張しながらもチームメイトと協力して走った。スタートの合図とともに、全速力で駆け抜け、ゴールを目指した。その時、転んでしまったが、すぐに立ち上がり、仲間たちに励まされ、最後まで走りきることができた。
助長,16,16,1人目,212,0.3583580480877165,小学生の中学校では運動会が行われ、その日は大勢の人が集まって注目を集めていた。初めてのリレーで選ばれた田中さんは、緊張を感じながらもチームメイトと一緒に協力して走ることができたのは嬉しい気持ちで胸が膨らんだ。スタートの合図とともに、全速力で駆け抜けてゴールを目指したが、その時は転んでしまった。でもすぐさま立ち上がり、仲間たちから激励の言葉を受けた。最後まで走りきることができたのはチームの努力や大家族の応援のおかげだった。
助長,16,16,2人目,300,0.32739815062944905,小学生の中学校では運動会が毎年開催され、その日は大勢の人々が集まって注目を集めていた。初めてのリレー競技で選ばれた田中さんは、緊張を感じながらもチームメイトと一緒に協力して走ることができたのは嬉しい気持ちで胸が膨らんだようだった。それまでの大きな試みではなかったので、小学生のクラス全員や家族から大きな期待を持たれていた。スタートの合図とともに、全速力で駆け抜けてゴールを目指したが、その時は転んでしまった。でもすぐさま立ち上がり、仲間たちから激励の言葉を受けた。それを見た観客の中には感動した人も多かった。最後まで走りきることができたのはチームの努力や大家族の応援のおかげだったと感じていたようだ。
助長,16,16,3人目,351,0.2823984273795085,小学生の中学校では毎年開催される運動会が、各年代の人々を引き寄せて注目を集めていた。初めてのリレー競技で選ばれた田中さんは、心配な気持ちにも関わらずチームメイトと協力して一緒に走ることができたのは嬉しい気持ちで胸が大きく膨らんだようだった。それまでの大きな試みではなかったので、小学生全員や家族から大きな期待を持たれていた。スタートの合図とともに、全速力で駆け抜けてゴールを目指したが、その時は転んでしまった。しかしすぐさま立ち上がり、仲間たちから激励の言葉を受けた。それを見た観客の中には感動した人も多かった。最後まで走りきることができたのはチームメイトや家族たちの応援のおかげだったと感じていたようだ。また、自分が失敗しても、立ち上がって再び挑戦する姿勢を示すことに強い自信を持っていたようだった。
助長,16,16,4人目,469,0.25228243702805375,小学生の中学校では毎年開催される運動会が、各年代の人々を魅力的に引き寄せて注目を集めていた。初めてのリレー競技で選ばれた田中さんは、心配な気持ちにも関わらずチームメイトと協力して一緒に走ることができたのは嬉しい気持ちで胸が大きく膨らんだようだった。それまでの大きな試みではなかったので、小学生全員や家族から大きな期待を持たれていた。学校の先生たちも期待を寄せていたようで、多くの人々は大いに見物に来ることができた。スタートの合図とともに、全速力で駆け抜けてゴールを目指したが、その時は転んでしまった。しかしすぐさま立ち上がり、仲間たちから激励の言葉を受けた。それを見た観客の中には感動した人も多かった。この姿をみた家族や友達たちの間にも喜びと感動が広がった。最後まで走りきることができたのはチームメイトや家族たちの応援のおかげだったと感じていたようだ。また、自分が失敗しても、立ち上がって再び挑戦する姿勢を示すことに強い自信を持っていたようだった。この意欲が学生達の心に深く残り、試みを続ける力となり、その後の彼らを支えるところとなった。
助長,16,16,5人目,548,0.16693604704808485,小学校の中学では毎年開催される運動会で、小学生の中でも優れた活躍を見せた人々が注目を集めていた。それらの人の中で初めてのリレー競技に出場した田中さんは、チームのメンバーと一緒に競争するという経験を得ることになった。心配な気持ちにもかかわらず、協力して走ることができたことに嬉しさが溢れ出し、胸が大きく膨らんだようだった。 小学生全員や家族から期待される大きな試みで、小学校の先生たちも期待を寄せていたようだ。それらの人々は多くの観客が見物に来ることができた。大きな試みとして初めてとなるこの運動会では、スタートの合図とともに各チームが全速力で走り、ゴールに向かうという模様を見逃すことなく楽しむことができた。 その時、その田中さんは転んでしまい、立ち上がって再び競争する姿勢を見せた。しかし、それを見て観客の中には感動した人も多く、このような姿をみた家族や友達たちの間にも喜びと感動が広がった。 最後まで走りきることができたのはチームメイトや家族たちの応援のおかげだったと感じていたようだ。また、自分が失敗しても立ち上がって再び挑戦するという姿勢を示すことに強い自信を持っていたようだった。この意欲は学生達の心に深く残り、それら後の彼らの試みを続ける力となり、その後の彼らを支えるところとなった。
助長,16,16,6人目,581,0.16478974051398104,小学校の中学で毎年開催される運動会は、小学生の中でも優れた活躍を見せた人々が注目を集めていた。それらの人の中で初めてのリレー競技に出場した田中さんは、チームのメンバーと一緒に競争するという経験を得ることになった。心配な気持ちにもかかわらず、この試みを通じて友情や協力を体現できたことに嬉しさが溢れ出し、胸が大きく膨らんだようだった。そのような心の状態は、他の小学生やその家族から期待される大きな試みで、小学校の先生たちも期待を寄せていたようだ。全員の期待に応えるため、田中さんは自信を持って競争を続けた。そして、その時には多くの観客が会場に来て、大いに喜んでいたことがわかった。それらの人々はこの運動会で、スタートの合図とともに各チームが全速力で走り、ゴールに向かうという模様を見逃すことなく楽しむことができた。その時、その田中さんは転んでしまい、立ち上がって再び競争する姿勢を見せた。観客の中にも、このような姿をみた家族や友達たちの間でも喜びと感動が広がった。最後まで走りきることができたのはチームメイトや家族たちの応援のおかげだったと感じていたようだ。また、自分が失敗しても立ち上がって再び挑戦するという姿勢を示すことに強い自信を持っていたようだった。この意欲は学生達の心に深く残り、それら後の彼らの試みを続ける力となり、その後の彼らを支えるところとなった。
助長,16,16,7人目,645,0.1584039736833368,小学校の中学で毎年開催される運動会は、小学生の中でも優れた活躍を見せた人々が注目を集めていた。それらの人の中で初めてのリレー競技に出場した田中さんは、チームのメンバーと一緒に競争するという経験を得ることになった。心配な気持ちにもかかわらず、この試みを通じて友情や協力を体現できたことに嬉しさが溢れ出し、胸が大きく膨らんだようだった。そのような心の状態は、他の小学生やその家族から期待される大きな試みで、小学校の先生たちも期待を寄せていたようだ。全員の期待に応えるため、田中さんは自信を持って競争を続けた。そして、その時には多くの観客が会場に来て、大いに喜んでいたことがわかった。それらの人々はこの運動会で、スタートの合図とともに各チームが全速力で走り、ゴールに向かうという模様を見逃すことなく楽しむことができた。その時、その田中さんは転んでしまい、立ち上がって再び競争する姿勢を見せた。観客の中にも、このような姿をみた家族や友達たちの間でも喜びと感動が広がった。また、それらの人々はこの瞬間に、選手たちに起こり得る失敗から立ち直れる強い精神力を持っていることを実際に見て、強く感銘を受けた。最後まで走りきることができたのはチームメイトや家族たちの応援のおかげだったと感じていたようだ。また、自分が失敗しても立ち上がって再び挑戦するという姿勢を示すことに強い自信を持っていたようだった。この意欲は学生達の心に深く残り、それら後の彼らの試みを続ける力となり、その後の彼らを支えるところとなった。
助長,16,16,8人目,645,0.1584039736833368,小学校の中学で毎年開催される運動会は、小学生の中でも優れた活躍を見せた人々が注目を集めていた。それらの人の中で初めてのリレー競技に出場した田中さんは、チームのメンバーと一緒に競争するという経験を得ることになった。心配な気持ちにもかかわらず、この試みを通じて友情や協力を体現できたことに嬉しさが溢れ出し、胸が大きく膨らんだようだった。そのような心の状態は、他の小学生やその家族から期待される大きな試みで、小学校の先生たちも期待を寄せていたようだ。全員の期待に応えるため、田中さんは自信を持って競争を続けた。そして、その時には多くの観客が会場に来て、大いに喜んでいたことがわかった。それらの人々はこの運動会で、スタートの合図とともに各チームが全速力で走り、ゴールに向かうという模様を見逃すことなく楽しむことができた。その時、その田中さんは転んでしまい、立ち上がって再び競争する姿勢を見せた。観客の中にも、このような姿をみた家族や友達たちの間でも喜びと感動が広がった。また、それらの人々はこの瞬間に、選手たちに起こり得る失敗から立ち直れる強い精神力を持っていることを実際に見て、強く感銘を受けた。最後まで走りきることができたのはチームメイトや家族たちの応援のおかげだったと感じていたようだ。また、自分が失敗しても立ち上がって再び挑戦するという姿勢を示すことに強い自信を持っていたようだった。この意欲は学生達の心に深く残り、それら後の彼らの試みを続ける力となり、その後の彼らを支えるところとなった。
助長,16,16,9人目,643,0.1570454092477409,小学校の中学で毎年開催される運動会は、小学生の中でも優れた活躍を見せた人々が注目を集めていた。それらの人の中で初めてのリレー競技に出場した田中さんは、チームのメンバーと一緒に競争するという経験を得ることになった心配な気持ちにもかかわらず、この試みを通じて友情や協力を体現できたことに嬉しさが溢れ出し、胸が大きく膨らんだようだった。そのような心の状態は、小学生やその家族から期待される大きな試みで、小学校の先生たちも期待を寄せていたようだ。全員の期待に応えるため、田中さんは自信を持って競争を続けた。そして、その時には多くの観客が会場に来て、大いに喜んでいたことがわかった。それらの人々は、この運動会で、スタートの合図とともに各チームが全速力で走り、ゴールに向かうという模様を見逃すことなく楽しむことができた。その時、その田中さんは転んでしまい、立ち上がって再び競争する姿勢を見せた。観客の中にも、このような姿をみた家族や友達たちの間でも喜びと感動が広がった。また、それらの人々はこの瞬間に、選手たちに起こり得る失敗から立ち直れる強い精神力を持っていることを実際に見て、強く感銘を受けた。最後まで走りきることができたのはチームメイトや家族たちの応援のおかげだったと感じていたようだ。また、自分が失敗しても立ち上がって再び挑戦するという姿勢を示すことに強い自信を持っていたようだった。この意欲は学生達の心に深く残り、それら後の彼らの試みを続ける力となり、その後の彼らを支えるところとなった。
助長,16,16,10人目,643,0.1570454092477409,小学校の中学で毎年開催される運動会は、小学生の中でも優れた活躍を見せた人々が注目を集めていた。それらの人の中で初めてのリレー競技に出場した田中さんは、チームのメンバーと一緒に競争するという経験を得ることになった心配な気持ちにもかかわらず、この試みを通じて友情や協力を体現できたことに嬉しさが溢れ出し、胸が大きく膨らんだようだった。そのような心の状態は、小学生やその家族から期待される大きな試みで、小学校の先生たちも期待を寄せていたようだ。全員の期待に応えるため、田中さんは自信を持って競争を続けた。そして、その時には多くの観客が会場に来て、大いに喜んでいたことがわかった。それらの人々は、この運動会で、スタートの合図とともに各チームが全速力で走り、ゴールに向かうという模様を見逃すことなく楽しむことができた。その時、その田中さんは転んでしまい、立ち上がって再び競争する姿勢を見せた。観客の中にも、このような姿をみた家族や友達たちの間でも喜びと感動が広がった。また、それらの人々はこの瞬間に、選手たちに起こり得る失敗から立ち直れる強い精神力を持っていることを実際に見て、強く感銘を受けた。最後まで走りきることができたのはチームメイトや家族たちの応援のおかげだったと感じていたようだ。また、自分が失敗しても立ち上がって再び挑戦するという姿勢を示すことに強い自信を持っていたようだった。この意欲は学生達の心に深く残り、それら後の彼らの試みを続ける力となり、その後の彼らを支えるところとなった。
助長,17,17,原文,92,1.0,小学生の図鑑コンテスト、地域文化に関する企画を選んだ。夕暮れの公園でカモフラージュ柄の野鳥を撮影し、その生態と分布について詳細にまとめた。受賞には至らなかったが、熱意と努力は報われた。
助長,17,17,1人目,327,0.1445741587424442,小学生の図鑑コンテストでは、特に地域文化に関係する企画を選んだことに心を打たれた。夕暮れ時、公園に行くと、大自然の中で生き延びているカモフラージュ柄の野鳥がいくつもいた。それらの野鳥は、その身を装って生息地から離れないようにしている。そしてその姿を見たとき、私はそれらの生物が持っている独特な特徴と、生活する環境について深く考え始めた。私は、それらの野鳥の繁殖期、集団の形成、食物捕獲戦略、避難場所など、その生態に興味を持ち続けた。そして、その分布状況や個体数の減少など、さまざまな情報を手に入れながら、自分が知る限りでその生物についてまとめ上げた。結果として、受賞は得られなかったものの、私自身に成長と学びを与えてくれたので、これには感謝を持っている。
助長,17,17,2人目,453,0.13378309333858948,小学生の図鑑コンテストでは、特に地域文化に関係する企画を選んだことに心を打たれた。夕暮れ時、公園に行くと、大自然の中で生き延びているカモフラージュ柄の野鳥がいくつもいた。それらの野鳥は、その身を装って生息地から離れないようにしている。そしてその姿を見たとき、私はそれらの生物が持っている独特な特徴と、生活する環境について深く考え始めた。私がそのような生物たちを見るたびに、自分自身の視点や理解力が拡大されていった。そして、それらの野鳥の繁殖期には何が発生し、個々の動物は集団からどのように離れてしまっているのかを考えた。その結果、私はそれらの生物の生活で最も重要な役割である食物捕獲戦略について研究した。また避難場所や移動ルートなど、そのような個体数の減少に関するさまざまな情報を得ながら、それらの生態について詳しく調べていった。そしてその分布状況の変化や、地域の自然環境におけるそれらの生物の役割などの特徴は、多くの地域で問題になっていることを考慮しながら、自分が知る限りでその生物についてまとめ上げた。
助長,17,17,3人目,541,0.08763651836701064,小学生の図鑑コンテストでは、その企画の中でもとりわけ地元文化に深く関係があるような案を選んでいたことに心が強く動かされた。公園に行くと夕方、たくさんのカモフラージュ柄の野鳥たちを見た。それらの野鳥は、その体型やその形状で生息する土地から離れないようにしていて、それぞれの個体にはそのような身を装うための独特の特徴が備わっていた。そしてそれらを目にした時、私はあれらの生物たちの生活におけるそのような独特な特徴と、それが環境によってどのように影響を受けているのかを深く考えるようになった。それらの野鳥たちを見るたびに、私自身の視点や理解の限界が広がっていった。そしてそれは、繁殖期にはそれらが何を感じて、それらの個体は集団から離れてしまっていて、そのような時期におけるその行動について考え始めた。その結果、食物を求めて捕獲する戦略など、それら個体の生存において最も重要な役割について学んだ。また避難場所や移動ルートなどの情報が必要になるよう考えて、それらの生物たちの生活全般をより詳しく調べていった。そしてそのような分布状況の変化や地域の自然環境におけるそれらの生物たちが果たす役割など、それら個体に関するさまざまな事項は、私が知る限りで、そのような生物についてまとめることができた。
助長,17,17,4人目,578,0.08899181183866292,小学生の図鑑コンテストではその企画の中でもとりわけ地元文化に関係があるような案を選んでいたことに心が強く動かされた。それは、地域に深く根ざしたもので、多くの人々にとって懇切で親しみやすいものであった。公園に行くと夕方、たくさんのカモフラージュ柄の野鳥たちを見た。それらの野鳥は、その体型や形状で生息する土地から離れないようにしていて、それぞれの個体にはそのような身を装うための独特の特徴が備わっていた。そしてそれらを目にした時、私はあれらの生物たちの生活におけるそのような独特な特徴と、それが環境によってどのように影響を受けているのかを深く考えるようになった。それらの野鳥たちを見るたびに、私自身の視点や理解の限界が広がっていった。そしてそれは、繁殖期にはそれらが何を感じて、それらの個体は集団から離れてしまっていて、そのような時期におけるその行動について考え始めた。その結果、食物を求めて捕獲する戦略など、それら個体の生存において最も重要な役割について学んだ。また避難場所や移動ルートなどの情報が必要になるよう考えて、それらの生物たちの生活全般をより詳しく調べていった。そしてそのような分布状況の変化や地域の自然環境におけるそれらの生物たちが果たす役割など、それら個体に関するさまざまな事項は、私が知る限りで、そのような生物についてまとめることができた。
助長,17,17,5人目,573,0.08952945875143561,小学生の図鑑コンテストでは、企画の中でも地元文化に関係があるような案を選んでいたことに心が強く動かされた。それは、地域に深く根ざしたもので、多くの人々にとって懇切で親しみやすいものであった。公園に行くと夕方、たくさんのカモフラージュ柄の野鳥たちを見た。それらの野鳥は、その体型や形状で生息する土地から離れないようにしていて、それぞれの個体にはそのような身を装うための独特の特徴が備わっていた。そしてそれらを目にした時、私はあれらの生物たちの生活におけるそのような独特な特徴と、それが環境によってどのように影響を受けているのかを深く考えるようになった。それらの野鳥たちを見るたびに、私自身の視点や理解の限界が広がっていった。そしてそれは、繁殖期にはそれらが何を感じて、それらの個体は集団から離れてしまっていて、そのような時期におけるその行動について考え始めた。その結果、食物を求めて捕獲する戦略など、それら個体の生存において最も重要な役割について学んだ。また避難場所や移動ルートなどの情報が必要になるよう考えて、それらの生物たちの生活全般をより詳しく調べていった。そしてそのような分布状況の変化や地域の自然環境におけるそれらの生物たちが果たす役割など、それら個体に関するさまざまな事項は、私が知る限りで、そのような生物についてまとめることができた。
助長,17,17,6人目,573,0.08952945875143561,小学生の図鑑コンテストでは、企画の中でも地元文化に関係があるような案を選んでいたことに心が強く動かされた。それは、地域に深く根ざしたもので、多くの人々にとって懇切で親しみやすいものであった。公園に行くと夕方、たくさんのカモフラージュ柄の野鳥たちを見た。それらの野鳥は、その体型や形状で生息する土地から離れないようにしていて、それぞれの個体にはそのような身を装うための独特の特徴が備わっていた。そしてそれらを目にした時、私はあれらの生物たちの生活におけるそのような独特な特徴と、それが環境によってどのように影響を受けているのかを深く考えるようになった。それらの野鳥たちを見るたびに、私自身の視点や理解の限界が広がっていった。そしてそれは、繁殖期にはそれらが何を感じて、それらの個体は集団から離れてしまっていて、そのような時期におけるその行動について考え始めた。その結果、食物を求めて捕獲する戦略など、それら個体の生存において最も重要な役割について学んだ。また避難場所や移動ルートなどの情報が必要になるよう考えて、それらの生物たちの生活全般をより詳しく調べていった。そしてそのような分布状況の変化や地域の自然環境におけるそれらの生物たちが果たす役割など、それら個体に関するさまざまな事項は、私が知る限りで、そのような生物についてまとめることができた。
助長,17,17,7人目,575,0.08883495426491675,小学生の図鑑コンテストでは、企画の中でも地元文化に関係があるような案を選んでいたことに心が強く動かされた。それは、地域に深く根ざしたもので、多くの人々にとって懇切で親しみやすいものであった。公園に行くと夕方、たくさんのカモフラージュ柄の野鳥たちを見た。それらの野鳥たちは、その体型や形状により生息する土地から離れないようにしていて、それぞれの個体にはそのような身を装うための独特な特徴が備わっていた。そしてそれらを目にした時、私はあれらの生物たちの生活におけるそのような独特な特徴と、それが環境によってどのように影響を受けているのかを深く考えるようになった。それらの野鳥たちを見るたびに、私自身の視点や理解の限界が広がっていった。そしてそれは、繁殖期にはそれらが何を感じて、それらの個体は集団から離れてしまっていて、そのような時期におけるその行動について考え始めた。その結果、食物を求めて捕獲する戦略など、それら個体の生存において最も重要な役割について学んだ。避難場所や移動ルートなどの情報が必要になるよう考えて、それらの生物たちの生活全般をより詳しく調べていった。そしてそのような分布状況の変化や地域の自然環境におけるそれらの生物たちが果たす役割など、それら個体に関するさまざまな事項は、私が知る限りで、そのような生物についてまとめることができた。
助長,17,17,8人目,575,0.08883495426491675,小学生の図鑑コンテストでは、企画の中でも地元文化に関係があるような案を選んでいたことに心が強く動かされた。それは、地域に深く根ざしたもので、多くの人々にとって懇切で親しみやすいものであった。公園に行くと夕方、たくさんのカモフラージュ柄の野鳥たちを見た。それらの野鳥たちは、その体型や形状により生息する土地から離れないようにしていて、それぞれの個体にはそのような身を装うための独特な特徴が備わっていた。そしてそれらを目にした時、私はあれらの生物たちの生活におけるそのような独特な特徴と、それが環境によってどのように影響を受けているのかを深く考えるようになった。それらの野鳥たちを見るたびに、私自身の視点や理解の限界が広がっていった。そしてそれは、繁殖期にはそれらが何を感じて、それらの個体は集団から離れてしまっていて、そのような時期におけるその行動について考え始めた。その結果、食物を求めて捕獲する戦略など、それら個体の生存において最も重要な役割について学んだ。避難場所や移動ルートなどの情報が必要になるよう考えて、それらの生物たちの生活全般をより詳しく調べていった。そしてそのような分布状況の変化や地域の自然環境におけるそれらの生物たちが果たす役割など、それら個体に関するさまざまな事項は、私が知る限りで、そのような生物についてまとめることができた。
助長,17,17,9人目,575,0.08883495426491675,小学生の図鑑コンテストでは、企画の中でも地元文化に関係があるような案を選んでいたことに心が強く動かされた。それは、地域に深く根ざしたもので、多くの人々にとって懇切で親しみやすいものであった。公園に行くと夕方、たくさんのカモフラージュ柄の野鳥たちを見た。それらの野鳥たちは、その体型や形状により生息する土地から離れないようにしていて、それぞれの個体にはそのような身を装うための独特な特徴が備わっていた。そしてそれらを目にした時、私はあれらの生物たちの生活におけるそのような独特な特徴と、それが環境によってどのように影響を受けているのかを深く考えるようになった。それらの野鳥たちを見るたびに、私自身の視点や理解の限界が広がっていった。そしてそれは、繁殖期にはそれらが何を感じて、それらの個体は集団から離れてしまっていて、そのような時期におけるその行動について考え始めた。その結果、食物を求めて捕獲する戦略など、それら個体の生存において最も重要な役割について学んだ。避難場所や移動ルートなどの情報が必要になるよう考えて、それらの生物たちの生活全般をより詳しく調べていった。そしてそのような分布状況の変化や地域の自然環境におけるそれらの生物たちが果たす役割など、それら個体に関するさまざまな事項は、私が知る限りで、そのような生物についてまとめることができた。
助長,17,17,10人目,812,0.09248732484849558,小学生の図鑑コンテストでは、企画の中でも地元文化に関係があるような案を選んでいたことに心が強く動かされた。それは、地域に深く根ざしたもので、多くの人々にとって懇切で親しみやすいものであった。公園に行くと夕方、たくさんのカモフラージュ柄の野鳥たちを見た。それらの野鳥たちは、その体型や形状により生息する土地から離れないようにしていて、それぞれの個体にはそのような身を装うための独特な特徴が備わっていた。そしてそれらを目にした時、私はあれらの生物たちの生活におけるそのような独特な特徴と、それが環境によってどのように影響を受けているのかを深く考えるようになった。それらの野鳥たちを見るたびに、私自身の視点や理解の限界が広がっていった。そしてそれは、繁殖期にはそれらが何を感じて、それらの個体は集団から離れてしまっていて、そのような時期におけるその行動について考え始めた。その結果、食物を求めて捕獲する戦略など、それら個体の生存において最も重要な役割について学んだ。避難場所や移動ルートなどの情報が必要になるよう考えて、それらの生物たちの生活全般をより詳しく調べていった。そしてそのような分布状況の変化や地域の自然環境におけるそれらの生物たちが果たす役割など、それら個体に関するさまざまな事項は、私が知る限りで、そのような生物についてまとめることができた。公園での観察から、カモフラージュ柄の野鳥たちを深く研究し始めた。それらの動物の特徴とそれが環境にどのように影響を受けているのかを考えた結果、それら個体の生存における最も重要な役割について学んだ。避難場所や移動ルートなどの情報が必要になるよう考えて、それらの生物たちの生活全般を調べていった。そしてそのような分布状況の変化や地域の自然環境におけるそれらの生物たちが果たす役割など、それら個体に関するさまざまな事項は、私が知る限りで、そのような生物についてまとめることができた。
助長,18,18,原文,125,1.0,小学校の図工の時間、先生が子どもたちに粘土で動物を作るように指示した。豚をモチーフにした生徒が、最初はうまくできず困っていたが、先生の丁寧なアドバイスと励ましを受けて、徐々に鼻や耳の形を整え始めた。最後は、満足そうに完成させた豚を持って笑顔を見せた。
助長,18,18,1人目,137,0.7881254851860924,小学校の図工の時間に、先生が子どもたちに粘土で動物を作るように指示した。この中で豚をモチーフにした生徒は、一度はうまくできず困っていた。しかし、先生の丁寧なアドバイスと励ましを受けて、徐々に鼻や耳の形を整え始めた。そして最後には、満足そうに完成させた豚を持って笑顔を見せた。
助長,18,18,2人目,170,0.46070059355375914,小学校の図工の時間に、先生が子どもたちに粘土で動物を作るように指示した。その中で豚をモチーフにした生徒は、一度はうまくできずに困った様子が出ていた。しかし、彼らには努力心があり、先生の丁寧なアドバイスと励ましを受けて、徐々に鼻や耳などの細かな形状を整え始めた。そして、最後には、彼らの手作りの豚が完成し満足そうに笑顔を浮かべる姿が見られた。
助長,18,18,3人目,178,0.3074732687107817,小学校の図工の時間が終わるまでに、先生は学生たちに粘土で動物を作るよう指示した。その中で、豚をモチーフにした生徒は、最初はうまく作れず困った様子が出ていた。しかし、彼らには努力心があり、先生の丁寧なアドバイスと励ましを受けて、それらの細かい形状を整えることができるようになった。そして、最後には彼らの手作りの豚が完成し満足そうに笑顔を浮かべる姿が見られた。
助長,18,18,4人目,213,0.2214805274088246,小学校の図工の時間が終わるまでに、小学生たちは先生から粘土で動物を作ることを指示された。それの中で、ある生徒は豚をモチーフにした作品を作り始めたが、最初はうまく作ることができず困った様子が出ていた。しかし、彼らの努力心があり、先生の丁寧なアドバイスや励ましを受けて、それらの細かい形状を整えることができるようになった。そして、最後には彼らの手作りの豚が完成し、きっと満足しているはずなので、そのような素敵な表情を見せてくれた。
助長,18,18,5人目,304,0.20829396700240335,小学校の図工の時間が終わるまでに、小学生たちは先生から粘土で動物を作ることを指示された。それの中で、ある生徒は豚をモチーフにした作品を作り始めたが、最初はうまく作ることができず困った様子が出ていた。しかし、彼らの努力心があり、先生の丁寧なアドバイスや励ましを受けて、それらの細かい形状を整えることができるようになった。そして、小学生たちは指示通りに粘土を組み立てて形を付けていきました。豚の形は丸くて小さくていて、角や鼻がしっかりと作られており、そのような素敵な表情を見せてくれたように思われた。そして、それらの手作りの動物たちには、全員、完璧な細かい形や完成度が備わっていて、きっと満足しているはずなので。
助長,18,18,6人目,339,0.18432328050377167,小学校の図工の時間に、小学生たちは先生から指示をうけ、粘土で動物を作ることができました。それの中で、一人の生徒は豚をモチーフにした作品を作り始めましたが、最初はうまく作ることができず困った様子が出ていました。しかし、彼らの努力心があり、そのような状況では必ずあることのように先生の丁寧なアドバイスや励ましがあり、それらの細かい形状を整えることができるようになりました。そして、小学生たちは指示通りに粘土を組み立てて、形をつける作業を行っていきました。豚の形は丸く小さくていて、角や鼻がしっかりと作られており、そのような素敵な表情を見せてくれたように思われた。そして、それらの手作りの動物たちには全員に、完璧な細かい形や完成度が備わっていて、きっと満足しているはずだと思いました。
助長,18,18,7人目,401,0.17639004397360067,小学校の図工の時間は、学生たちにとって楽しい時間の一つでした。その日も、小学生たちは先生から指示をうけ、粘土で動物を作ることができました。それの中で、一人の生徒が豚をモチーフにした作品を作り始めましたが、最初はうまく作ることができず困った様子が出ていました。しかし、彼らの努力心があり、そのような状況では必ずあることのように先生の丁寧なアドバイスや励ましがあり、それらの細かい形状を整えることができるようになりました。そして、小学生たちは指示通りに粘土を組み立てて、形をつける作業を行っていきました。豚の形は丸く小さくていて、角や鼻がしっかりと作られており、そのような素敵な表情を見せてくれたように思われた。そして、それらの手作りの動物たちには全員に、完璧な細かい形や完成度が備わっていて、これらすべての作品は非常に美しく、きっと学生たちはその中から自分の好きなものを選んで、喜んだはずだと思いました。
助長,18,18,8人目,427,0.12945820491067864,小学校の図工の時間は、それらの生徒たちにとってとてもうるさく楽しい時間の一つでした。その日も、小学生たちは先生から明確な指示を受け取り、それに従いながら粘土で動物を作り始めました。その中で、一人の生徒が豚をモチーフにした作品を作り始めており、その初期段階では、特にその形状や表現などにおいて、小学生は苦労し困っている様子が出ていました。しかし、彼らの努力心があり、そのような状況の中で必ずあることのように先生の丁寧なアドバイスや励ましがあるため、それらを整えることができるようになり、そして、指示通りに粘土を組み立て、形をつける作業を行いながら、一人の生徒が豚の形を丸く小さく、角や鼻がしっかりと作られており、そのような素敵な表情を見せてくれたように思われた。そして、それらの手作りの動物たちは全員に、完璧で細かく、そして完成度も備わっていて、これらすべての作品は非常に美しく、きっと学生たちはその中から自分の好きなものを選んで喜んだはずだと思いました。
助長,18,18,9人目,620,0.1257473731829953,小学校の図工の時間は、それらの生徒たちにとってとてもうるさく楽しい時間の一つでした。その日も、小学生たちは先生から明確な指示を受け取り、それに従いながら粘土で動物を作り始めました。各個人の創造性を育むためのこの時期は、生徒たちにとってとても重要でした。また、生徒の発達を促進するために図工クラスでは、細かい指示から繰り返し実践までのプロセスが段階的に学べるように工夫されており、それによって、生徒たちは、創造性豊かで、心を取り戻すことができる時間を作り出すことができました。その中で、一人の生徒が豚をモチーフにした作品を作り始めており、その初期段階では、特にその形状や表現などにおいて、小学生は苦労し困っている様子が出ていました。しかし、彼らの努力心があり、そのような状況の中で必ずあることのように先生の丁寧なアドバイスや励ましがあるため、それらを整えることができるようになり、そして、指示通りに粘土を組み立て、形をつける作業を行いながら、一人の生徒が豚の形を丸く小さく、角や鼻がしっかりと作られており、そのような素敵な表情を見せてくれたように思われた。彼はそれに加えて細部まで意識しすぎることがありましたが、先生に伝えるときの態度だけでも素晴らしくて、それらの手作りの動物たちは全員に、完璧で細かく、そして完成度も備わっていて、これらすべての作品は非常に美しく、きっと学生たちはその中から自分の好きなものを選んで喜んだはずだと思いました。
助長,18,18,10人目,592,0.13818628467430397,小学校の図工の時間は、それらの生徒たちにとってとても楽しい時間の一つでした。その日も、小学生たちは先生から明確な指示を受け取り、それに従いながら粘土で動物を作り始めました。各個人の創造性を育むためのこの時期は、生徒たちにとってとてもうるさく重要でした。そして、細かい指示から繰り返し実践までのプロセスが段階的に学べるように工夫されており、それによって、生徒たちは、創造性豊かで、心を取り戻すことができる時間を作り出すことができました。その中で、一人の生徒が豚をモチーフにした作品を作り始めており、その初期段階では、小学生は特にその形状や表現などにおいて苦労し困っている様子が出ていました。しかし、彼らの努力心があり、先生の丁寧なアドバイスや励ましがあるため、それらを整えることができるようになりました。そして、指示通りに粘土を組み立て、形をつける作業を行いながら、一人の生徒が豚の形を丸く小さくし、角や鼻がしっかりと作られており、そのような素敵な表情を見せてくれたように思われていました。また、彼はそれに加えて細部まで意識しすぎることがありましたが、先生に伝えるときの態度だけでも素晴らしかった。そして、それらの手作りの動物たちは全員に、完璧で細かく、そして完成度も備わっていて、これらすべての作品は非常に美しく、小学生たちにはきっと自分の好きなものを選んで喜んだはずだと思いました。
助長,19,19,原文,96,1.0,小学校の図工の時間、クラス全体で折り紙をしました。先生が丁寧に手順を教え、色とりどりの折り紙を使って平和の象徴である鳩を作りました。子供たちは集中して折り、完成した鳩を教室に飾り付けたのです。
助長,19,19,1人目,222,0.24126394665718157,小学校の図工の時間に行われた学習活動の中でクラス全員が一緒に参加した内容の一つは、.foldingと呼ばれる工芸技術のひとつである折り紙作業でした。先生は、細かい手順や注意点を丁寧に指導し、さまざまな色の papelitoを使って鳩の形を作ることを学びました。その中で特別に意識されていたのは平和を象徴する動物の一つである鳩でした。子供たちは先生の指示通りに工夫し精神性を持って折り、完成した鳩を教室内で飾り付けることができたということでした。
助長,19,19,2人目,352,0.12604102699354874,小学校の図工の時間に行われた学習活動の中でクラス全員が一緒に参加した内容の一つは、.foldingと呼ばれる工芸技術のひとつである折り紙作業でした。この時期は、小学生にとって新しい経験をする機会を設けるために、先生は工芸技術の指導や、さまざまな色の papelitoを使った鳩の形を作ることを学ぶ内容にしました。その中で特別に意識されていたのは平和を象徴する動物の一つである鳩でした。鳩は、人間が自分たちで創り出すものの中では、最も複雑な形状を持ちながら、折り紙技術の達人でも簡単にできたという実例を持っていることで有名です。このため子供たちは先生の指示通りに工夫し精神性を持って折り、小さくても見栄えがよい鳩を作ることができました。鳩は、クラスの教室内で特別な意味合いで飾られることができるものでした。
助長,19,19,3人目,379,0.10222670397620916,小学校の図工の時間に行われた学習活動の中では、特に注目を集めた内容の一つは.foldingと呼ばれる工芸技術のひとつである折り紙作業でした。この時期は、小学生にとって新しい経験をする機会を設けるために、先生が工芸技術の指導や、さまざまな色の papelitoを使った鳩の形を作ることを学ぶ内容にしました。このとき、その中で特別に意識されていたのは平和を象徴する動物の一つである鳩でした。鳩は人間が自分たちで創り出すものの中では、最も複雑な形状を持っているにもかかわらず、折り紙技術の達人でも簡単にできたという実例を持っており、その特徴が知られています。このため子供たちは先生の指示通りに工夫し精神性を持って折り、小さくても見栄えがよい鳩を作ることができました。さらに、クラスの教室内で特別な意味合いで飾られることができる鳩は、その価値を証明したことでしょう。
助長,19,19,4人目,459,0.10464323611125463,小学校の図工の時間に行われた学習活動の中では、特に注目を集めた内容の一つは、.foldingと呼ばれる工芸技術のひとつである折り紙作業でした。この時期は、小学生にとって新しい経験をする機会を設けるために、先生が工芸技術の指導や、さまざまな色の papelitoを使った鳩の形を作ることを学ぶ内容にしました。このとき、その中で特別に意識されていたのは平和を象徴する動物の一つである鳩でした。鳩は人間が自分たちで創り出すものの中では、最も複雑な形状を持っているにもかかわらず、折り紙技術の達人でも簡単にできたという実例を持っており、その特徴が知られています。このため子供たちは先生の指示通りに工夫し精神性を持って折り、小さくても見栄えがよい鳩を作ることができました。その際、鳩の形状は非常に優雅で美しいこと、そしてそのような形を取り付けるために必要な手順や技術も複雑だったことなど、その作業全体に対する意識が高まっていました。また、クラスの教室内で特別な意味合いで飾られることができる鳩は、その価値を証明したことでしょう。
助長,19,19,5人目,618,0.10452388737890368,小学校の図工の時間に行われた学習活動の中では、特に注目を集めた内容の一つは、.foldingと呼ばれる工芸技術のひとつである折り紙作業でした。この時期は、小学生にとって新しい経験をする機会を設けるために、先生が工芸技術の指導や、さまざまな色のpaperitを使った鳩の形を作ることを学ぶ内容にしました。このとき、その中で特別に意識されていたのは平和を象徴する動物の一つである鳩でした。鳩は人間が自分たちで創り出すものの中では、最も複雑な形状を持っているにもかかわらず、折り紙技術の達人でも簡単にできたという実例を持っており、その特徴が知られています。このため子供たちは先生の指示通りに工夫し精神性を持って折り、小さくても見栄えがよい鳩を作ることができました。その際、鳩の形状は非常に優雅で美しいこと、そしてそのような形を取り付けるために必要な手順や技術も複雑だったことなど、その作業全体に対する意識が高まっていました。また、その時期は工芸技術への関心と興味を刺激し、小学生の創造性や想像力を引き出す機会となり、クラス内で交流や共感の機会も増えました。鳩の形状は優雅で美しいこと、そしてそのような形を取り付けるために必要な手順や技術も複雑だったことは、子供たちの工芸技術への関心と能力を認識させる良い例となりました。このため、小学生が工芸技術を学びながら、創造性や想像力を引き出す機会になり、この時期の学習活動は特に成功したと思われます。
助長,19,19,6人目,412,0.08422467720612684,小学校の図工の時間に行われた学習活動の中では、.foldingと呼ばれる工芸技術のひとつである折り紙作業が特に注目を集めた内容の一つでした。この時期は、小学生にとって新しい経験をする機会を設けるために、先生が工芸技術の指導や、さまざまな色のpaperitを使った鳩の形を作ることを学ぶ内容にしました。その際、工芸技術への関心と興味が刺激され、小学生の創造性や想像力を引き出す機会となりました。この時期はクラス内で交流や共感の機会も増え、生徒たちは工芸技術を学びながら、自分の創造性や想像力を発揮することができました。また、その時期に鳩の形状は非常に優雅で美しいこと、そしてそのような形を取り付けるために必要な手順や技術も複雑だったことは、子供たちの工芸技術への関心と能力を認識させる良い例となりました。このため、小学生が工芸技術を学びながら、創造性や想像力を引き出す機会になり、この時期の学習活動は特に成功したと思われます。
助長,19,19,7人目,391,0.0844361968129077,小学校の図工の時間に行われた学習活動の中で、特に注目を集めた内容の一つは折り紙作業でした。この時期は、小学生にとって新しい経験をする機会を設けるために、先生が工芸技術の指導やさまざまな色のpaperitを使った鳩の形を作ることを学ぶ内容にしました。その際、工芸技術への関心と興味が刺激され、小学生の創造性や想像力を引き出す機会となりました。この時期はクラス内で交流や共感の機会も増え、それによって生徒たちは工芸技術を学びながら自分の創造性や想像力を発揮することができました。また、その時期に鳩の形状は非常に優雅で美しいこと、そしてそのような形を取り付けるために必要な手順や技術は複雑だったことは、子供たちの工芸技術への関心と能力を認識させる良い例となりました。このため、小学生が工芸技術を学びながら、創造性や想像力を引き出す機会になり、この時期の学習活動は特に成功したと思われます。
助長,19,19,8人目,400,0.07662646752185837,小学校の図工の時間に行われた学習活動の中で、とりわけ注目を集めた内容の一つは折り紙作業でした。この時期には、小学生にとって新しい経験を積ませるために、先生が工芸技術に関する指導やさまざまな色のpaperitを使った鳩の形を作ることを学ぶ内容にします。その際には、工芸技術への関心と興味が刺激され、小学生の創造性や想像力を引き出す機会となりました。この時期のクラス内では、交流や共感の機会も増え、それによって生徒たちは工芸技術を学びながら自分の創造性や想像力を見せつけることができました。また、その時期に鳩の形状はとても優雅で美しいこと、そしてそのような形を取り付けるために必要な手順や技術はとても複雑だったことは、子供たちの工芸技術への関心と能力を認識させる良い例となりました。このため、小学生が工芸技術を学びながら、創造性や想像力を引き出す機会になり、この時期の学習活動は特に成功したと思われます。
助長,19,19,9人目,469,0.07288572715883089,小学校の図工の時間に行われた学習活動の中で、とりわけ注目を集めた内容の一つは折り紙作業でした。この時期には、小学生にとって新しい経験を積ませるために、先生が工芸技術に関する指導やさまざまな色のpaperitを使った鳩の形を作ることを学ぶ内容にします。その際には、工芸技術への関心と興味が刺激され、小学生の創造性や想像力を引き出す機会となりました。生徒たちは、工芸技術に関して考え方を新しく身につけることができたり、さまざまな形状を取り付けるための手順や工夫について学ぶことができるなど、この時期のクラス内では交流や共感の機会も増え、それによって生徒たちは工芸技術を学びながら自分の創造性や想像力を見せつけることができました。また、その時期に鳩の形状はとても優雅で美しいこと、そしてそのような形を取り付けるために必要な手順や技術はとても複雑だったことは、子供たちの工芸技術への関心と能力を認識させる良い例となりました。このため、小学生が工芸技術を学びながら、創造性や想像力を引き出す機会になり、この時期の学習活動は特に成功したと思われます。
助長,19,19,10人目,941,0.07525081303272108,小学校の図工の時間に行われた学習活動の中で、とりわけ注目を集めた内容の一つが折り紙作業でありました。この時期には、小学生にとって新しい経験を積ませるために、先生が工芸技術に関する指導やさまざまな色のpaperitを使った鳩の形を作ることを学ぶ内容にします。その際には、工芸技術への関心と興味が刺激され、小学生の創造性や想像力を引き出す機会となりました。生徒たちは、工芸技術に関して考え方を新しく身につけることができたり、さまざまな形状を取り付けるための手順や工夫について学ぶことができるなど、この時期のクラス内では交流や共感の機会も増え、それによって生徒たちは工芸技術を学びながら自分の創造性や想像力を見せつけることができました。また、その時期に鳩の形状はとても優雅で美しいこと、そしてそのような形を取り付けるために必要な手順や技術はとても複雑だったことは、子供たちの工芸技術への関心と能力を認識させる良い例となりました。このため、小学生が工芸技術を学びながら、創造性や想像力を引き出す機会になり、この時期の学習活動は特に成功したと思われます。小学校の図工の時間に行われた学習活動の中で、とりわけ注目を集めた内容の一つは折り紙作業でした。この時期には、小学生にとって新しい経験を積ませるために、先生が工芸技術に関する指導やさまざまな色のpaperitを使った鳩の形を作ることを学ぶ内容にします。その際には、工芸技術への関心と興味が刺激され、小学生の創造性や想像力を引き出す機会となりました。生徒たちは、工芸技術に関して考え方を新しく身につけることができたり、さまざまな形状を取り付けるための手順や工夫について学ぶことができるなど、この時期のクラス内では交流や共感の機会も増え、それによって生徒たちは工芸技術を学びながら自分の創造性や想像力を見せつけることができました。また、その時期に鳩の形状はとても優雅で美しいこと、そしてそのような形を取り付けるために必要な手順や技術はとても複雑だったことは、子供たちの工芸技術への関心と能力を認識させる良い例となりました。このため、小学生が工芸技術を学びながら、創造性や想像力を引き出す機会になり、この時期の学習活動は特に成功したと思われます。
助長,20,20,原文,94,1.0,ある夏の日、少年は古びたラジオ塔に迷い込んだ。錆び付いたアンテナの下で、子供たちは不思議な音を聴き、夕暮れ時の空に向かって手遊びをした。静寂と異質な波の交響音が、彼らの想像力を掻き立てた。
助長,20,20,1人目,171,0.29791617300095485,ある暑い夏の日曜日の午後、少年は古くも風化したラジオ送信塔に不意に迷い込んだ。しかし彼はその塔を回避することなく、その高いところまで登った。錆びついたアンテナの下で子供たちは、突然聞こえた不思議な音に心が打たれ、それを追うように手で空に向かって遊んで行き、夕暮れ時の空間の中で静寂とそれとは一味違う波の交響音が彼らの想像力をかき立てていった。
助長,20,20,2人目,183,0.2755943682930781,ある暑い夏の日曜日の午後の時期、少年はいつもからくも風化し始めたラジオ送信塔に不意に迷い込んだ。それでも、彼はその高台を回避することなく、その高い場所まで登りこみ、錆びついたアンテナの下で子供たちは突然聞こえた不思議な音に心が動かされ、それを追うように手で空に向かって遊んでいき、夕暮れ時の空間の中で静寂とそれとは一味違う波の交響音が彼らの想像力をかき立てていった。
助長,20,20,3人目,236,0.08722983758777376,ある夏の午後、暑さもあいまって青空に広がる高天馬のような雲のそよ風に乗っては、少年はいつもの道を逸らされ、風化し始めたラジオ送信塔の方へ歩いて行き、その高い場所への道すれすれで、風化した階段の手摺りから手摺りに触れて登っていった。少年はその高台には入ってはならないと考えていたが、なんとか自分自身を思いつめて登りこみ、ラジオ送信塔の上に上がって、アンテナの下で子供たちが楽しんでいた不思議な音に心が動かされ、彼らが空に向かって手首を振っているときにまたそれが再び聞こえた。
助長,20,20,4人目,316,0.07451356103474595,ある夏の午後、日中だけでも相当暑いというほどの夏の午後、太陽の光で肌が若々しくにじませる程度の暑さもあって青空の広がりを美しく見せてくれる高天馬のような雲がそよ風に乗っているときは、少年はいつもの通りに進んでいく道を選ばないまま、その場の気持ちで変えられ、風化しつつあるラジオ送信塔の方へ歩いて行き、その高い場所への道筋の中で、風化した階段の手摺りから手摺りまで触れて登っていった。少年はそのような高台には入ってはならないと考えていたが、なんとか自分自身を思いつめて登りこみ、ラジオ送信塔の上に上がって、アンテナの下で子供たちが楽しんでいた不思議な音に心が動かされ、彼らが空に向かって手首を振っているときにはまたそれが再び聞こえた。
助長,20,20,5人目,331,0.0710349719740669,ある夏の午後の日中だけでも相当暑いというほどの夏の午後、太陽の強烈な光で肌が若々しくにじませる程度の暑さもあって青空の広がりを美しく見せてくれる高天馬のような雲がそよ風に乗っているときは、その時期には少年はいつもの通りに進んでいく道を選ばないまま、その場の気持ちで変えられ、風化しつつあるラジオ送信塔の方へ歩いて行き、その高い場所への道筋の中で、風化した階段の手摺りから手摺りまで触れて登っていった。少年はそのような高台には入ってはならないと考えていたが、何らかの理由や想像で自分自身を思いつめて登りこみ、ラジオ送信塔の上に上がって、アンテナの下で子供たちが楽しんでいた不思議な音に心が動かされ、彼らが空に向かって手首を振っているときにはまたそれが再び聞こえた。
助長,20,20,6人目,345,0.061134885859430686,ある暑い夏の午後の日中だけでも相当激しいほどの夏の午後、太陽の強烈で肌を若々しくにじませる程度の暑さもあり、そのように感じられるほど美しさを持ち合わせた青空が広がりを見せてくれる高天馬のような雲がそよ風によって乗っているときは、その時期には少年はいつもの通りに進んでいく道を選ばないまま、その場にいる自分の気持ちで変えられ、風化してしまっているラジオ送信塔の方へ歩いて行き、その高い場所への道筋の中で、風化した階段の手摺りから一つずつ触れて登っていった。少年はそのような高台には入ってはならないと考えていたが、何らかの理由や想像で自分自身を思いつめて登りこみ、アンテナの下でも子供たちが楽しんでいた不思議な音に心が動かされ、彼らが空に向かって手首を振っているときにはまたそれが再び聞こえた。
助長,20,20,7人目,367,0.05810341196635422,ある暑い夏の午後の日中だけでも相当激しいほどの夏の午後、太陽の強烈で肌を若々しくにじませる程度の暑さもあり、そのように感じられるほど美しさを持ち合わせた青空が広がりを見せてくれる高天馬のような雲がそよ風によって乗っているときは、その時期には少年がいつもの通りに進んでいく道を選ばないまま、その場にいる自分の気持ちで変えられ、風化してしまっているラジオ送信塔の方へ歩いて行き、その高い場所への道筋の中で、幅が広くて一番急な手すりまでと並んだ風化した階段の手摺りの各部分から一つずつ触れて登っていった。少年はそのような高台には入ってはならないと考えていたが、何らかの理由や想像で自分自身を思いつめて登りこみ、アンテナの下でも子供たちが楽しんでいた不思議な音に心が動かされ、彼らが空に向かって手首を振っているときにはまたそれが再び聞こえた。
助長,20,20,8人目,367,0.0567933134541358,ある暑い夏の午後の日中だけでも相当激しいほどの夏の午後、太陽の強烈で肌を若々しくにじませる程度の暑さもあり、そのような感覚が感じられる程美しさを持ち合わせた青空が広がりを見せてくれる高天馬のような雲がそよ風によって乗っているときは、その時期には少年がいつもの通りに進んでいく道を選ばないまま、その場にいる自分の気持ちで変えられ、風化してしまっているラジオ送信塔の方へ歩いて行き、その高い場所への道筋の中で幅広くて一番急な手すりまでと並んだ風化した階段の手摺りの各部分から一つずつ触れて登っていった。少年はそのような高台には入ってはならないと思っていたが、何らかの理由や想像で自分自身を思いつめて登りこみ、アンテナの下でも子供たちが楽しんでいた不思議な音に心が動かされ、彼らが空に向かって手首を振っているときにはまたそれが再び聞こえた。
助長,20,20,9人目,441,0.05459429974739254,ある夏の午後の日中だけでも相当激しいほどの夏の午後、太陽の強烈で肌を若々しくにじませる程度の暑さもあり、そのような感覚が感じられる程美しさを持ち合わせた青空が広がりを見せてくれる高天馬のような雲がそよ風によって乗っているときは、その時期には少年がいつもの通りに進んでいく道を選ばないまま、その場にいる自分の気持ちで変えられ、周囲の景観や心地よさを感じながらも、日常生活の中では避けるべきと考えていた場所の方へ歩いて行き、その高い場所への道筋の中で幅広くて一番急な手すりまでと並んだ風化した階段の手摺りの各部分から一つずつ触れて登っていった。少年はそのような高台には入ってはならないと思っていたが、何らかの理由や想像によって自分自身を思いつめて登りこみ、アンテナの下でも子供たちが楽しんでいた不思議な音に心が動かされ、彼らが空に向かって手首を振っているときにはまたそれが再び聞こえた。それはその時期には少年にとって新しい経験であり、周囲との関係や自分自身への考え方にも大きく影響した。
助長,20,20,10人目,450,0.053855081340515074,ある夏の午後の日中だけでも相当激しいほどの夏の午後、太陽の強烈で肌を若々しくにじませる程度の暑さもあり、そのような感覚が感じられる程美しさを持ち合わせた青空が広がりを見せてくれる高天馬のような雲がそよ風によって乗っているときは、その時期には少年がいつもの通りに進んでいく道を選ばないまま、その場にいる自分の気持ちで変えられ、周囲の景観や心地よさを感じながらも、日常生活の中では避けるべきと考えていた場所の方へ歩いて行き、その高い場所への道筋の中で幅広くて一番急な手すりまでと並んだ風化した階段の手摺りの各部分から一つずつ触れて登っていった。少年はそのような高台には入ってはならないと思っていたが、何らかの理由や想像によって自分自身を思いつめて登りこみ、さらに高い所にあるアンテナの下でも子供たちが楽しんでいた不思議な音に心が動かされ、彼らが空に向かって手首を振っているときにはまたそれが再び聞こえた。それはその時期には少年にとって新しい経験であり、周囲との関係や自分自身への考え方にも大きく影響した。
助長,21,21,原文,101,1.0,ある晴れた日の午後、カフェで読書していた女性が、隣の席の男性の膝に落ちたコーヒーを偶然見かけた。彼は慌てて手を洗い、優しく彼女に謝罪し、同じ種類のコーヒーをもう一杯プレゼントした。穏やかな時間が流れた。
助長,21,21,1人目,156,0.3478949732816064,ある晴れわたる午後の時期、カフェで静かに読書していた女性が、隣に座っていた男性の膝に落ちているコーヒーのカップと残りの液体を偶然目当てに気づいた。彼は慌てふためいて手首を水にうかべて洗い、その後もまた優しい心地で彼女に向かって謝罪し、同じ種類のコーヒーをもう一杯差し出した。穏やかな時間がゆっくりと流れていった。
助長,21,21,2人目,187,0.2542104490911656,ある夏日によよしくて晴れて青空の午後の時期、カフェで静かに読書に没頭している女性が、隣に座っていた男性の膝の上に落ちていたコーヒーの大きな紙製のカップと残りの液体を偶然目当てに気づき、気を引かれさせられた。彼は慌てふためいて左手首を水にうかべて洗い、その後もまた優しい心地で彼女に向かって深く謝罪し、同じ種類のコーヒーをもう一杯注いだ。穏やかな時間がゆっくりと流れていった。
助長,21,21,3人目,266,0.1782291451588781,夏日がやわんだり晴れて青空に開けていた午後の時期、カフェで静かに読書に没頭し、心地よさを感じていた女性が、何事もなかったようだったのに隣に座っていた男性の膝の上に落ちているコーヒーの大きな紙製のカップと残りの液体を偶然目当てに気づき、気を引かれさせられた。彼は慌てふためいて左手首を水でうかべて洗い、その後もまた優しい心地で彼女に向かって深く謝罪し、彼自身が持っていたコーヒーの包みから同じ種類のコーヒーをもう一杯注いで、残りの液体は気をつけて片付けていった。彼女は彼の優しさに感動し、静かで温かな時間がゆっくりと流れ続いていった。
助長,21,21,4人目,306,0.1604522678373621,夏日がやわんだり晴れて青空に開けた午後の時期、カフェの中では静かに読書に没頭していた女性が、気を散らすことなく心地よさを感じていた様子だった。しかし彼女は、何もなかったように隣の席に座っていた男性の膝の上に落ちていた大きな紙製のコーヒーカップと残りの液体を偶然目当てに注意し、気を引かれさせられた。すると彼は慌てふためいて左手首を水でうかべて洗い、その後もまた優しい心地で彼女に向かって深く謝罪するようになった。そして、彼自身が持っていたコーヒーの包みから同じ種類のコーヒーをもう一杯注いで、残りの液体は気をつけて片付けていった。彼女は彼の優しさに感動し、静かで温かな時間がゆっくりと流れ続いていったことになる。
助長,21,21,5人目,316,0.17378570047300215,夏日がやわんだり晴れて青空に開けた午後の時期、カフェの中では明るく素朴な雰囲気の中で読書に没頭していた女性が、気を散らすことなく心地よさを感じていた様子だった。彼女は、何もなかったように隣の席に座っていた男性の膝の上に落ちていた大きな紙製のコーヒーカップと残りの液体を偶然目当てに注意し、気を引かれさせられた。すると彼は慌てふためいて左手首を水でうかべて洗い、その後もまた優しい心地で彼女に向かって深く謝罪するようになった。そして、彼自身が持っていたコーヒーの包みから同じ種類のコーヒーをもう一杯注いで、残りの液体は気をつけてきちんと片付けていった。彼女は彼の優しさに感動し、静かで温かな時間がゆっくりと流れ続いていいたようだった。
助長,21,21,6人目,334,0.16390984938533515,夏日がやわんだり晴れて青空に開けた午後の時期、カフェの中では明るく素朴な雰囲気の中で、読書に没頭していた女性が優雅な様子を見せていた。彼女は、気を散らすことなく心地よさを感じていたようで、隣の席から見えたものとして、何もなかったようにその男性の膝の上に落ちていた大きな紙製のコーヒーカップと残りの液体を偶然目当てに見つけ、気を引かれさせられた。すると、彼は慌てふためいて左手首を水でうかべて洗い、その後もまた優しい心地で彼女に向かって深く謝罪するようになった。そして、彼自身が持っていたコーヒーの包みから同じ種類のコーヒーをもう一杯注いで、残りの液体は気をつけてきちんと片付けていった。彼女は彼の優しさに感動し、静かで温かな時間がゆっくりと流れ続いていいたようだった。
助長,21,21,7人目,338,0.11894353284086263,夏日がやわんなくあたたかく感じられるほど明るく晴れて青空が開けた午後の時期、カフェの中では明るく素朴な雰囲気の中で、読書に頭を深く没頭していた女性が優雅で静かな様子を見せていた。彼女は、気を散らすことなく心地よさを感じ、そのようだという事実から、気を引かれさせられたように隣の席から見えたものとして、何もなかったようにその男性の膝の上に落ちていた大きな紙製のコーヒーカップと残りの液体を見つけ、彼女自身はそのことに気づいたようだった。すると、彼は慌てふためいて左手首を水でうかべて洗い、それからまた優しい心地で彼女に向かって深く謝罪するようになった。そして、彼自身が持っていたコーヒーの包みから同じ種類のコーヒーをもう一杯注いで、残りの液体は気をつけてきちんと片付けていった。
助長,21,21,8人目,354,0.10226854553841752,夏日が明るく晴れて青空が広がる午後の時期、カフェの中では素朴で心地よい雰囲気が漂っており、女性は読書に身を委ね、気を散らすことなくその場に浸かりながら優雅で静かな様子を見せていた。彼女の姿はまるで誰もいないかのようで、隣の席から見えたようではあったが、何もなかったようにコーヒーカップと残りの液体が男性の膝の上に落ちていた。それを彼女自身が気づいたようだったが、それでも彼女はそのことに心配することなく、優しく笑みを浮かべる様子を見せていた。すると、その場で激しい動作を見せる彼が慌てふためいて左手首を水でうかべて洗い、それからまた優しい心地で女性に向かって深く謝罪するようになった。そして、彼自身が持っていたコーヒーの包みから同じ種類のコーヒーをもう一杯注ぎ、残りの液体は気をつけてきちんと片付けていった。
助長,21,21,9人目,365,0.09767190901812672,夏日が明るく晴れて青空が広がりを見せる午後の時期、カフェの中には静かに佇む素朴で心地よい雰囲気が漂っており、女性は読書に身を委ねてその場に浸かりながら気を散らすことなく優雅な様子を見せていた。彼女の姿はまるで誰もいないかのようで、隣の席から見えたようにあまり目立たず、何もなかったようにコーヒーカップと残りの液体が男性の膝の上に落ちていた。それを自分自身が気づいたようだったが、それでも彼女はそのことに心配することなく、優しい笑みを浮かべる様子を見せていた。すると、その場で激しく動く彼が慌てふためいて左手首を水でうかべて洗い、それからまた同じように心地よい態度で女性に向かって深く謝罪するようになった。そして、彼自身が持っていたコーヒーの包みから同じ種類のコーヒーをもう一杯注いで、残りの液体は気をつけてきちんと片付けていった。
助長,21,21,10人目,396,0.08585826273455546,夏日が明るく晴れて青空が広がりを見せる午後の時期、カフェの中には静かに佇む素朴で心地よい雰囲気が漂っており、女性は読書に身を委ねてその場に浸かりながら気を散らすことなく優雅な様子を見せていた。彼女の姿はまるで誰もいないかのようで、隣の席から見えたようにあまり目立たず、何もなかったようにコーヒーカップと残りの液体が男性の膝の上に落ちていて、それでも気づかれていなかったようだった。しかし、その時になって彼女がそれを気付きそうになったときにも、彼女はそのことに心配することなく、優しい笑みを浮かべる様子を見せていた。すると、突然その場で激しく動いた彼が慌てふためいて左手首を水でうかべて洗い、それからまた同じように心地よい態度で女性に向かって深く謝罪するようになった。そして、彼自身が持っていたコーヒーの包みから同じ種類のコーヒーをもう一杯注いで、残りの液体は気をつけてきちんと片付けていった。
助長,22,22,原文,111,1.0,都内で開催された大規模イベント会場において、突発的に天候が悪化し、強風と豪雨が発生。多くの参加者が避難を余儀なくされ、会場内の設備が一部破損した。緊急車両の出動や救助活動に要力を入れ、安全確保のためイベントは中断となった。
助長,22,22,1人目,167,0.3050303705023564,都内で開催された大規模な催し会場において、大規模な天候変化が突然発生し、強烈な風や激しい雨雲によって大きな混乱が生じた。その結果、多くの参加者が緊急避難を余儀なくされ、会場内の一部の設備に被害を受けるようになった。さまざまな要所で安全確保活動と緊急車両の出動が行われたが、状況の厳重さからイベントの中断が決定されたという報告であった。
助長,22,22,2人目,173,0.09648731785848469,都心地域を中心とする大規模な催し会場で、大型天候変化が突然発生したことで激しい雨雲や強烈な風によって大混乱が広がり、多くの参加者が急いで避難する必要に迫られた。その結果、会場内の設備のうちいくつかが被害を受け、その状況からさまざまな場所で安全確保活動と緊急車両の出動が行われることになり、状況の厳しさから催しの中断が決定されたという報告があった。
助長,22,22,3人目,183,0.08766776397952679,都心地域を中心とする大規模な催し会場では、その日は予期せぬ天候変化に遭遇し、大型雨雲が急激に発生して強烈な降水や激しい風となり、参加者の多くが安全を優先して急いで会場を離れる必要があった。その結果、会場内の一部の設備が損傷を受けたため、このような出来事から、さまざまな場所で安全確保活動と緊急車両出動が行われ、その状況に応じて催しの中断が決定されたという報告が出た。
助長,22,22,4人目,191,0.08942576046761465,都心地域を中心とする大規模な催し会場では、その日は突然予期せぬ天候変化に遭遇し、大型雨雲が急激に発生して、強烈で長時間の降水や激しい風となり、参加者の多くが安全を優先して急いで会場を離れる必要があった。その結果、会場内の一部の設備が損傷を受けたため、このような出来事から、さまざまな場所では安全確保活動と緊急車両出動が行われ、その状況に応じて催しの中断が決定されたという報告が出た。
助長,22,22,5人目,154,0.0752572735442259,都心地域を中心とする大規模な催し会場では、その日は突然予期せぬ天候変化に遭遇し、大型雨雲の急激な発生により、強烈で長時間の降水や激しい風がもたらされ、参加者の多くが安全を優先して急いで会場を離れる必要となった。このため、会場内の一部の設備は損傷を受け、それによって催しの中断が決定されたことが報告されている。
助長,22,22,6人目,142,0.06009299646450015,都心地域を中心とする大規模な催し会場で予期せぬ天候変化が突然発生し、大型雨雲の急激な発生により、強烈で長時間にわたる降水や激しい風がもたらされました。このため、参加者の多くは安全を優先して急いで会場を離れる必要があり、会場内の一部の設備を受損し、催しが中断されたということは事実です。
助長,22,22,7人目,166,0.06163590524085133,都心地域の中心部を取り巻く大規模な催し会場で予期せぬ天気変化が急に発生したことにより、大型雨雲が急激に発生し、その結果、強烈で長時間続いた降水と激しい風が起こされました。このため、多くの参加者は安全を優先して早急に会場から出る必要があり、そしてそのために会場内の部分の設備を受損し、この催しが中断されたということは実際には事実です。
助長,22,22,8人目,183,0.06353913648910797,都心地域の中核部周辺を取り巻く大きな行事会場において、予期せぬ天気変化が急に発生したため、大型降雨雲が急激に発達し、その結果として強烈で長時間続いた落下物と激しい風速が引き起こされました。これにより多くの参加者は安全を優先して早急に会場から出なければならなくなり、そしてそのために会場の内部にある部分の施設を受損し、この行事が中断されたということは実際には事実です。
助長,22,22,9人目,291,0.0537854425954768,都心地域の中核部周辺を取り巻く大きな行事会場において、予期せぬ天気変化が急に発生したため、大型降雨雲が急激に発達し、その結果として強烈で長時間続いた落下物と激しい風速が引き起こされました。これにより多くの参加者は安全を優先して早急に会場から出なければならなくなり、そしてそのために会場の内部にある部分の施設を受損したため、通常どおり行事が進行することを期待していた人々にとっては残念な出来事となり、このような予期せぬ出来事により行事が中断されたということは実際には事実です。この事件により、参加者達もまた危害を被る心配がないよう、会場から早急に退去したと言っても誤りではありません。
助長,22,22,10人目,305,0.060343614584326015,都心地域の中核部周辺にある大きな公共の催し物会場における、そのような重要な催しを取り巻く環境において、予期せぬ天気の大幅な変化が突然やって来て、巨大な降雨雲が急激に大きくなり、結果として強烈で長い時間持続した落下物と強い風速が引き起こされました。多くの参加者は、そのような状況の中でも安全を優先すると同時に早急に関係のある会場から出なければならなくなりました。そして、そのために会場内にある部分の施設を受損させることになりました。その結果、通常どおり催しを進行させることを期待していた人々にとって残念な出来事となりました。このような予期せぬ出来事により催しは中断されたということは実際に起こったことが事実です。
助長,23,23,原文,91,1.0,先日、近所の公園で迷子になった犬が保護されました。飼い主と再会し、安堵の表情を浮かべていました。その小さな命が無事に帰れたことには、地域の住民たちの迅速な行動と協力があったそうです。
助長,23,23,1人目,181,0.46873155136459604,先日、近所の公園で迷子になった犬が保護されました。飼い主の熱望を受け、急いで捜索活動を開始した警察官や自ら探しに走り出た地域の住民たちとの共闘によってその命は無事に救われました。犬の再会を喜ぶ飼い主と、彼が感じた安堵の表情はまさに涙と笑顔が交じったものでした。その小さな命が無事に帰れたことには、地域の住民たちの迅速な行動と協力があることを心より感謝しています。
助長,23,23,2人目,237,0.4023102589015924,近所の公園で迷子になった犬が保護されました。警察官や自ら探しに走り出た地域の住民たちとの共闘によってその命は無事に救われました。その犬を探した警察官や自ら探しに行った地域の住民たちは、飼い主の熱望を受け、急いで捜索活動を開始し合っており、そのためには協力が欠かせなかったようです。飼い主は深く感謝しているはずです。彼が感じた安堵の表情はまさに涙と笑顔が交じったものでした。その小さな命が無事に帰れたことには、地域の住民たちの迅速な行動と協力があることを心より感謝しています。
助長,23,23,3人目,211,0.14804488567838042,近所の公園で迷子になった犬が保護されたので、それを救うために警察官やその場所に住んでいる人たちも一緒に探しに行きました。そしてそれは無事に終わり、犬は安全に戻ったようです。その為には彼らが協力して行動しなければならなかったようです。つまり、彼らの急いで探索したことでこの犬の命が救われ、その犬を探した警察官や地元の人たちは熱望のある飼い主も感謝しており、今は無事に戻った小さな犬を再び愛し慕うことができるようになりました。
助長,23,23,4人目,214,0.1377382308519695,近所の公園で迷子になった犬が保護されたので、それを救うために警察官やその場所に住んでいる人たちが一緒に探しに出掛け、協力して行動しなければならなかったようです。それは無事終わり、犬は安全に戻りました。彼らの急いで探索したことでこの犬の命が救われ、その犬を探した警察官や地元の人たちは熱望のある飼い主も感謝しています、今は無事に戻った小さな犬を再び愛し慕うことができます。それはすべて、協力と共通の目的によって実現されたようです。
助長,23,23,5人目,222,0.1534695534393437,近所の公園で迷子になったその犬が保護されたので、それを救うために警察官やその場所に住んでいる人たちが一緒に出掛けて協力を求め、迅速な行動しなければならなかったようです。それは無事終わり、安全に戻りました。彼らの急いで探索したことでこの犬の命が守われ、その犬を探した警察官や地元の人たちはその犬を想う熱望のある飼い主も感謝しています、今は無事に戻った小さな犬を再び愛し慕うことができます。それはすべて、協力と共通の目標によって実現されたようです。
助長,23,23,6人目,196,0.12979417414568917,近所の公園で迷子になったその犬が保護されたため、警察官やそこに住んでいる人たちは一緒に出掛けて協力を求め、迅速な行動しなければならなかったようだ。それは無事終わっており、その犬は安全に戻りました。彼らが急いで探索したことで、この犬の命が守れ、その犬を探した警察官や地元の人たちはその犬を想う熱望のある飼い主も感謝している様子だ。今は無事に戻った小さな犬を再び愛し慕うことができるようになった。
助長,23,23,7人目,198,0.12834011117888147,近所の公園で迷子になってしまったその小さな犬が保護されたため、警察官やそこに住んでいる人たちは一緒に出掛けて協力を求め出し、迅速かつ効果的な行動しなければならなかったようだ。それは大変なことに無事終わっており、その犬は確実に安全に戻りました。彼らが急いで探索したことで、この小さな犬の命が護られ、そしてその犬を探した警察官や地元の人たちはその犬を愛してくれた熱望がある飼い主も感謝している様子だ。
助長,23,23,8人目,288,0.1605816807912993,近所の公園で迷子になってしまったその小さな犬が保護されたため、大変なことになるはずだったが無事終わっており、その犬は確実に安全に戻りました。それは、警察官やそこに住んでいる人たちが一緒に出掛けて協力を求め出し、迅速かつ効果的な行動しなければならなかったことを示しています。彼らが急いで探索したことで、この小さな犬の命が護られていて、その犬を探した警察官や地元の人たちはその犬を愛してくれた熱望がある飼い主も感謝している様子だ。そして、多くの人々が協力してこのような結果に至ったことは、彼らの心の中に大きな感動と喜びを呼び起こし、それがこの地域の住民同士の絆をさらに固めました。
助長,23,23,9人目,412,0.13625598218616394,近所の公園で迷子になってしまったその小さな犬が保護されたため、大変なことになるはずだったものの、その犬は確実に安全に戻りました。それは、警察官やそこに住んでいる人たちが一緒に出掛けて協力を求め出し、迅速かつ効果的な行動しなければならなかったことを示しています。彼らが急いで探索したことで、この小さな犬の命が護られていて、その犬を探した警察官や地元の人たちはその犬を愛してくれた熱望がある飼い主も感謝している様子だ。そして、多くの人々が協力してこのような結果に至ったことは、彼らの心の中に大きな感動と喜びを呼び起こし、それがこの地域の住民同士の絆をさらに固めました。なぜなら彼らは一緒になって行動しなければならず、警察官や地元の人たちは協力して調査活動を行い、情報を交換し、犬の居場所を見つけるために時間をかけました。また、多くの人々が一緒に協力したことで、この地域では以前よりもさらに絆が深まり、住民同士の信頼も増しました。
助長,23,23,10人目,483,0.13331067104057087,近所の公園で迷子になってしまったその小さな犬が保護されたため、大変なことになるはずだったものの、その犬は確実に安全に戻りました。それは、警察官やそこに住んでいる人たちが一緒に出掛けて協力を求め出し、迅速かつ効果的な行動しなければならなかったことを示しています。彼らが急いで探索したことで、この小さな犬の命が護られていて、その犬を探した警察官や地元の人たちはその犬を愛してくれた熱望がある飼い主も感謝している様子だ。そして、多くの人々が協力してこのような結果に至ったことは、彼らの心の中に大きな感動と喜びを呼び起こし、それがこの地域の住民同士の絆をさらに固めました。なぜなら彼らは一緒になって行動しなければならず、警察官や地元の人たちは協力して調査活動を行い、情報を交換し、犬の居場所を見つけるために時間をかけました。また、多くの人々が一緒に協力したことで、この地域では以前よりもさらに絆が深まり、住民同士の信頼も増しました。そのためには、このような出来事はこの地域で起こることのように感じられるだけでなく、それを実現するために必要な行動をする意欲と態度も必要でした。
助長,24,24,原文,124,1.0,2023年5月14日、新宿駅の改札前で、一人の男性がスマートフォンを操作しながら人混みの中で待ち構えていた。彼は、着信音が鳴らない分、バッテリー残量を気にし、周囲の状況を注意深く観察していた。少しだけ空いていた場所へ移動し、再び画面に視線を戻した。
助長,24,24,1人目,171,0.6546622220284268,2023年5月14日、新宿駅の改札前で、一人の男性がスマートフォンを操作しながら人混みの中で待ち構えていた状況は特徴的だった。彼は着信音が鳴らない分、バッテリー残量を気にするよう心配していたようであり、それに気づいたのか、周囲の状況を注意深く観察し始めていた。少しだけ空いていた場所へ移動するために歩み寄り、再び画面に視線を戻すことができた。
助長,24,24,2人目,254,0.50473717931271,2023年5月14日、新宿駅の改札前で、一人の男性がスマートフォンを操作しながら人混ちの中で待ち構えていた状況は特徴的だった。この時、彼は着信音が鳴らない分、バッテリー残量を気にするよう心配していたようであり、それに気づいたのか、周囲の状況を注意深く観察し始めていた。その様子から、彼のスマートフォンのバッテリーが何らかの問題があったようでした。少しだけ空いていた場所へ移動するために歩み寄り、再び画面に視線を戻すことができた。その際、彼は周囲の人々との距離を意識し、適切な位置に移動したことを確認しました。
助長,24,24,3人目,402,0.37380048401190524,2023年5月14日、新宿駅の改札前で、一人の男性がスマートフォンを操作しながら人混ちの中で待ち構えていた状況は特徴的だった。スマートフォンの着信音が鳴らないことによって、バッテリー残量を気にするよう心配していたと思われたためである。このとき、彼は周囲の状況に注意深く観察し始めていたようであり、それから彼の行動を推測することができる。特定の理由としては不明であったものの、自分のスマートフォンのバッテリーが何らかの問題があると考えられていた様子だった。これが原因であれば、彼はそれに気づいたのか、すぐさま周囲の状況を注意深く観察し始めていた。しかし、その行動から彼のスマートフォンにはいくつかの問題があったようであった。少しだけ空いていた場所へ移動するために歩み寄ったとき、彼は再び画面に視線を戻すことができた。その際、彼は周囲の人々との距離を意識し、適切な位置に移動したことを確認していたからである。
助長,24,24,4人目,415,0.36760728266690756,2023年5月14日、新宿駅の改札前で、一人の男性がスマートフォンを操作しながら人混ちの中で待ち構えていた状況はとても特徴的だった。その理由は彼が、スマートフォンの着信音が鳴らないことによって、バッテリー残量を気にするよう心配していたと思われたためである。この時期、彼の周囲の状況に注意深く観察し始めていたようであり、それから彼の行動を推測することができる。特定の理由としては不明であったものの、彼は自分のスマートフォンのバッテリーが何らかの問題があると考えられていた様子だった。それが原因であれば、彼はそれに気づいたのか、すぐさま周囲の状況を注意深く観察し始めていた。しかし、その行動から彼のスマートフォンにはいくつかの問題があったようであった。少しだけ空いていた場所へ移動するために歩み寄ったとき、彼は再び画面に視線を戻すことができた。その際、彼は周囲の人々との距離を意識し、適切な位置に移動したことを確認していたからである。
助長,24,24,5人目,445,0.36242644474343355,2023年5月14日、新宿駅の改札前で、一人の男性がスマートフォンを操作しながら人混ちの中で待ち構えていた状況はとても特徴的だった。その理由は彼が、スマートフォンの着信音が鳴らないことによって、バッテリー残量を気にするよう心配していたと思われたためである。この時期、彼の周囲の状況に注意深く観察し始めていたようであり、それから彼の行動を推測することができる。特定の理由としては不明であったものの、彼は自分のスマートフォンのバッテリーが何らかの問題があると考えられていた様子だった。それが原因であれば、彼はそれに気づいたのか、すぐさま周囲の状況を注意深く観察し始めていた。しかし、その行動から彼のスマートフォンにはいくつかの問題があったようであった。少しだけ空いていた場所へ移動するために歩み寄ったとき、彼は再び画面に視線を戻すことができた。その際、彼は周囲の人々との距離を意識し、適切な位置に移動したことを確認していたからである。それにより、彼の行動が周囲の状況を優先していることが伺えた。
助長,24,24,6人目,471,0.3088419526101109,2023年5月14日、新宿駅の改札前で、一人の男性がスマートフォンを操作しながら人混ちの中で待ち構えていた状況はとても特徴的だった。その理由は、彼がスマートフォンの着信音が鳴らないことによって、バッテリー残量を気にするよう心配していたと思われたためであり、そのような心配ぶりから、彼の目や視線もその問題に焦点を当てていた。しかし、同時に彼の周囲の状況にも注意深く観察し始めていたようであった。それから、彼の行動はスマートフォンのバッテリーの問題が原因であれば、その事実を認識した直後にすぐさま周囲の状況について細かく注目することになり、それでもその時点での彼の行動はそれが原因であれば、ある程度は問題があることがわかり、そのためにも、彼は自分のスマートフォンにはいくつかの問題があったようであった。少しだけ空いている場所へ移動しようとして歩み寄ったとき、彼は再び画面に視線を戻すことができた。その際、彼は周囲の人々との距離を意識し、適切な位置に移動したことを確認していたからである。それにより、彼の行動が周囲の状況を優先していることが伺えた。
助長,24,24,7人目,487,0.30116490765475257,2023年5月14日、新宿駅の改札前で、一人の男性がスマートフォンを操作しながら人混ちの中で待ち構えていた状況はとても注意深くあり、異常であった。その理由は、彼がスマートフォンの着信音が鳴らないことによって、バッテリー残量を気にするよう心配していたと思われたためであり、そのような心配ぶりから、彼の目や視線もその問題に焦点を当てていた。しかし、同時に彼の周囲の状況にも非常に注意深く観察し始めていたようであった。それから、彼の行動はスマートフォンのバッテリーの問題が原因であれば、その事実を認識した直後にすぐさま周囲の状況について非常に細かく注目することになり、それでもその時点での彼の行動はそれが原因であれば、ある程度は問題があることがわかり、そのためにも、彼は自分のスマートフォンにはいくつかの問題があったようであった。少しだけ空いている場所へ移動しようとして歩み寄ったとき、彼は再び画面に視線を戻すことができた。その際、彼は周囲の人々との距離を意識し、非常に適切な位置に移動したことを確認していたからである。それにより、彼の行動が周囲の状況を優先していることが伺えた。
助長,24,24,8人目,641,0.28987852676665365,2023年5月14日、新宿駅の改札前で、一人の男性がスマートフォンを操作しながら人混ちの中で待ち構えていた状況はとても注意深くあり、異常であった。その理由は、彼がスマートフォンの着信音が鳴らないことによって、バッテリー残量を気にするよう心配していたと思われたためであり、そのような心配ぶりから、彼の目や視線もその問題に焦点を当てていた。それどころか、彼は自らの行動や周囲の人々との距離も考慮し、非常に適切な位置に移動するまで確認していたようであった。実際には、スマートフォンのバッテリー残量が心配で、彼の視線はそのことに焦点を当てていたのだろうと考えられた。それでも、彼は自分の周囲の状況にも非常に注意深く観察し始めていたようだった。人混ちの中で待ち構えている間、彼の行動はスマートフォンのバッテリーの問題が原因であれば、その事実を認識した直後にすぐさま周囲の状況について非常に細かく注目することになり、それでもその時点での彼の行動はそれが原因であれば、ある程度は問題があることがわかり、そのためにも、彼は自分のスマートフォンにはいくつかの問題があったようであった。少しだけ空いている場所へ移動しようとして歩き始めたとき、彼は再び画面に視線を戻すことができた。その際、彼は周囲の人々との距離や、自分が占める空间の大きさなどにも非常に注意深く気をつけており、そのように適切な位置で待ち構えていたことを確認していたからである。それにより、彼の行動が周囲の状況を優先していることが伺えた。
助長,24,24,9人目,549,0.24500601891685278,2023年5月14日、新宿駅の改札前では、人混ちの中でも特に注意深く待機していた、一人の男性を見たことがある。彼はその状況でスマートフォンを操作しながら待っており、実際にはその状態から、彼の視線はバッテリー残量を気にするよう心配していたように思われた。その様子から考えると、彼は非常に注意深く行動していたようであった。彼がスマートフォンのバッテリー残量が心配なのであれば、彼の視線はその問題に焦点を当てていたのだろうと考えられた。そうであれば、彼の視線の動きは、周囲の人々や自分の位置との距離も考慮し、それでも彼自身が占めるスペースについて非常に注意深く気をつけていたことが伺えた。しかし、この行動は、その時点での彼の心配事を認識した直後にすぐさま周囲の状況について非常に細かく注目することになり、そこから考えてみると、彼のスマートフォンにはいくつかの問題があったようであった。少しだけ空いている場所へ移動しようとして歩き始めたとき、彼は再び画面に視線を戻すことができた。その際、彼は周囲の人々との距離や、自分が占めるスペースの大きさなどにも非常に注意深く気をつけており、そのように適切な位置で待ち構えていたことを確認していたからである。それにより、彼の行動が周囲の状況を優先していることが伺えた。
助長,24,24,10人目,597,0.23009064709471352,2023年5月14日、新宿駅の改札前では、人混ちの中でも特に注意深く待機していた、一人の男性を見たことがある。その人物は、そのような状況で通常よりも慎重に動いていた様子が見られた。彼はその時点で、スマートフォンを操作しながら待っており、実際にはその状態から、彼の視線はバッテリー残量を気にするよう心配していたように思われた。その状況から考えると、彼は非常に注意深く行動しているようであった。彼がスマートフォンのバッテリー残量が心配なのであれば、彼の視線はその問題に焦点を当てていたのだろうと考えられた。そうであれば、彼の視線の動きは、周囲の人々や自分の位置との距離も考慮し、それでも彼自身が占めるスペースについて非常に注意深く気をつけていたことが伺えた。その様子から、彼の行動は非常に慎重なものであり、その時点では自分のスマートフォンの状態を優先していたようであった。実際には、少しだけ空いている場所へ移動しようとして歩き始めたとき、彼は再び画面に視線を戻すことができた。その際、彼は周囲の人々との距離や自分が占めるスペースの大きさなどにも非常に注意深く気をつけており、そのように適切な位置で待ち構えていたことを確認していたからである。それにより、彼の行動が周囲の状況を優先していることが伺えた。そしてその様子は、人が混雑している中でも自律的で自己管理的な個人の態度を示しているとも考えられた。
助長,25,25,原文,87,1.0,ある晴れた日の午後、カフェで読書していた女性が、偶然目にした迷うような男性に一瞬で心を奪われた。彼は優しそうな笑顔で話しかけ、その声と視線が彼女の日常を大きく揺さぶったのだ。
助長,25,25,1人目,269,0.20659288489098068,ある晴れた日の午後には、陽光が肌の感覚に伝わるほど明るく、そして心地よい空気が満ち込まれた気候で、都市の中央にあるカフェでは人々が静かに書物や雑誌を読む姿が見られた。その中で、一人の女性は優しげな表情で集中して本を読んでいた。突然の風とともにドアが開いて男性が入ってきた。そして、その場の人々にも気付かれないように、女性の目の前の机に座り、静かに読書に没頭していった。その瞬間、彼女は彼の存在に気付き、彼の優しげな笑顔を見た。彼の話しかけられる声と視線が彼女の日常を大きく揺さぶったのだ。そして、その一瞬で彼女の心は彼に奪われてしまった。
助長,25,25,2人目,363,0.1761203269878916,ある晴れた日の午後には、陽光が肌の感覚に伝わるほど明るく輝き、それに比べるとさらに心地よい空気が満ち込まれた温暖な気候の中、都市の中央にあるカフェでは人々が静かに書物や雑誌を読む姿が見られた。特に、その人の中に、一人の女性が優しげな表情で集中して本を読んでいるところだった。その彼女は細部まで注意深く読書に没頭していたようだった。突然、明るい空気の中で風が強まって吹き付け、このときとは打ち合わせが合わないかのように、それとともにドアが開いて男性が入ってきた。そして、その場の人々にも気付かれないように、女性の目の前の机に座り、静かに読書に没頭していった。その瞬間、彼女は彼の存在に気付き、彼の優しげな笑顔を見た。彼の話しかけられる声と視線が彼女の日常を大きく揺さぶったのだ。そして、その一瞬で彼女の心は彼に奪われてしまった。
助長,25,25,3人目,342,0.21034627613053866,ある晴れた日の午後、日光が肌の感覚に直接伝わり、陽射しによってさらに温かみと明るさを加えた気候の中で、都市の中央にあるカフェには人々が静かに書物や雑誌を読む姿が見られた。特に、その人の中では、一人の女性が優しげな表情で集中して本を読んでいるところが目を引きそうなほどだった。それは彼女の細部まで注意深く読書に没頭していたようだ。また、周囲には人々が静かに読み物に没頭しているところも見られた。彼女は気付かれないようにその場の人々の中にすんでおり、一緒にいるかのように男性と会話をする様子も見られた。そして、彼女は彼の優しげな笑顔を見て心を動かされたようだ。その瞬間、彼の話しかけられる声と視線が彼女の日常を大きく揺さぶったのだ。それから、この一瞬で女性の心は突然彼に奪われてしまった。
助長,25,25,4人目,306,0.12354213720552525,ある晴れた日の午後、日光が肌の感覚に直接伝わり、陽射しによってさらに温かみと明るさを加えた気候の中で、都市の中央にあるカフェには人々が静かに書物や雑誌を読む姿が見られた。特に、その人の中では、一人の女性が優しげな表情で集中して本を読んでいるところが目を引きそうなほどだった。それは彼女の細部まで注意深く読書に没頭していたようだ。また、周囲には人々が静かに読み物に没頭しているところも見られた。彼女は気付かれないようにその場の人々の中にすんでおり、一緒にいるかのように男性と会話をする様子も見られた。そして、その男性の優しげな笑顔を見たとき、彼女の心はその瞬間大きく揺さぶられ、それから彼女の日常が永遠に変わった。
助長,25,25,5人目,315,0.12210782144085665,ある晴れた日の午後、暖かくて明るい気候の中で、都市の中央にあるカフェには人々が静かに書物や雑誌を読む姿が見られた。特に、その人の中では、一人の女性が優しげな表情で集中して本を読んでいるところが目立つほどだった。それは彼女の細部まで注意深く読書に没頭していたようだ。また、周囲には人々が静かに読み物に没頭しているところも見られた。彼女は気付かれないようにその場の人々の中にすんでおり、一緒にいるかのように男性と会話をする様子も見られていた。そして、その男性の優しげな笑顔を見たとき、彼女の心はその瞬間大きく揺さぶられて、それから彼女の日常が永遠に変わった。彼女はまた、男性が優しい雰囲気を出して女性と会話している様子も見られていた。
助長,25,25,6人目,352,0.09823872969743701,ある晴れた日の午後、暖かくて明るい天候の中で、都市の中央にあるカフェには人々が静かに書物や雑誌、または新聞を読む姿が目にされた。それはその時期の特徴的な気候だったからである。特に、その人の中では、一人の女性が優しげな表情で集中して本を読んでいるところが目立つほどだった。それは彼女の細部まで注意深く読書に没頭していたようだ。そして、周囲には人々が静かに読み物に没頭しているところも見られた。例えば、一人の男性が気付かれないようにその場の人々の中にすんでおり、一緒にいるかのように女性と会話をする様子も見られていた。一方、その男性は優しげな笑顔を見せており、周囲の人がそれを注意して注目していた。そして、その男性の優しげな雰囲気は女性にも伝わっていて、彼らが一緒にいるかのように会話している様子も見られた。
助長,25,25,7人目,345,0.08248156500871105,ある明るく快適な午後の晴れた日、都市の中央にあるカフェには人々が静かに書物や雑誌、または新聞を読む姿が目にされた。それはその時期の特徴的な気候だったからである。特に、その人の中では、一人の女性が優しげな表情で集中して本を読んでいるところが目立つほどだった。それは彼女の細部まで注意深く読書に没頭していたようだ。そして、周囲には人々が静かに読み物に没頭しているところも見られた。例えば、一人の男性が気付かれないようにその場の人々の中にすんでおり、一緒にいるかのように女性と会話をする様子も見られていた。一方、その男性は優しげな笑顔を見せており、周囲の人がそれを注意して注目していた。そして、その男性の優しげな雰囲気は女性にも伝わっていて、彼らが一緒にいるかのように会話している様子も見られた。
助長,25,25,8人目,386,0.07605124312031049,都市の中央にあるカフェには、明るく快適な午後の晴れた日、人が静かに書物や雑誌、その他読み物を手に持って座りながら黙って読んでいる姿が目にされた。特に、この時期の気候はそのようなシーンが見られるのに適していると言える。それがその地域でいつも見られる出来事だったからである。この状況の中、一人の女性が優しげな表情で集中して本を読んでいるところが目立つほどだった。彼女の細部まで注意深く読書に没頭していたようだ。その周囲には人が静かに読み物に没頭しているところも見られた。例えば、一人の男性が気付かれないようにその場の人々の中にすんでいるとき、一緒にいるかのように女性と会話をする様子も見られていた。その男性は優しげな笑顔を見せており、周囲の人がそれを注意して注目していた。さらに、彼の優しげな雰囲気は女性にも伝わっていて、彼らが一緒にいるかのように会話している様子も見られた。
助長,25,25,9人目,420,0.09305659305107979,都市の中央にあるカフェには、その時期の気候がとてもよい時期だからこそ起こりそうな、明るく快適な午後の晴れた日、このようなシーンが見られるのがその地域でいつものことだった。それが正しければこの状況の中、一人の女性が優しげな表情に照らされた集中した姿で本を読んでいるところが目立つほどだった。彼女の細部まで注意深く、真摯に、そして全身全霊で読書に没頭していたようだ。その周囲には静かに読み物に没頭しているところがいちばん多かったはずなので、その中でも特に一人の男性が気付かれないようにその場の人々の中にすんでいるとき、一緒にいるかのように女性と会話をする様子も目についた。彼はその時点で周囲の人々の中には見えていなかったのにも関わらず、優しげな笑顔を見せており、それがその場の人々に見えて、彼らがそれを注意して注目していた。そしてさらに、彼の優しげな雰囲気は女性にも伝わり、そこで彼らが一緒にいるかのように会話している様子も見られるほどだった。
助長,25,25,10人目,446,0.08360837184002771,都市の中央にあるカフェは、その季節の気候の良い時期だからこそ起こりそうな明るく快適な午後の晴れた日という状況の中、このようなシーンが常に出現していた。それが事実であれば、そこにはこの状況の中に一人の女性が優しげな表情を浮かべながら、集中し、注意深く、真摯に、そして全身全霊で本を読んでいるところが目立つほどだった。彼女の細部まで気配りを持って真摯に、そして無駄せずに読書に没頭していたようだ。そのような状況の中でも、その周囲には静かに読み物に没頭しているところがいちばん多いはずなので、それらの中で一人の男性が気付かれないようにその場の人々の中にすんでいるとき、彼女と同じように会話をする様子も目についた。彼はその時点では、周囲の人々の中には見えていなかったのにも関わらず、その時点で優しげな笑顔を見せており、それがその場の人々に見えて、彼らがそれを注意して注目していた。そしてさらに、彼の優しげな雰囲気は女性にも伝わり、そこで彼らが一緒にいるかのように会話している様子も見られるほどだった。
助長,26,26,原文,98,1.0,2023年5月、円安が進み、輸入物価が急騰し、家計を圧迫した。特に食料品やエネルギーの価格上昇が顕著であり、企業の生産コストも増加した。この影響は消費者物価指数に反映され、インフレ懸念が高まった。
助長,26,26,1人目,163,0.24629301756528685,2023年5月には、円安の推移により輸入物価が急激に上昇し、家庭経済が大きく圧迫された状況であった。特に食料品やエネルギー関連商品の価格の上昇は著しく、企業側もこれらに対応するための生産コスト増加を経験した。これらの変化は消費者物価指数においても顕著な影響を与え、この期間にはインフレに関する懸念が高まったという状況であった。
助長,26,26,2人目,183,0.1759139084241129,2023年5月には、円安の推移により輸入物価が急激に上昇し、その結果として家庭経済が大きく圧迫された状況が深刻化していた。食料品やエネルギー関連商品の価格の上昇は特に著しく、企業側もこれらに対応するための生産コスト増加を経験したことで苦労した。消費者物価指数においても、これらの変化による影響が顕著で、その期間にはインフレに関する懸念が高まったという状況が見られた。
助長,26,26,3人目,214,0.17095017650760463,2023年5月に入ると、円安の推移により輸入物価が急激に上昇し始め、この結果として家庭経済の負担が大きく増大した深刻な状況が顕在化していた。食料品やエネルギー関連商品などの価格の上昇は特に著しく、企業側もこれらに対応するための生産コストの増加を経験し、これを吸収できるだけの余裕を持たず苦しい目にあっていた。このような変化により消費者物価指数においても、その期間にはその影響が顕著でインフレに関する懸念が高まった状況が見られた。
助長,26,26,4人目,289,0.14923501343122994,2023年5月に入ると、円安の推移が急速なペースで続き、これによって国内における輸入物資の価格は急激に上昇し始め、その結果として家庭経済の負担は大幅に増加した深刻な状況が顕在化していた。食料品やエネルギー関連商品などの価格の上昇は特に著しく、企業側もこれらに対応するための生産コストの増加を経験し、これを吸収できるだけの余裕を持たず苦しい目にあっていた。このような変化により消費者物価指数においても、その期間にはその影響が顕著でインフレに関する懸念が高まり、特に高コストに悩まされる生活必需品やエネルギー関連商品の価格の上昇は企業に対しても大きな課題をもたらした状況が見られた。
助長,26,26,5人目,292,0.14822471963663883,2023年5月に入ると円安のペースが急速に進行し、それによって国内における輸入物資の価格の上昇が急激にと続き、その結果として家庭経済の負担は劇的に増加し始めてしまい、深刻な状況が顕在化していた。食料品やエネルギー関連商品などの価格の伸びは特に著しく、企業側もこれらに対応するための生産コストの増加を経験し、これを吸収できるだけの余裕を持たず苦しい目にあっていた。このような変化により、消費者物価指数においてその期間には、その影響が顕著でインフレに関する懸念が高まり、特に高コストに悩まされる生活必需品やエネルギー関連商品の価格の上昇は企業に対して大きな課題をもたらした状況が見られた。
助長,26,26,6人目,285,0.14892172113857793,2023年5月に入ると円安のペースが急速な速度で進行し、国内における輸入物資の価格の上昇が急激に続き、その結果として家庭経済の負担は劇的に増加し始めてしまい、深刻な状況が顕在化していた。食料品やエネルギー関連商品などの価格の伸びは特に著しく、企業側もこれらに対応するための生産コストの増加を経験し、これを吸収できるだけの余裕を持たず苦しい目にあっていた。このような変化により、消費者物価指数においてその期間には、その影響が顕著でインフレに関する懸念が高まり、高コストに悩まされる生活必需品やエネルギー関連商品の価格の上昇は企業に対して大きな課題をもたらす状況が見られた。
助長,26,26,7人目,296,0.15088558601870125,2023年5月に入ると、円安のペースが急速な速度で進行し続き、その結果として国内における輸入物資の価格の上昇が急激に加速され始め、家庭経済の負担は劇的に増加し始めてしまい、それが深刻な状況をもたらしていた。食料品やエネルギー関連商品などの価格の伸びは特に著しく、企業側でもこれらに対応するための生産コストの増加を経験し、これを吸収できるだけの余裕を持たず苦しい目にあっていた。このような変化により、消費者物価指数においてその期間には、その影響が顕著でインフレに関する懸念が高まり、高コストに悩まされる生活必需品やエネルギー関連商品の価格の上昇は企業に対して大きな課題をもたらす状況が見られた。
助長,26,26,8人目,317,0.14493395192057754,2023年5月に入ってから、円安のペースが急速な速度で進行し続き、その結果として国内における輸入物資の価格の上昇が急激に加速され始め、それは家庭経済の負担を劇的に増加させた。そしてそれが深刻な状況をもたらすことになった。食料品やエネルギー関連商品などの価格の伸びは特に著しく、その影響は企業側でも見られた。企業ではこれらに対応するための生産コストの増加を経験し、それを吸収できるだけの余裕を持たず苦しい目にあっていた。このような変化により、消費者物価指数においてその期間には、その影響が顕著でインフレに関する懸念が高まり、高コストに悩まされる生活必需品やエネルギー関連商品の価格の上昇は企業に対して大きな課題をもたらす状況が見られた。
助長,26,26,9人目,322,0.14459867955638364,2023年5月に入ってから、円安のペースが急速な速度で進行し続き、その結果として国内における輸入物資の価格の上昇が急激に加速され始め、それは家庭経済の負担を劇的に増加させた。そしてそれが深刻な状況をもたらすことになった。食料品やエネルギー関連商品などの価格の上昇は、特に著しく、その影響は企業側でも顕著に見られた。企業では、これらに対応するための生産コストの増加を経験し、それを吸収できるだけの余裕を持たず苦しい目にあっていた。このような変化により、消費者物価指数においてその期間には、その影響が顕著でインフレに関する懸念が高まり、高コストに悩まされる生活必需品やエネルギー関連商品の価格の上昇は企業に対して大きな課題をもたらす状況が見られた。
助長,26,26,10人目,369,0.14450337086784787,2023年5月に入ってから、円安のペースが急速な速度で進行し続き、その結果として国内における輸入物資の価格の上昇が急激に加速され始め、それは家庭経済の負担を劇的に増加させた。そしてそれが深刻な状況をもたらすことになった。食料品やエネルギー関連商品などの価格の上昇は、特に著しく、その影響は企業側でも顕著に見られた。その理由としては、輸入原材料のコスト高騰が原因となり、生産コストの増加をもたらす結果となった。企業では、これらに対応するための生産コストの増加を経験し、それを吸収できるだけの余裕を持たず苦しい目にあっていた。このような変化により、消費者物価指数においてその期間には、その影響が顕著でインフレに関する懸念が高まり、高コストに悩まされる生活必需品やエネルギー関連商品の価格の上昇は企業に対して大きな課題をもたらす状況が見られた。
助長,27,27,原文,107,1.0,2023年5月、円安が進行し、輸入物価が高騰したことで、家計を中心に影響が出た。特に食料品やエネルギー価格の上昇が顕著で、消費者物価指数も上昇傾向にあった。企業業績にも悪影響を及ぼし、輸出企業の収益が悪化していた。
助長,27,27,1人目,194,0.4694692991338999,2023年5月、円安が進行して急速なペースで貿易赤字を拡大させていたためか、輸入物価は不思議と高騰していき、その結果として家計を中心に経済活動全体の影響が出始めていた。特に食料品やエネルギー価格の上昇が顕著で、消費者物価指数も上昇傾向にあったことが大きな問題となっていた。これは企業業績にも悪影響を及ぼし、輸出企業の収益が急速に悪化しており、経済全体に対する深刻な懸念を引き起こしていた。
助長,27,27,2人目,205,0.27497019957298946,2023年5月以降、円安の進行により貿易赤字は急激なペースで拡大し続けており、その結果として輸入物価が突然高騰していった。これには、経済活動全体に対する影響が出始めている。特に食料品やエネルギー価格の上昇は顕著であり、これにより消費者物価指数も上昇傾向にあることが大きな問題となっていた。また、この状況では企業業績にも悪影響を及ぼし、輸出企業の収益が急速に悪化しており、経済全体に対する深刻な懸念が生じていた。
助長,27,27,3人目,257,0.24003139700035467,2023年5月以降、円安の進行により貿易赤字が急激に拡大し続けており、その結果として輸入物価が突然高騰した。輸入関連品目が輸出関連品目の比率を上回るようになり、それらの価格が急増するにつれて消費者はその影響を受けるようになった。また、経済活動全体に対しても影響が出始めていた。特に食料品やエネルギー価格の上昇は顕著であり、これにより消費者物価指数も上昇傾向にあることが大きな問題となっていた。一方で企業業績にも悪影響を及ぼしており、輸出企業の収益が急速に悪化していることから経済全体に対する深刻な懸念が生じていた。
助長,27,27,4人目,319,0.25414612024641703,2023年5月以降、円安の進行により貿易赤字が急激に拡大し続けており、その結果として輸入物価が突然高騰したことは顕著で、特に輸入関連品目の価格は輸出関連品目の比率を上回るようになり、それらの急増する価格から消費者が影響を受けるようになっていた。また経済活動全体に対しても影響が出始めていたことから、特に食料品やエネルギー価格の上昇は顕著であり、これにより消費者物価指数も上昇傾向にあることは大きな問題となっていた。同時に企業業績にも悪影響を及ぼしており、輸出企業の収益が急速に悪化していることから経済全体に対する深刻な懸念が生じていたものである。このような状況は消費者や企業にとって極めて困難で経済活動全体の安定性にも影響を及ぼしていた。
助長,27,27,5人目,407,0.2665472847721878,2023年5月以降、円相場の低迷により貿易赤字が急激に拡大し続けており、その結果として輸入物価が突然高騰したことは顕著で、特に輸入関連品目の価格は輸出関連品目の比率を上回るようになり、それらの急増する価格から消費者が影響を受けるようになっていた。また経済活動全体に対しても影響が出始めていたことから、特に食料品やエネルギー価格の上昇は顕著であり、これにより消費者物価指数も上昇傾向にあることは大きな問題となっていた。同時に企業業績にも悪影響を及ぼしており、輸出企業の収益が急速に悪化していることから経済全体に対する深刻な懸念が生じていたものである。このような状況は消費者や企業にとって極めて困難で経済活動全体の安定性にも影響を及ぼしていた。特に、食料品やエネルギー価格の上昇による高騰した輸入物価は、消費者の日常生活に大きな影響を与えていた。さらに、企業の収益低下は経済活動全体に対する深刻な懸念につながっていた。
助長,27,27,6人目,519,0.22071396185390474,2023年5月以降、円相場が安値に低迷し続けていることから貿易赤字が急激に拡大しつつあり、その結果として輸入物価は突然に高騰しており、これらの急増する価格から消費者が深刻な影響を受けるようになっていた。特に輸入関連品目の価格は、輸出関連品目に対する比率を大きく上回っており、それらによる高騰した輸入物価は、消費者の日常生活に及ぼす大きな影響が際立って存在していた。また経済活動全体に対しても、特に食料品やエネルギー価格の上昇によっても悪影響が出始めていたことから、消費者物価指数も上昇傾向にあるという事実は、これまでにない大きな問題となっていた。同時に企業業績にも悪影響を及ぼしており、輸出企業の収益が急速に悪化していることから経済全体に対する深刻な懸念が生じていたものである。このような状況は消費者や企業にとって極めて困難であり、このため経済活動全体の安定性にも影響を及ぼしていた。特に、食料品やエネルギー価格の上昇による高騰した輸入物価は、消費者の日常生活に大きな影響を与え、その結果として消費者への負担が増し始めていた。また、企業の収益低下によって経済活動全体に対する深刻な懸念が増しており、これにより経済的不安定性も高まっていた。
助長,27,27,7人目,595,0.20141062697443995,2023年5月以降、円相場が安値に低迷し続けることから貿易赤字は急速に拡大していて、その結果として輸入物価は突然に高騰している。特に輸入関連品目の価格は、円相場の安値により外国で生産された輸入品が安く購入されやすくなり、高騰していたが、このような急増する価格から消費者は深刻な影響を受けていた。この状況では、消費者の日常生活に及ぼす高騰した輸入物価の影響は際立っており、特に食料品やエネルギー価格の上昇による高騰した輸入物価が大きく影響を与えていた。経済活動全体に対しても、このような状況では悪影響が出始めており、消費者物価指数も上昇傾向にあるという事実は、これまでにない大きな問題となっていた。このような状況は極めて困難であり、消費者の日常生活に及ぼす高騰した輸入物価の影響により、消費者の負担が増し始めていた。さらに、このような経済活動全体に対する深刻な懸念が生じており、企業業績にも悪影響を及ぼしており、輸出企業の収益が急速に悪化していることから経済全体に対する深刻な懸念が存在していた。このため、経済活動全体の安定性にも影響を及ぼしていて、特に食料品やエネルギー価格の上昇による高騰した輸入物価は消費者の日常生活に大きな影響を与えていた。その結果として経済的不安定性も高まっており、このような状況では消費者や企業にとって極めて困難であり、経済活動全体に対する深刻な懸念が生じていた。
助長,27,27,8人目,591,0.18378820613502006,2023年5月以降に始まった円相場の安値による貿易赤字の急速な拡大により、輸入物価は突然に高騰している。この結果として、特に輸入関連品目の価格が円相場の安値により外国で生産された輸入品を安く購入できるようになったため、早急に高騰していたが、そのような急激な増加による価格から消費者は深刻な影響を受けていた。この状況では、高騰した輸入物価が消費者の日常生活に大きく及ぼす影響は際立っており、特に食料品やエネルギー価格の上昇による高騰した輸入物価が消費者に大きな影響を与えていた。経済活動全体に対しても、このような状況では悪影響が出始めており、消費者物価指数も上昇傾向にあるという事実は、これまでにない大きな問題となっていた。このような状況は極めて困難であり、高騰した輸入物価が消費者の日常生活に及ぼす影響により、消費者の負担が増し始めていた。さらに、このような経済活動全体に対する深刻な懸念も生じており、企業業績にも悪影響を及ぼしており、特に輸出企業の収益が急速に悪化していることから経済全体に対する深刻な懸念が存在していた。このため、経済活動全体の安定性にも影響を及ぼしていて、高騰した輸入物価は消費者の日常生活に大きな影響を与えていた。その結果として経済的不安定性も高まっており、このような状況では消費者や企業にとって極めて困難であり、経済活動全体に対する深刻な懸念が生じていた。
助長,27,27,9人目,619,0.1807753987014115,2023年5月以降に始まった円相場の安値による貿易赤字の急速な拡大により、輸入物価は突如として急激に高騰し始めた。この結果として、特に輸入関連品目の価格が円相場の安値により外国で生産された輸入品を安く購入できるようになったため、高い割合で急激に高騰していた。しかし、そのような急激な増加による価格から消費者は深刻な影響を受けていた。この状況では、高騰した輸入物価が消費者の日常生活に大きく及ぼす影響は際立っており、特に食料品やエネルギー価格の上昇による高騰した輸入物価が消費者に大きな影響を与えていた。経済活動全体に対して、このような状況では悪影響が出始めており、消費者物価指数も上昇傾向にあるという事実は、これまでにない大きな問題となっていた。このような困難な状況は極度の難局であり、高騰した輸入物価が消費者の日常生活に及ぼす影響により、消費者の負担が増し始めていた。さらに、このような経済活動全体に対する深刻な懸念も生じており、企業業績にも悪影響を及ぼしており、特に輸出企業の収益が急速に悪化していることから経済全体に対する深刻な懸念が存在していた。このため、このような状況では経済活動全体の安定性にも影響を及ぼしていて、高騰した輸入物価は消費者の日常生活に大きな影響を与えていた。その結果として経済的不安定性も高まっており、このような困難な状況では、消費者や企業にとって極めて困難であり、経済活動全体に対する深刻な懸念が生じていた。
助長,27,27,10人目,630,0.18033836674759976,2023年5月以降に始まった円相場の安値による貿易赤字の急速な拡大により、輸入物価は突如として急激に高騰し始めた。その結果、高い割合で急激に高騰していた輸入関連品目の価格が円相場の安値により外国で生産された輸入品を安く購入できるようになったため、特に輸入物価は大幅に上昇していた。しかし、そのような急激な増加による価格から消費者は深刻な影響を受けていた。この状況では、高騰した輸入物価が消費者の日常生活に大きく及ぼす影響は際立っており、特に食料品やエネルギー価格の上昇による高騰した輸入物価が消費者に大きな影響を与えていた経済活動全体に対して、このような状況では悪影響が出始めており、消費者物価指数も上昇傾向にあるという事実は、これまでにない大きな問題となっていた。このような困難な状況は極度の難局であり、高騰した輸入物価が消費者の日常生活に及ぼす影響により、消費者の負担が増し始めていた。そのため、このような経済活動全体に対する深刻な懸念も生じており、企業業績にも悪影響を及ぼしており、特に輸出企業の収益が急速に悪化していることから経済全体に対する深刻な懸念が存在していた。このため、このような状況では経済活動全体の安定性にも影響を及ぼしていて、高騰した輸入物価は消費者の日常生活に大きな影響を与えていた。その結果として経済的不安定性も高まっており、このような困難な状況では、消費者や企業にとって極めて困難であり、経済活動全体に対する深刻な懸念が生じていた。
助長,28,28,原文,77,1.0,2023年5月、円安が進み、輸入物価が上昇したことで、食品やエネルギーの価格が高騰し、家計を圧迫した。企業も原材料費の値上げを実施し、実質賃金は低下した。
助長,28,28,1人目,135,0.2601589210964352,2023年5月に入ると円安の状況はさらに続き、輸入物資に伴うコストが高騰し、食品やエネルギーなどの生活必需品の価格が急上昇。家庭の経済負担が重くのしかかるようになった。企業も、このため原材料費の値上げを実施したところ、それが労働者に直面する実質的な賃金減少につながった。
助長,28,28,2人目,201,0.09497732194530843,2023年5月に入ると円安の状況は、更に一層続いており、輸入物資に伴うコストも急速に高騰し始めている。食品やエネルギーなどの生活必需品に関わるコスト上昇が顕著で、家庭における経済的負担が重くのしかかり始めた。こうした状況は、家庭の生活が不安定になり、日常の暮らしに影響を与えるようになった。企業も、このため原材料費の上昇分を価格に反映させており、それが労働者の実質的な賃金減少につながってしまっている。
助長,28,28,3人目,248,0.08495766574285057,2023年5月に入ると円安の状況は、ますます厳重なものとなり、輸入物資に関わるコストは急速に高騰し始め、生活必需品に関係するコストの上昇が顕著で家庭における経済的負担が重くのしかかり始めた。実際、食品やエネルギーなどの生活の基本となる品物に関連したコストの上昇は相当なものとなり、家庭における日常の生活が不安定になりつつあり、そのような状況が日常の暮らしに影響を与えている。企業も、このような事情から原材料費の上昇分を価格に反映させており、それが労働者の実質的な賃金減少につながってしまっている。
助長,28,28,4人目,259,0.07241967786829112,2023年5月に入ると円安の状況は、ますます厳重なものとなり、輸入物資に関わるコストは急速に高騰し始め、生活必需品に関係するコストの上昇が顕著で家庭における経済的負担が重くのしかかり始めたことにより、実際の食品やエネルギーなどの生活の基本となる品物に関連したコストの上昇は相当なものとなり、家庭における日常の生活が不安定になりつつあり、そのような状況が日常の暮らしに直接影響を与えていることから、企業も、このような事情から原材料費の上昇分を価格に反映させており、それが労働者の実質的な賃金減少につながってしまっている。
助長,28,28,5人目,404,0.05329959056729553,2023年5月に入ると円安の状況はますます厳重なものとなり、輸入物資に関わるコストは急速に高騰し始め、このような経済的不安定さから生活必需品に関係するコストの上昇が顕著であり、家庭における経済的負担が重くのしかかってきたことにより、実際の食品やエネルギーなどの生活の基本となる品物に関連したコストの上昇は相当なものとなり、家庭における日常の生活が不安定になりつつあり、そのような状況が日常の暮らしに直接影響を与えていることは明らかであり、企業はこのような事情から原材料費の上昇分を価格に反映させており、それが労働者の実質的な賃金減少につながってしまっていることから、経済的不安定さの影響を受ける家庭にとって生活必需品に関係するコストの上昇は非常に重大な問題となっており、企業も価格調整により労働者への影響を最小限に抑える必要があるが、そのような状況は国民全体にとっても深刻な経済的不安定さの指標となっている。
助長,28,28,6人目,504,0.04681746936186159,2023年5月に入ると円安の状況はますます厳重なものとなり、輸入物資に関わるコストは急速に高騰し始め、このような経済的不安定さから生活必需品に関係するコストの上昇が顕著であり、家庭における経済的負担が重くのしかかってきたことにより、実際の食品やエネルギーなどの生活の基本となる品物に関連したコストの上昇は相当なものとなり、家庭における日常の生活が不安定になりつつあり、そのような状況が日常の暮らしに直接影響を与えていることは明らかであり、企業はこのような事情から原材料費の上昇分を価格に反映させており、それが労働者の実質的な賃金減少につながってしまっていることから、経済的不安定さの影響を受ける家庭にとって生活必需品に関係するコストの上昇は非常に重大な問題となっており、企業も価格調整により労働者への影響を最小限に抑える必要があるが、そのような状況は国民全体にとっても深刻な経済的不安定さの指標となっていることから、このような経済的状況下では、生活必需品に関係するコストの上昇は企業や政府にとって重大な課題となる可能性があり、家庭に重大な影響を与えていることが多く、そのような状況には対策が必要と考えられる。
助長,28,28,7人目,537,0.04231952134429672,2023年5月に入ると円安の状態がますます厳しいものとなり、輸入物資に関わるコストは急激に高騰し始め、このような経済的不安定さから生活必需品に関係するコストの上昇が顕著であり、家庭における経済的負担が重くのしかかってきたことにより、実際の食品やエネルギーなどの生活の基本となる品物に関連したコストの上昇は相当なものとなり、家庭では日常の生活に大きな影響を与えていることが明らかであり、そのような状況下で企業は原材料費の上昇分を価格に反映させることにより、労働者の実質的な賃金減少につながるため、このような経済的不安定さの影響を受ける家庭にとって生活必需品に関係するコストの上昇は非常に重大な問題となっていることが多く、そのような状況では企業や政府も価格調整により労働者への影響を最小限に抑える必要があるが、そのような状況は国民全体にとっても深刻な経済的不安定さの指標となっていることから、このような経済的状況下では、生活必需品に関係するコストの上昇は企業や政府にとって重大な課題となる可能性があり、家庭に大きな影響を与えていることが多く、そのような状況には対策が必要と考えられることから、これらの家庭の経済的負担がさらに重くのしかかからないようにするための措置が必要になる。
助長,28,28,8人目,639,0.04054545915113602,2023年5月に入ってからは、円安の影響を受けた輸入物資に関わるコストは急激に高騰し始め、このような経済的不安定さにより生活必需品のコストが顕著に上昇したため、家庭における経済的負担が重くのしかかってきていることが明らかであり、そのような状況下では実際の食品やエネルギーなどの生活の基本となる品物に関連するコストの上昇は相当なものとなっており、家庭での日常の生活に大きな影響を与えていることも明らかであり、このような経済的不安定さにより原材料費の上昇分が価格に反映されると労働者の実質的な賃金減少につながるため、これらの家庭にとって生活必需品に関係するコストの上昇は非常に重大な問題となっていることが多く、そのような状況では企業や政府も価格調整により労働者への影響を最小限に抑える必要があるが、このような状況は国民全体にとっても深刻な経済的不安定さの指標となっており、家庭に大きな影響を与えていることから、これらの家庭の経済的負担がさらに重くのしかからないようにするための措置が必要になることは明らかであり、それによりこのような状況での生活必需品に関係するコストの上昇は企業や政府にとって重大な課題となる可能性があり、対策が必要と考えられることから、これらの家庭に大きな影響を与えていることを考慮すると、生活必需品に関係するコストの上昇を抑えるための十分な措置が必要になることは明らかであり、そのような状況下での企業や政府の行動は国民全体の経済的安定性にも深く関わることとなる。
助長,28,28,9人目,617,0.04061281031418245,2023年5月に入ってからは、円安の影響を受けた輸入物資に関わるコストが急激に高騰し始め、これにより生活必需品のコストが顕著に上昇したため、家庭における経済的負担が重くのしかかってきていることが明らかである。実際の食品やエネルギーなどの生活の基本となる品物に関連するコストの上昇は相当なものとなり、このような状況下では家庭での日常の生活に大きな影響を与えていることも明らかであり、さらにこのような経済的不安定さにより原材料費の上昇分が価格に反映されると労働者の実質的な賃金減少につながるため、これらの家庭にとって生活必需品に関係するコストの上昇は非常に重大な問題となっていることが多く、そのような状況では企業や政府も価格調整により労働者への影響を最小限に抑える必要があるが、このような状況は国民全体にとっても深刻な経済的不安定さの指標となっており、家庭に大きな影響を与えていることから、これらの家庭の経済的負担がさらに重くのしかかる可能性があり、これらの家庭への大きな影響を考慮すると、このような状況での生活必需品に関係するコストの上昇は企業や政府にとっても重大な課題となり、対策が必要と考えられることから、これらの家庭に大きな影響を与えていることを考えると、生活必需品に関係するコストの上昇を抑えるための十分な措置が必要になることは明らかであり、そのような状況下での企業や政府の行動は国民全体の経済的安定性にも深く関わることとなる。
助長,28,28,10人目,431,0.03287238345703241,2023年5月に入ってからは、円安の影響を受けた輸入物資に関わるコストが急激に高騰し始め、このような状況では家庭における経済的負担が重くのしかかっていることが明らかである。実際の食品やエネルギーなどの生活の基本となる品物に関連するコストの上昇は相当なものとなり、これらの生活必需品に関係するコストの上昇により、家庭での日常の生活に大きな影響を与えていることは明らかであり、そのような状況では家庭にとって経済的負担がさらに重くのしかかる可能性があり、労働者の実質的な賃金減少につながることも懸念されている。国民全体にとっても深刻な経済的不安定さの指標となるため、これらの家庭への大きな影響を考慮すると、このような状況での生活必需品に関係するコストの上昇は企業や政府にとっても重大な課題となり、対策が必要と考えられることから、それらの家庭に大きな影響を与えていることを考えると、生活必需品に関係するコストの上昇を抑えるための十分な措置が必要になることは明らかである。
助長,29,29,原文,108,1.0,2023年5月に発表された日銀の金融政策決定会合において、現状の物価上昇圧力に対して、大規模な金融緩和策を維持することが決定した。これは、企業や家計への影響が懸念されたため、景気の下支えを優先する判断だったと言える。
助長,29,29,1人目,213,0.548343014995393,2023年5月に発表された日銀の金融政策決定会合において、現在経済活動に現状の大きな影響を与えている物価上昇圧力に対処するために、大規模な金融緩和策を維持し続ける方針が決定され、この決定は企業や家計への影響が懸念されるため、景気の下支えを優先する判断と言える。このような選択肢を取ったことで、日銀は経済活動への影響が及ぶ可能性がある物価上昇圧力に直面して大規模な金融緩和策を維持する必要性が高まったため、この方針が発表された。
助長,29,29,2人目,212,0.310549838359996,2023年5月の日銀の金融政策決定会合において、物価上昇圧力に直面し経済活動への影響が及ぶ可能性がある状況で、大規模な金融緩和策を維持する必要性が高まったため、このような大きな負担になる可能性もあるが企業や家計への影響を考慮しながら景気の下支えを優先する決定が行われた。このような選択肢を取ったことで、日銀は経済活動に現状の大きな影響を与えている物価上昇圧力に対処するために、大規模な金融緩和策を維持し続ける方針を決定した。
助長,29,29,3人目,244,0.2355944751169723,2023年5月の日本銀行の金融政策決定会合において、急速に高まりつつある物価の上げ高による経済活動への影響が顕著になりつつあった状況で、大規模な金融緩和策を維持する必要性は大きくなり、そのような大きな負担になる可能性もありながら、企業や個人の家計への影響を考慮しながら、このような状況の中でも景気の下支えを優先する決定が行われた。このような選択肢を取ったことで、日本銀行は経済活動に現状の大きな影響を与えている物価上昇圧力に対処するために、大規模な金融緩和策を維持し続ける方針を決定した。
助長,29,29,4人目,453,0.2700958428550412,2023年5月の日本銀行の金融政策決定会合において、急速に高まりつつある物価の上げ高による経済活動への影響が顕著になりつつあった状況で、大規模な金融緩和策を維持する必要性は大きくなり、そのような大きな負担になる可能性もありながら、このような状況の中でも景気の下支えを優先したため、日本銀行は経済活動に現状の大きな影響を与えている物価上昇圧力に対処するために、大規模な金融緩和策を維持し続ける方針を決定した。このような選択肢を取ったことで、日本銀行の金融政策決定会合では、経済活動への影響を考慮しながら、このような状況の中でも景気の下支えを優先することが重要な要素となり、そのような大きな負担になる可能性もありながら、企業や個人の家計への影響を慎重に検討した上で、大規模な金融緩和策を維持し続ける方針が決まった。このように、日本銀行は金融政策決定会合において、このような状況の中でも景気の下支えを優先することを第一に考慮しながら、物価上昇圧力に対処するために、大規模な金融緩和策を維持し続ける方針を決定した。
助長,29,29,5人目,406,0.25899531002005,2023年5月の日本銀行の金融政策決定会合においては、急速に高まりつつある物価の上昇による経済活動への影響が著しくなるという厳しい状況で、大規模な金融緩和策を継続する必要性がさらに大きくなり、そのような大きな負担になるとの認識があるにもかかわらず、このような時期でも景気の下支えを優先し、経済活動への影響なども考慮しながら物価上昇圧力に対処するために、大規模な金融緩和策を継続するという方針が決定された。このような選択肢を取ったことで、日本銀行の金融政策決定会合では、このような状況の中でも景気の下支えを優先することが重要な要素となっており、企業や個人の家計への影響も慎重に検討の上で、大規模な金融緩和策を継続する方針が決まった。このように、日本銀行は金融政策決定会合において、このような状況の中でも景気の下支えを優先しながら、物価上昇圧力に対処するために、大規模な金融緩和策を継続し続けるという方針を決定した。
助長,29,29,6人目,502,0.27092700170017936,2023年5月の日本銀行の金融政策決定会合においては、急速に高まりつつの物価の上昇による経済活動への影響が著しくなるという厳しい状況で、大規模な金融緩和策を継続する必要性がさらに大きくなり、そのような大きな負担になるとの認識があるにもかかわらず、このような時期でも景気の下支えを優先し、経済活動への影響なども考慮しながら物価上昇圧力に対処するために、大規模な金融緩和策を継続するという方針が決定された。このような選択肢を取ったことで、日本銀行の金融政策決定会合では、このような状況の中でも景気の下支えを優先することが重要な要素となっており、企業や個人の家計への影響も慎重に検討の上で、大規模な金融緩和策を継続する方針が決まった。このように、日本銀行は金融政策決定会合において、このような状況の中でも景気の下支えを優先しながら、物価上昇圧力に対処するために、大規模な金融緩和策を継続し続けるという方針を決定した。日本銀行の金融政策決定会合における大規模な金融緩和策の継続は、このような状況の中でも景気の下支えを優先するという重要な要素が反映されており、企業や個人の家計への影響なども考慮された上で決まった。
助長,29,29,7人目,504,0.26872048092088263,2023年5月の日本銀行の金融政策決定会合においては、急速に高まりつつの物価の上昇による経済活動への影響が著しくなるという厳しい状況の中で、大規模な金融緩和策を継続する必要性がさらに大きくなり、そのような大きな負担になるとの認識があるにもかかわらず、このような時期でも景気の下支えを優先し、経済活動への影響なども考慮しながら物価上昇圧力に対処するために、大規模な金融緩和策を継続するという方針が決定された。このような選択肢を取ったことで、日本銀行の金融政策決定会合では、このような状況の中でも景気の下支えを優先することが重要な要素となっており、企業や個人の家計への影響も慎重に検討の上で、大規模な金融緩和策を継続する方針が決まった。このように、日本銀行は金融政策決定会合において、このような状況の中でも景気の下支えを優先しながら、物価上昇圧力に対処するために、大規模な金融緩和策を継続し続けるという方針を決定した。日本銀行の金融政策決定会合における大規模な金融緩和策の継続は、このような状況の中でも景気の下支えを優先するという重要な要素が反映されており、企業や個人の家計への影響なども考慮された上で決まった。
助長,29,29,8人目,818,0.2755058435613236,2023年5月の日本銀行の金融政策決定会合においては、急速に高まりつつの物価の上昇による経済活動への影響が著しくなるという厳しい状況の中で、大規模な金融緩和策を継続する必要性がさらに大きくなり、そのような大きな負担になるとの認識があるにもかかわらず、このような時期でも景気の下支えを優先し、経済活動への影響なども考慮しながら物価上昇圧力に対処するために、大規模な金融緩和策を継続するという方針が決定された。このような選択肢を取ったことで、日本銀行の金融政策決定会合では、このような状況の中でも景気の下支えを優先することが重要な要素となっており、企業や個人の家計への影響も慎重に検討の上で、大規模な金融緩和策を継続する方針が決まった。このように、日本銀行は金融政策決定会合において、このような状況の中でも景気の下支えを優先しながら、物価上昇圧力に対処するために、大規模な金融緩和策を継続し続けるという方針を決定した。日本銀行の金融政策決定会合における大規模な金融緩和策の継続は、このような状況の中でも景気の下支えを優先するという重要な要素が反映されており、企業や個人の家計への影響なども考慮された上で決まった。このため、日本銀行は経済活動に大きな影響を与える急速に高まりつつの物価の上昇による負担を緩和し続けることが必要と認識されている。このような状況の中でも、金融政策決定会合において景気の下支えを優先するという重要な要素が反映されており、大規模な金融緩和策を継続することにより、このような急速に高まりつつの物価の上昇による経済活動への影響なども考慮しながら、物価上昇圧力に対処し、日本経済の安定した成長につながることが期待されている。このような選択肢を取ったことで、日本銀行は金融政策決定会合において景気の下支えを優先する方針を決定し、大規模な金融緩和策の継続により、物価上昇圧力に対処し、日本経済の安定した成長を促進することになる。
助長,29,29,9人目,818,0.2755058435613236,2023年5月の日本銀行の金融政策決定会合においては、急速に高まりつつの物価の上昇による経済活動への影響が著しくなるという厳しい状況の中で、大規模な金融緩和策を継続する必要性がさらに大きくなり、そのような大きな負担になるとの認識があるにもかかわらず、このような時期でも景気の下支えを優先し、経済活動への影響なども考慮しながら物価上昇圧力に対処するために、大規模な金融緩和策を継続するという方針が決定された。このような選択肢を取ったことで、日本銀行の金融政策決定会合では、このような状況の中でも景気の下支えを優先することが重要な要素となっており、企業や個人の家計への影響も慎重に検討の上で、大規模な金融緩和策を継続する方針が決まった。このように、日本銀行は金融政策決定会合において、このような状況の中でも景気の下支えを優先しながら、物価上昇圧力に対処するために、大規模な金融緩和策を継続し続けるという方針を決定した。日本銀行の金融政策決定会合における大規模な金融緩和策の継続は、このような状況の中でも景気の下支えを優先するという重要な要素が反映されており、企業や個人の家計への影響なども考慮された上で決まった。このため、日本銀行は経済活動に大きな影響を与える急速に高まりつつの物価の上昇による負担を緩和し続けることが必要と認識されている。このような状況の中でも、金融政策決定会合において景気の下支えを優先するという重要な要素が反映されており、大規模な金融緩和策を継続することにより、このような急速に高まりつつの物価の上昇による経済活動への影響なども考慮しながら、物価上昇圧力に対処し、日本経済の安定した成長につながることが期待されている。このような選択肢を取ったことで、日本銀行は金融政策決定会合において景気の下支えを優先する方針を決定し、大規模な金融緩和策の継続により、物価上昇圧力に対処し、日本経済の安定した成長を促進することになる。
助長,29,29,10人目,664,0.2287406222169706,2023年5月の日本銀行の金融政策決定会合においては、このような時期でも景気の下支えが重要な要素となる状況の中で、大規模な金融緩和策を継続する必要性がより大きくなり、そのような大きな負担になるとの認識があるにもかかわらず、日本銀行の金融政策決定会合では経済活動への影響なども考慮しながら、物価上昇圧力に対処するために、大規模な金融緩和策を継続するという方針が決まった。このような状況の中でも、企業や個人の家計への影響を慎重に検討の上で、このような大きな負担になるとの認識があるにもかかわらず、日本銀行は景気の下支えを優先し、大規模な金融緩和策を継続するという選択肢を取ったことで、そのような状況の中でも日本銀行の金融政策決定会合において、景気の下支えを優先しながら物価上昇圧力に対処するために大規模な金融緩和策を継続し続ける方針が決まった。このように、日本銀行はこのような状況の中でも景気の下支えを優先しながら、物価上昇圧力に対処するために、大規模な金融緩和策を継続し続けていることになり、これにより日本経済の安定した成長につながることが期待されている。このため、日本銀行は経済活動に大きな影響を与える急速に高まりつつの物価の上昇による負担を緩和し続けることが必要と認識され、このような状況の中でも、金融政策決定会合において景気の下支えが重要な要素となるということや、大規模な金融緩和策の継続により、経済活動への影響なども考慮しながら物価上昇圧力に対処し、日本経済の安定した成長を促進することができるという期待が込められている。
助長,30,30,原文,110,1.0,2023年5月の日銀金融政策決定会合において、大規模な金融緩和方針が維持され、市場に大きな影響を与えた。金利の据え置きに加え、量的緩和資産の購入規模も変更せず、経済活動を支えるための資金供給機能を強化することを目指した。
助長,30,30,1人目,290,0.3399934285204113,2023年5月の日銀金融政策決定会合で議論された金融緩和策は、市場に大きなインパクトを与えたものであった。その中核となるのは、大規模な金融緩和方針を継続させるという点であった。金利の据え置きという選択肢にも加えて、その実施に伴う量的緩和資産の購入に関するルールも変更しないという決定が下されていた。このような金融政策は、経済活動の活性化を推進する上で非常に重要な役割を果たすものである。金利の据え置きによって金融市場での流動性が維持されるとともに、量的緩和資産の購入規模が変更されなかったことは、経済活動を支えるための資金供給機能を強化するという目的のもとに行われたものであった。
助長,30,30,2人目,344,0.3313313524162571,2023年5月の日銀金融政策決定会合で議論された金融緩和策は、その後の市場に与えた大きな影響の大きさからも、特筆されるべき方針であった。その中核となる要点が、大規模な金融緩和方針を継続させるというもので、これは金融政策において最重要の目標であった。金利の据え置きという選択肢にも加えて、その実施に伴う量的緩和資産の購入に関するルールも変更しないという決定が下されていた。このような決定は、経済活動の活性化を推進する上で非常に重要な役割を果たす金融政策であった。金利の据え置きによって金融市場での流動性が維持されるとともに、量的緩和資産の購入規模が変更されなかったことは、経済活動を支えるための資金供給機能を強化するという目的のもとに行われたもので、その効果は経済学的にも裏付けられている。
助長,30,30,3人目,388,0.3156136289133737,2023年5月の日銀金融政策決定会合における議論された金融緩和策は、市場全体に及ぼした影響の大きさからも、顕著な立場を占めるべき方針であった。それらの核心となる要点が、大規模な金融緩和方針を継続させるというもので、これは金融政策において最大の目標であった。金利の据え置きという選択肢にも加えて、その実施に伴う量的緩和資産の購入に関するルールも変更しないという決定が下されていた。このような決定は、経済活動を活性化させる上で非常に重要な役割を果たす金融政策であった。金利の据え置きによって金融市場での流動性が維持されるとともに、量的緩和資産の購入規模が変更されなかったことは、経済活動を支えるための資金供給機能を強化するという目的のもとに行われたもので、その効果は経済学的にも裏付けられており、政策決定者の視点からは経済の長期的な安定性と成長を促進することに大きく貢献していた。
助長,30,30,4人目,478,0.2977893892947313,2023年5月の日銀金融政策決定会合における議論された金融緩和策は、市場全体に及ぼした影響の大きさからも顕著な立場を占めるべき方針であった。それらの核心となる要点が大規模な金融緩和方針を継続させるというもので、これは金融政策において最大の目標であった。金利の据え置きという選択肢にも加えて、その実施に伴う量的緩和資産の購入に関するルールも変更しないという決定が下されていた。このような決定は、経済活動を活性化させる上で非常に重要な役割を果たす金融政策であった。金利の据え置きによって金融市場での流動性が維持されるとともに、量的緩和資産の購入規模が変更されなかったことは、経済活動を支えるための資金供給機能を強化するという目的のもとに行われたもので、その効果は経済学的にも裏付けられており、政策決定者の視点からは経済の長期的な安定性と成長を促進することに大きく貢献していた。金融緩和策が市場に及ぼした影響の大きさは、多くの専門家によって強調されていた。金融政策決定者は、これらの策が経済活動を活性化させ、景気の回復を支援するために不可欠であると認識していた。
助長,30,30,5人目,632,0.2638318371638943,2023年5月の日銀金融政策決定会合における議論された金融緩和策は、その市場全体に及ぼした影響の大きさからも顕著な立場を占めるべき方針であった。それらの核心となる要点が大規模な金融緩和方針を継続させるというもので、これは金融政策において最大の目標であった。この決定の中核は、経済活動の活性化に伴う金融緩和策を市場全体に広範囲に及ぼすというもので、その影響が広範囲にわたることを前提としていた。この金利の据え置きという選択肢にも加えて、その実施に伴う量的緩和資産の購入に関するルールも変更しないという決定が下されていた。このような決定は、経済活動を活性化させる上で非常に重要な役割を果たす金融政策であった。金利の据え置きによって金融市場での流動性が維持されるとともに、量的緩和資産の購入規模が変更されなかったことは、その実施により経済活動を支えるための資金供給機能を強化するという目的のもとに行われたもので、その効果は経済学的にも裏付けられており、政策決定者の視点からは経済の長期的な安定性と成長を促進することに大きく貢献していた。金融緩和策が市場に及ぼした影響の大きさは、多くの専門家によって強調されていた。それら金融政策決定者は、これらの策が経済活動を活性化させ、景気の回復を支援するために不可欠であると認識していた。そのため、市場全体に広範囲に及ぼす影響を最小限に抑えるための戦略的な手段として、金融緩和策は、経済の安定化と成長への寄与が大きく評価されていた。
助長,30,30,6人目,858,0.2523716825697419,2023年5月日銀金融政策決定会合における議論された金融緩和策は、市場全体に及ぼした影響の大きさからも顕著な立場を占めるべき方針であった。それらの核心となる要点が大規模な金融緩和方針を継続させるというもので、これは金融政策において最大の目標であった。この決定の中核は、経済活動の活性化に伴う金融緩和策を市場全体に広範囲に及ぼすというもので、その影響が広範囲にわたることを前提としていた。そのような金融緩和策に対する金利の据え置きという選択肢にも加えて、その実施に伴う量的緩和資産の購入に関するルールも変更しないという決定が下されていた。このような決定は、経済活動を活性化させる上で非常に重要な役割を果たす金融政策であった。金利の据え置きによって金融市場での流動性が維持されるとともに、量的緩和資産の購入規模が変更されなかったことは、その実施により経済活動を支えるための資金供給機能を強化するという目的のもとに行われたもので、その効果は経済学的にも裏付けられており、政策決定者の視点からは経済の長期的な安定性と成長を促進することに大きく貢献していた。金融緩和策が市場に及ぼした影響の大きさは、多くの専門家によって強調されていた。それら金融政策決定者は、これらの策が経済活動を活性化させ、景気の回復を支援するために不可欠であると認識していた。そのため、市場全体に広範囲に及ぼす影響を最小限に抑えるための戦略的な手段として、金融緩和策は、経済の安定化と成長への寄与が大きく評価されていた。また、これらの決定の中核となる要点が大規模な金融緩和方針を継続させるというもので、これは金融政策において最大の目標であった。このような金融緩和策に対する決断により、市場全体に広範囲に及ぼす影響が大きく予想されており、その実施によって経済活動を支えるための資金供給機能を強化するという目的のもとに行われたもので、その効果は経済学的にも裏付けられており、政策決定者の視点からは経済の長期的な安定性と成長を促進することに大きく貢献していた。
助長,30,30,7人目,847,0.25766497446118486,2023年5月日銀金融政策決定会合において取り上げられた金融緩和策の議論は、その影響が市場全体に及ぼしたほど広範囲にわたるものであった。それらの中心的な原点は、金融緩和策を実施することで経済活動を活性化させ、その結果として景気回復を促進するという方針で、これは金融政策の最重要目標であった。金融緩和策の決定の中核となる要点は、市場全体に広範囲に及ぼす影響を最大限に活用し、それによって経済活動を支えるための資金供給機能を強化するというもので、その実施により経済活動の活性化が促進され、景気回復の支援が図られることが期待された。決断においては、金融緩和策の影響を最小限に抑えるための戦略的な手段として、これらの策を採用することによって経済の安定化と成長への貢献が大きく評価されていた。また、このような決定の中核となる要点が大規模な金融緩和方針を継続させるというもので、これは金融政策において最大の目標であった。金融緩和策に対する金利の据え置きという選択肢にも加えて、その実施に伴う量的緩和資産の購入に関するルールも変更しないという決定が下されていた。このような決断は、経済活動を活性化させる上で非常に重要な役割を果たす金融政策であった。金利の据え置きによって金融市場での流動性が維持されるとともに、量的緩和資産の購入規模が変更されなかったことは、その実施により経済活動を支えるための資金供給機能を強化するという目的のもとに行われたもので、その効果は経済学的にも裏付けられており、政策決定者の視点からは経済の長期的な安定性と成長を促進することに大きく貢献していた。金融緩和策が市場に及ぼした影響の大きさは、多くの専門家によって強調されていた。それら金融政策決定者は、これらの策が経済活動を活性化させ、景気の回復を支援するために不可欠であると認識していた。そのため、市場全体に広範囲に及ぼす影響を最小限に抑えるための戦略的な手段として、金融緩和策は、経済の安定化と成長への寄与が大きく評価されていた。
助長,30,30,8人目,942,0.25133920228707024,2023年5月日銀金融政策決定会合において取り上げられた金融緩和策の議論は、その影響が市場全体に及ぼしたほど広範囲にわたるものであった。それらの中心的な原点は、金融緩和策を実施することで経済活動を活性化させ、その結果として景気回復を促進するという方針で、これは金融政策の最重要目標であった。このような考え方がもとになって金融緩和策の決定の中核となる要点は、市場全体に広範囲に及ぼす影響を最大限に活用し、それによって経済活動を支えるための資金供給機能を強化するというもので、その実施により経済活動の活性化が促進され、景気回復の支援が図られることが期待された。このような決定においては、金融緩和策の影響を最小限に抑えるための戦略的な手段として、これらの策を採用することによって経済の安定化と成長への貢献が大きく評価されていた。また、このような決定の中核となる要点が大規模な金融緩和方針を継続させるというもので、これは金融政策において最大の目標であった。さらに、決断においては金利の据え置きという選択肢に加えて、その実施に伴う量的緩和資産の購入に関するルールも変更しないという決定が下されていた。このような決断は、経済活動を活性化させる上で非常に重要な役割を果たす金融政策であった。金利の据え置きによって金融市場での流動性が維持されるとともに、量的緩和資産の購入規模が変更されなかったことは、その実施により経済活動を支えるための資金供給機能を強化するという目的のもとに行われたもので、その効果は経済学的にも裏付けられており、政策決定者の視点からは経済の長期的な安定性と成長を促進することに大きく貢献していた。金融緩和策が市場に及ぼした影響の大きさは、多くの専門家によって強調されていた。それら金融政策決定者は、これらの策が経済活動を活性化させ、景気の回復を支援するために不可欠であると認識していた。そのため、市場全体に広範囲に及ぼす影響を最小限に抑えるための戦略的な手段として、金融緩和策は、経済の安定化と成長への寄与が大きく評価されていた。このような状況から、政策決定者達は、このような決断の中核となる要点が金融緩和方針を継続させるというもので、これは金融政策において最大の目標であった。
助長,30,30,9人目,1176,0.2337865387664396,2023年5月日銀金融政策決定会合において取り上げられた金融緩和策の議論は、その影響が市場全体に及ぼしたほど広範囲にわたるものであった。それらの中心的な原点は、金融緩和策を実施することで経済活動を活性化させ、その結果として景気回復を促進するという方針で、これは金融政策の最重要目標であった。このような考え方がもとになって金融緩和策の決定の中核となる要点は、市場全体に広範囲に及ぼす影響を最大限に活用し、それによって経済活動を支えるための資金供給機能を強化するというもので、その実施により経済活動の活性化が促進され、景気回復の支援が図られることが期待された。金融緩和策の影響は大きく、市場全体に及ぼしたほど広範囲にわたるものであった。それらの中心的な原点は、市場全体に広範囲に及ぼす影響を最大限に活用し、それによって経済活動を支えるための資金供給機能を強化するという方針で、これは金融政策の最重要目標であった。このような考え方がもとになって金融緩和策の決定の中核となる要点は、市場全体に広範囲に及ぼす影響を最大限に活用し、それによって経済活動を支えるための資金供給機能を強化するというもので、その実施により経済活動の活性化が促進され、景気回復の支援が図られることが期待された。このような決定においては、金融緩和策の影響を最小限に抑えるための戦略的な手段として、これらの策を採用することによって経済の安定化と成長への貢献が大きく評価されていた。また、このような決定の中核となる要点が大規模な金融緩和方針を継続させるというもので、これは金融政策において最大の目標であった。さらに、その実施に伴う量的緩和資産の購入に関するルールも変更しないという決定が下されていた。このような決断は、経済活動を活性化させる上で非常に重要な役割を果たす金融政策であった。金利の据え置きによって金融市場での流動性が維持されるとともに、量的緩和資産の購入規模が変更されなかったことは、その実施により経済活動を支えるための資金供給機能を強化するという目的のもとに行われたもので、その効果は経済学的にも裏付けられており、政策決定者の視点からは経済の長期的な安定性と成長を促進することに大きく貢献していた。金融緩和策が市場に及ぼした影響の大きさは、多くの専門家によって強調されていた。それら金融政策決定者は、これらの策が経済活動を活性化させ、景気の回復を支援するために不可欠であると認識していた。そのため、市場全体に広範囲に及ぼす影響を最小限に抑えるための戦略的な手段として、金融緩和策は、経済の安定化と成長への寄与が大きく評価されていた。このような状況から、政策決定者達は、このような決断の中核となる要点が金融緩和方針を継続させるというもので、これは金融政策において最大の目標であった。
助長,30,30,10人目,992,0.24820896227352224,2023年5月日銀金融政策決定会合において取り上げられた金融緩和策の議論は、その影響が市場全体に及ぼしたほど広範囲にわたるものであった。それらの中心的な原点は、金融緩和策を実施することで経済活動を活性化させ、その結果として景気回復を促進するという方針で、これは金融政策の最重要目標であった。このような考え方がもとになって金融緩和策の決定の中核となる要点は、市場全体に広範囲に及ぼす影響を最大限に活用し、それによって経済活動を支えるための資金供給機能を強化するというもので、その実施により経済活動の活性化が促進され、景気回復の支援が図られることが期待された。このような決定においては、金融緩和策の影響を最小限に抑えるための戦略的な手段として、これらの策を採用することによって経済の安定化と成長への貢献が大きく評価されていた。また、このような決定の中核となる要点が大規模な金融緩和方針を継続させるというもので、これは金融政策において最大の目標であった。さらに、その実施に伴う量的緩和資産の購入に関するルールも変更しないという決定が下されていた。このような決断は、経済活動を活性化させる上で非常に重要な役割を果たす金融政策であった。金利の据え置きによって金融市場での流動性が維持されるとともに、量的緩和資産の購入規模が変更されなかったことは、その実施により経済活動を支えるための資金供給機能を強化するという目的のもとに行われたもので、その効果は経済学的にも裏付けられており、政策決定者の視点からは経済の長期的な安定性と成長を促進することに大きく貢献していた。金融緩和策が市場に及ぼした影響の大きさは、多くの専門家によって強調されていた。それら金融政策決定者は、これらの策が経済活動を活性化させ、景気の回復を支援するために不可欠であると認識していた。そのため、このような決定の中核となる要点が大規模な金融緩和方針を継続させるというもので、それによって経済活動を支えるための資金供給機能を強化するという目的のもとに行われたもので、その効果は経済学的にも裏付けられており、政策決定者の視点からは経済の長期的な安定性と成長を促進することに大きく貢献していた。このような状況から、このような決定の中核となる要点が大規模な金融緩和方針を継続させるというもので、これは金融政策において最大の目標であった。
助長,31,31,原文,82,1.0,2023年8月15日、プロ野球中継の視聴者数が記録的な高を更新した。夏季甲子園優勝校同士の対戦を中心に、多くの人々がテレビを見守り、熱狂的な応援を送った結果である。
助長,31,31,1人目,118,0.23428000168623142,2023年8月15日、その年のプロ野球中継視聴者数記録を新たな高水準に打ち立てるという出来事が発生した。それが起こったのは、夏季甲子園で優勝した二つの高校のプロ野球対戦を中心として、多くの人がテレビ観覧し、その熱狂的な応援の結果である。
助長,31,31,2人目,245,0.10215277823666274,2023年8月15日には、それまでのプロ野球中継視聴者数記録を大きく上回る高水準に達するという歴史的出来事が発生した。それが起こったのは、夏季甲子園で優勝した二つの高校のプロ野球対戦により、多くの熱狂的なファンがテレビ観覧し、その応援の一大行事としての人気を博したことによるものである。そのような人気の行くところであったからこそ、数々の視聴者がこの試合の中継を心がけて楽しんだのだろう。それが原因で、かつてないほど高水準となる視聴率を達成し、それまでにあった記録を大きく上回る結果となった。
助長,31,31,3人目,256,0.10222226142170335,2023年8月15日、その日の放送で史上最多のプロ野球中継視聴者数を大幅に超えるという、歴史的な出来事が発生した。それは夏季甲子園で優勝した2つの高校のプロ野球対戦によるもので、それにより多くの熱狂的ファンがテレビ観覧し、その応援の一大行事としての人気を博したことによるものである。そのような人気が広がったからこそ、数多くの中継視聴者が、この試合の中継を楽しみに鑑賞していたようだ。それが原因でかつてないほど高い視聴率を記録し、それまでの記録を大きく上回る結果となり、これは今後も見られるとは思えなかったという。
助長,31,31,4人目,248,0.10392468643883584,2023年8月15日、その日の放送で史上最多のプロ野球中継視聴者数を大幅に超えるという、歴史的な出来事が発生した。それは夏季甲子園で優勝した2つの高校のプロ野球対戦によるものであり、これにより多くの熱狂的ファンがテレビ観覧し、その応援の一大行事としての人気を博したことがその理由であった。結果として、数多くの中継視聴者が、この試合の中継を楽しみに鑑賞していたようだ。それが原因でかつてないほど高い視聴率を記録し、それまでの記録を大きく上回る結果となり、これは今後も見られるとは思えなかったという。
助長,31,31,5人目,315,0.10185223596983342,2023年8月15日、その日のテレビ放送で、歴史的にも圧倒的な差を見せたことになるのは、視聴者数が予想を遥かに超えた、プロ野球中継であった。それは夏季の全国高等学校野球選手権大会において優勝した2つの高校が対戦するということで、その試合の中継によるものだった。この試合で、多くの熱狂的ファンがテレビ観覧し、それを応援するための大きな行事としての人気に富んだことがその理由であった。その結果、数多くの中継視聴者が、この試合の中継を見て楽しみに鑑賞していたようだ。それが原因でかつてないほど高かった視聴率の記録を達成し、それまでの歴史的な記録を大きく上回ることになった。この結果は、今後も見られるとは思えなかったという出来事であった。
助長,31,31,6人目,314,0.09206352268924252,2023年8月15日、その日のテレビ放送で、歴史的にも圧倒的な差を見せたことになるのは、視聴者数が予想を遥かに超えたプロ野球中継であった。それは夏季の全国高等学校野球選手権大会において優勝した2つの高校が対戦するということで、その試合の中継によるものだった。この試合で、多くの熱狂的ファンがテレビ観覧し、それを応援するための大きな行事としての人気に富んだことがその理由であった。その結果、数多くの中継視聴者が、この試合の中継を見て楽しみに鑑賞していたようだ。それが原因でかつてないほど高かった視聴率の記録を達成し、それまでの歴史的な記録を大きく上回ることになった。この結果は、今後も見られるとは思えなかったという出来事であった。
助長,31,31,7人目,327,0.09487213008699152,2023年8月15日、その日のテレビ放送で、歴史的にも圧倒的な差を見せたことが判明しているのは、視聴者数が予想を大幅に上回ったプロ野球中継である。それは夏季の全国高等学校野球選手権大会において優勝した2つの高校が対戦するということで、その試合の中継によるものだった。この試合で、多くの熱狂的ファンがテレビ観覧し、それを応援するための大きな行事としての人気に富んだことは、その理由であった。その結果、数多くの中継視聴者が、この試合の中継を見て楽しみに鑑賞していたようだ。それが原因でかつてないほど高かった視聴率の記録を達成し、それまでの歴史的な記録を大きく上回ることになった。この結果は、今後も見られるとは思えなかったような、きわめて異例の出来事であった。
助長,31,31,8人目,310,0.09322478668222901,2023年8月15日、その日のテレビ放送で視聴者数が予想を大幅に上回ったプロ野球中継が歴史的にも圧倒的な差を示したことが明らかである。これは夏季の全国高等学校野球選手権大会において優勝した2つの高校が対戦するということで、その試合の中継によるもので、多くの熱狂的ファンがテレビ観覧し、それを応援するための大きな行事としての人気に富んだことがその理由であった。その結果、中継視聴者が多数、この試合の中継を見て楽しみに鑑賞していたようだ。これが原因でかつてないほど高かった視聴率の記録を達成し、それまでの歴史的な記録を大きく上回ることになった。この結果は、今後も見られるとは思えなかったような、きわめて異例の出来事であった。
助長,31,31,9人目,357,0.10002812722906188,2023年8月15日、その日のテレビ放送で予想を大幅に上回ったプロ野球中継が歴史的にも圧倒的な視聴率を示したことが明らかである。そして、この試合の中継によるものだった。夏季の全国高等学校野球選手権大会において優勝した2つの高校が対戦するということで、その試合の中継によるものであり、多くの熱狂的ファンがテレビ観覧し、それを応援するための大きな行事としての人気に富んだことはその理由である。多数の視聴者がこの試合の中継を見て楽しみに鑑賞していたようだ。そして、その結果、中継視聴者の数も非常に多くなったことになる。かつてないほど高かったという、このような記録を達成し、それまでの歴史的な記録を大きく上回ることになった。これが原因で、このような結果は今後も見られるとは思えなかったような、きわめて異例の出来事であった。
助長,31,31,10人目,386,0.07919238547356187,2023年8月15日、その日のテレビ放送におけるプロ野球中継が予想を大幅に上回ったという記録が史実にも刻まれている。そして、この試合の中継によるものは確かにその通りである。夏季の全国高等学校野球選手権大会において優勝した2つの高校が対面し、歴史的にも注目を集めていたため、その試合の中継によるものであり、多くの熱狂的ファンがテレビ観覧し、それを応援するための大きな行事としての人気に富んだことはその理由である。実際には多数の視聴者がこの試合の中継を見て楽しみに鑑賞していたようだ。そして、その結果、中継視聴者の数も非常に多くなったことになる。このような記録を達成し、それまでの歴史的な記録を大きく上回ることになったということは、かつてないほど高かったと言ってもよい。そして、これが原因で、このような結果は今後も見られるとは思えなかったような、きわめて異例の出来事であった。
助長,32,32,原文,103,1.0,2024年5月16日、那須田誠司は富士ヒルズを雨の中完走した。序盤のペース配分に苦しみ、後半失速したが、コースレコード更新ならずという結果だった。厳しい暑さと降雨が選手のパフォーマンスに大きく影響を与えた。
助長,32,32,1人目,169,0.3404109953406967,2024年5月16日、那須田誠司は富士ヒルズで開催された競走において、雨の中完走するという結果であった。序盤にはペース配分において苦労し、後半にはペダルの回転数を増やしたが、その影響により失速し、コースレコードの更新を果たすことができなかった。しかし、厳しい暑さと降雨が競走者のパフォーマンスに大きく影響を与えていることは明らかであった。
助長,32,32,2人目,205,0.20902159566492465,那須田誠司は2024年5月16日富士ヒルズで開催された競走において、天候不順の状況の中完走するという結果であった。序盤においてはペース配分がスムーズではなく、苦しんだ様子が伝わっていた。しかし後半に入るとペダルの回転数を増やしていたため、失速したことが確認された。その結果としてコースレコードの更新には至らなかった。しかし、厳しい暑さと降雨は競走者のパフォーマンスに大きな影響を与えていたことは明らかであった。
助長,32,32,3人目,213,0.21118013912411887,那須田誠司が2024年5月16日富士ヒルズで開催された競走において、天候不順の中完走という結果だった。初めのころはペース配分がスムーズではなくて苦しんだ様子が伝わっていた。しかし後半に入るとペダルの回転数を増やしていたため失速したことが確認された。それによってコースレコードの更新には至らなかった。厳しい暑さと降雨は競走者のパフォーマンスに大きな影響を与えていたことは明らかで、天候不順の中完走という結果が決定的になっていた。
助長,32,32,4人目,290,0.19097476534093685,那須田誠司選手が2024年5月16日富士ヒルズで開催された競走において、厳しい暑さと降雨の影響を受けて、そのような悪条件の中にあったにもかかわらず完走という結果に終わった。最初はペース配分についても苦しんでいた様子が伝えられていたが、それがスムーズではなくて不向きだったと感じていたのは事実だった。それでも後半に入るとペダルの回転数を増やしていたため失速してしまっていたことが確認された。その結果、コースレコードの更新には至らなかった。厳しい暑さと降雨は競走者のパフォーマンスに大きな影響を与えていたことは明らかだったし、そのような悪条件の中で完走という結果が決定的になっていた。
助長,32,32,5人目,343,0.18003428304458893,那須田誠司選手が2024年5月16日富士ヒルズで開催された競走において、厳しい暑さと降雨の影響を受け、それら悪条件の中にありながらも完走という結果に終わった。競走が始まった時点ではペース配分については苦しんでいた様子が伝えられていたが、そのような不向きであったため、スムーズにはなれなかった。そのようなペース配分は選手にとって厳しいもので、十分なエネルギーを確保することが難しかった。競走の途中からペダルの回転数を増やしていたにもかかわらず失速してしまっていたことが確認された。その結果、コースレコードの更新には至らなかった。厳しい暑さと降雨は競走者のパフォーマンスに大きな影響を与えていたことは明らかで、そんな悪条件の中で完走という結果が決定的になっていたのは非常に厳しくなっていた。
助長,32,32,6人目,435,0.1556299030362489,那須田誠司選手が2024年5月16日富士ヒルズで開催された競走においては厳しい暑さと降雨の影響を受け、それら悪条件の中にありながらも完走という結果に終わった。それほど暑い時期なので、厳しい状況が予想されるものの、このような環境下でも選手たちは頑張っていたと思われる。競走が始まった時点ではペース配分については苦しんでいた様子が伝えられていたが、そのような不向きであったため、スムーズにはなれなかった。そのようなペース配分は選手にとって厳しいもので、十分なエネルギーを確保することが難しかった。競走の途中からペダルの回転数を増やしていたにもかかわらず失速してしまっていたことが確認された。その結果、コースレコードの更新には至らなかった。厳しい暑さと降雨は競走者のパフォーマンスに大きな影響を与えていたことは明らかで、そんな悪条件の中で完走という結果が決定的になっていたのは非常に厳しくなっていた。しかし選手たちはそのような悪条件をものともしない強さを見せていただけでした。
助長,32,32,7人目,476,0.14527859378225658,那須田誠司選手が2024年5月16日富士ヒルズで開催された競走においては、厳しい暑さと降雨の影響を受け、それら悪条件の中にありながらも完走という結果に終わった。それほど暑い時期なので、厳しい状況が予想されるものの、このような環境下でも選手たちは頑張っていたと思われる。競走が始まった時点ではペース配分については苦しんでいた様子が伝えられていたが、そのような不向きであったため、スムーズにはなれなかった。そのようなペース配分は選手にとって厳しいもので、十分なエネルギーを確保することが難しかった。競走の途中からペダルの回転数を増やしていたにもかかわらず失速してしまっていたことが確認された。それでもなお、ペダルが上昇し続けていたはずだが、その勢いは弱まってしまっていた。その結果、コースレコードの更新には至らなかった。厳しい暑さと降雨は競走者のパフォーマンスに大きな影響を与えていたことは明らかで、そんな悪条件の中で完走という結果が決定的になっていたのは非常に厳しくなっていた。しかし選手たちはそのような悪条件をものともしない強さを見せていただけでした。
助長,32,32,8人目,450,0.1348344567540491,那須田誠司選手は2024年5月16日富士ヒルズで開催された競走において、厳しい暑さや降雨の影響を受けており、そのような悪条件の中にもかかわらず完走という結果に終わった。このような環境下でも選手たちは頑張っていたと思われる。競走が始まった時点では、ペース配分については苦しんでいた様子が伝えられていた。しかし、このような不向きの状況であったため、スムーズにはなれなかった。そのようなペース配分は選手にとって厳しいもので、十分なエネルギーを確保することが難しかった。競走の中盤からペダルの回転数を増やしていたにもかかわらず失速してしまっていたことが確認された。それでもなお、ペダルが上昇し続けていたはずだが、その勢いは弱まってしまっていた。その結果、コースレコードの更新には至らなかった。厳しい暑さと降雨は競走者のパフォーマンスに大きな影響を与えていて、このような悪条件の中で完走という結果が決定的になっていたのは非常に厳しくなっていた。しかし選手たちはそのような悪条件をものともしない強さを見せていた。
助長,32,32,9人目,439,0.1439685567490025,那須田誠司選手は2024年5月16日、富士ヒルズで開催された競走において、その時々の厳しい暑さや降雨の影響を受けながらも完走という結果に終わった。このような環境下でも選手たちは頑張っていたと思われる。競走が始まった時点では、ペース配分については苦しんでいた様子が伝えられていた。しかし、このような不向きの状況であったため、スムーズにはなれなかった。そのようなペース配分は選手にとって厳しいもので、十分なエネルギーを確保することが難しかった。競走の中盤からペダルの回転数が増やされたにもかかわらず、失速してしまっていたことが確認された。それでもなお、ペダルが上昇し続けていたはずだが、その勢いは弱まってしまっていた。その結果、コースレコードの更新には至らなかった。厳しい暑さと降雨は競走者のパフォーマンスに大きな影響を与えていて、このような悪条件の中で完走という結果が決定的になっていたのは非常に厳しくなっていた。しかし選手たちはそのような悪条件をものともしない強さを見せていた。
助長,32,32,10人目,439,0.1439685567490025,那須田誠司選手は2024年5月16日、富士ヒルズで開催された競走において、その時々の厳しい暑さや降雨の影響を受けながらも完走という結果に終わった。このような環境下でも選手たちは頑張っていたと思われる。競走が始まった時点では、ペース配分については苦しんでいた様子が伝えられていた。しかし、このような不向きの状況であったため、スムーズにはなれなかった。そのようなペース配分は選手にとって厳しいもので、十分なエネルギーを確保することが難しかった。競走の中盤からペダルの回転数が増やされたにもかかわらず、失速してしまっていたことが確認された。それでもなお、ペダルが上昇し続けていたはずだが、その勢いは弱まってしまっていた。その結果、コースレコードの更新には至らなかった。厳しい暑さと降雨は競走者のパフォーマンスに大きな影響を与えていて、このような悪条件の中で完走という結果が決定的になっていたのは非常に厳しくなっていた。しかし選手たちはそのような悪条件をものともしない強さを見せていた。
助長,33,33,原文,120,1.0,2023年8月15日、プロ野球中継の視聴率が、長年の記録を更新した。侍ジャパンのワールドシリーズ制覇と、メジャーリーグでの日本人の活躍が相まって、多くの人々がテレビをつける時間が増加したと考えられる。関連広告やメディアも盛り上がりを見せた。
助長,33,33,1人目,325,0.316971969079531,2023年8月15日、プロ野球中継の視聴率は、長年の記録を大きく上回る驚異的な値に達した。日本代表チームである侍ジャパンのワールドシリーズ制覇によって、日本国民全体に高い関心と共感が高まり、多くの人々がテレビのつながり方や番組編成などについて考えるようになった。その結果、それまでのテレビ視聴時間を大幅に上回る新記録が達成された。さらに、このワールドシリーズ制覇は、日本人がメジャーリーグで活躍することを実際に見られるきっかけとなり、次世代の選手やファンの人気も高まった。日本プロ野球の中継を視聴している人々にとって、メジャーリーグと侍ジャパンの連動した盛り上がりと、その関係するメディア広告は、テレビ視聴量が大幅に増加する要因となったと考えられる。
助長,33,33,2人目,341,0.23308747696602042,2023年8月15日には、歴代最高を大きく上回る驚異的な視聴率に達したプロ野球中継の記録が発表された。それまでのテレビ視聴時間を大幅に上回る新記録となったのは、その日本代表チームである侍ジャパンのワールドシリーズ制覇により、国民全体に高い関心と共感が高まったからであった。多くの人々がテレビのつながり方や番組編成などについて考えるようになったのがその理由である。そして、このワールドシリーズ制覇は、日本人がメジャーリーグで活躍することを実際に見られるきっかけとなり、次世代の選手やファンの人気も高まった。日本プロ野球の中継を視聴している人々にとって、メジャーリーグと侍ジャパンの連動した盛り上がりと、その関係するメディア広告は、テレビ視聴量が大幅に増加する要因となったと考えられる。
助長,33,33,3人目,469,0.19636761002715303,2023年8月15日には、歴代最高を大きく上回る驚異的な視聴率に達したプロ野球中継の記録が発表された。それまでのテレビ視聴時間を大幅に上回る新記録となったのは、その日本代表チームである侍ジャパンのワールドシリーズ制覇により、国民全体に高い関心と共感が高まったからであった。多くの人々がテレビのつながり方や番組編成などについて考えるようになったのがその理由であり、視聴率の向上はチームの活躍によって生まれたものでしかなかった。ワールドシリーズ制覇により、日本人がメジャーリーグで活躍することを実際に見られるきっかけとなったことは、その影響が多面的なものであった。そして、このワールドシリーズ制覇は、日本人がメジャーリーグで活躍することを実際に見られるきっかけとなり、次世代の選手やファンの人気も高まった。日本プロ野球の中継を視聴している人々にとって、メジャーリーグと侍ジャパンの連動した盛り上がりと、その関係するメディア広告は、テレビ視聴量が大幅に増加する要因となり、日本のスポーツ観戦文化やメディア表現にも新たな面をもたらすこととなった。
助長,33,33,4人目,541,0.18827097981348118,2023年8月15日には、歴代最高を大きく上回る驚異的な視聴率に達したプロ野球中継の記録が発表された。それまでのテレビ視聴時間を大幅に上回る新記録となり、日本代表チームである侍ジャパンのワールドシリーズ制覇により、国民全体に高い関心と共感が高まった。なぜなら、この記録は多くの人々がテレビのつながり方や番組編成などについて考えるようになったこと、そしてそれによって視聴率が向上したからである。このような結果はチームの活躍によって生まれたものであり、ワールドシリーズ制覇により、日本人がメジャーリーグで活躍することを実際に見られるきっかけとなったことは、その影響が多面的なものであった。チームの活躍により日本人がメジャーリーグで活躍することを実際に見られるきっかけとなり、次世代の選手やファンの人気も高まった。そして、このワールドシリーズ制覇は、日本人の新たな可能性を切り開く第一歩となった。この結果は、日本のスポーツ観戦文化やメディア表現にも新たな面をもたらすこととなり、テレビ視聴量が大幅に増加する要因となり日本プロ野球の中継を視聴している人々にとって、メジャーリーグと侍ジャパンの連動した盛り上がりと、その関係するメディア広告は、テレビ視聴率の大幅な向上の直接的な原因となった。
助長,33,33,5人目,369,0.14156256459178174,2023年8月15日には、日本を代表するチームである侍ジャパンがワールドシリーズで優勝し、大いに感慨深い結果をもたらした。この記録は日本がメジャーリーグで活躍している選手を実際に見ることができるきっかけとなり、次世代の選手を育てることや、日本人のスポーツ観戦文化にも新しい面を加えた。また、この記録は、侍ジャパンの活躍によりテレビ視聴率が向上したためである。このような結果にはチームの活躍と共に多くの人々がテレビのつながり方や番組編成などについて考え、それによって視聴率が向上するようになった。日本のスポーツ観戦文化やメディア表現にも新たな面をもたらすこととなり、テレビ視聴量が大幅に増加する要因となり、日本プロ野球の中継をする人々にとっては、大きな盛り上がりとその関係するメディア広告も、テレビ視聴率の大幅な向上の直接的な原因となった。
助長,33,33,6人目,430,0.1475497347945932,2023年8月15日には、日本を代表するチームである侍ジャパンがワールドシリーズで優勝し、この記録は日本人にとって大いに感慨深い結果をもたらした。この記録は日本がメジャーリーグで活躍している選手を実際に見ることができるきっかけとなり、また次世代の選手達が育てられることや、日本人のスポーツ観戦文化にも新しい面が加えられた。これらは、侍ジャパンの活躍によりテレビ視聴率が大幅に向上し、このような結果にはチームの活躍と共に多くの人々がテレビのつながり方や番組編成などについて考え、それによって視聴率が向上するようになった。日本のスポーツ観戦文化やメディア表現にも新たな面をもたらすこととなり、テレビ視聴量が大幅に増加し、日本プロ野球の中継をする人々にとっては大きな盛り上がりとその関係するメディア広告も、テレビ視聴率の大幅な向上の直接的な原因となった。このため日本のスポーツ観戦文化やメディア表現の発展に貢献し、日本人のスポーツの理解と興味の向上などが期待された。
助長,33,33,7人目,430,0.1475497347945932,2023年8月15日には、日本を代表するチームである侍ジャパンがワールドシリーズで優勝し、この記録は日本人にとって大いに感慨深い結果をもたらした。この記録は日本がメジャーリーグで活躍している選手を実際に見ることができるきっかけとなり、また次世代の選手達が育てられることや、日本人のスポーツ観戦文化にも新しい面が加えられた。これらは、侍ジャパンの活躍によりテレビ視聴率が大幅に向上し、このような結果にはチームの活躍と共に多くの人々がテレビのつながり方や番組編成などについて考え、それによって視聴率が向上するようになった。日本のスポーツ観戦文化やメディア表現にも新たな面をもたらすこととなり、テレビ視聴量が大幅に増加し、日本プロ野球の中継をする人々にとっては大きな盛り上がりとその関係するメディア広告も、テレビ視聴率の大幅な向上の直接的な原因となった。このため日本のスポーツ観戦文化やメディア表現の発展に貢献し、日本人のスポーツの理解と興味の向上などが期待された。
助長,33,33,8人目,433,0.1467312623365811,2023年8月15日には、日本を代表するチームである侍ジャパンがワールドシリーズで初めて優勝し、この記録は日本人にとって大いに感慨深い結果をもたらした。この記録は日本がメジャーリーグで活躍している選手を実際に見ることができるきっかけとなり、また次世代の選手達が育てられることや、日本人のスポーツ観戦文化にも新しい面が加えられた。これらは、侍ジャパンの活躍によりテレビ視聴率が大幅に向上し、このような結果にはチームの活躍と共に多くの人々がテレビのつながり方や番組編成などについて考え、それによって視聴率が向上するようになった。日本のスポーツ観戦文化やメディア表現にも新たな面をもたらすこととなり、テレビ視聴量が大幅に増加し、日本プロ野球の中継をする人々にとっては大きな盛り上がりとその関係するメディア広告も、テレビ視聴率の大幅な向上の直接的な原因となった。このため日本のスポーツ観戦文化やメディア表現の発展に貢献し、日本人のスポーツの理解と興味の向上などが期待された。
助長,33,33,9人目,539,0.14332956823537432,2023年8月15日には、日本を代表するチームである侍ジャパンがワールドシリーズで初めて優勝し、この記録は日本人にとって大いに感慨深い結果をもたらした。メジャーリーグでの活躍を見せる日本の選手が実際に見ることができ、またこれは次世代の選手達が育てられるきっかけとなり、日本人のスポーツ観戦文化にも新しい面が加えられた。これらは、侍ジャパンの活躍によりテレビ視聴率が大幅に向上し、このような結果にはチームの活躍と共に多くの人々がテレビのつながり方や番組編成などについて考え、それによって視聴率が向上するようになった。このため日本のスポーツ観戦文化やメディア表現にも新たな面をもたらすこととなり、テレビ視聴量が大幅に増加し、日本プロ野球の中継をする人々にとっては大きな盛り上がりとその関係するメディア広告も、このテレビ視聴率の向上が直接的な原因となった。日本プロ野球の中継を通じてメディア広告とスポーツ観戦文化がどのように関連しているか、テレビ局や企業に新たな考慮点が加わり、日本のテレビスポーツ中継の現状にも新たな面が追加され、このような状況は日本プロ野球の中継をする人々にとっては大きな利益となった。さらに、これらの結果により日本人のスポーツの理解と興味の向上などが期待された。
助長,33,33,10人目,580,0.13766049615674292,2023年8月15日には、日本を代表するチームである侍ジャパンがワールドシリーズで初めて優勝し、この記録は日本人にとって大いに感慨深い結果をもたらした。これは、メジャーリーグでの活躍を見せる日本の選手が実際に見ることができたことによるものであり、それによって次世代の選手達が育てられるきっかけとなった。日本人のスポーツ観戦文化にも新しい面が加えられたのである。このため、日本のスポーツ観戦文化やメディア表現に新たな面をもたらすこととなり、テレビ視聴量が大幅に増加した。これは、日本プロ野球の中継をする人々にとっては大きな盛り上がりとその関係するメディア広告であった。日本プロ野球の中継を通じて、メディア広告とスポーツ観戦文化がどのように関連しているかについて、テレビ局や企業に新たな考慮点が加わったのである。このような状況は、日本プロ野球の中継をする人々にとっては大きな利益となった。さらに、これらの結果により日本人のスポーツの理解と興味の向上などが期待されたのである。このため、テレビ視聴率が大幅に向上し、このような結果にはチームの活躍と共に多くの人々がテレビのつながり方や番組編成などについて考え、それによって視聴率が向上するようになったのである。これは、日本のスポーツ観戦文化やメディア表現にも新たな面をもたらすこととなり、テレビ視聴量が大幅に増加した。
助長,34,34,原文,128,1.0,2023年8月15日、プロサッカーリーグJ1レギュラー戦でFC東京が川崎フロンターレを3対2と破りました。試合終盤の激しい攻防の中、東京の古橋亨梧が決勝点を挙げ、勝利を決定づけました。観客動員数は約3万8千人となり、熱狂的な応援が選手たちを後押ししました。
助長,34,34,1人目,246,0.37034057906080836,2023年8月15日、プロサッカーリーグJ1のレギュラー戦でFC東京が川崎フロンターレと対戦するという大一番の試合で、強豪チームであるFC東京が、激しい攻防の中に臨み立ちつつある強い決意を示したものの、相手である川崎フロンターレもそれらに対抗して奮闘しながら、その緊張感と熱気を味わわせる競技の場を作りました。試合終盤には激しい攻防の中でFC東京の古橋亨梧が決勝点を挙げ、勝利を決定づけました。そして観客は、試合会場に満員になりつつあった約3万8千人の熱狂的な応援が選手たちを後押ししました。
助長,34,34,2人目,293,0.28657515496931346,2023年8月15日、プロサッカーリーグJ1のレギュラー戦でFC東京が川崎フロンターレと対決するという重要な試合において、強固な意志を持ったFC東京が、激しい攻防の中に立ちはだかって闘いを続けていたものの、その姿は相手チームである川崎フロンターレにも伝わり、このチームも、それらに対抗して奮闘しながら、その緊張感と熱気を競技場全体で味わわせるような試合を作り出しました。試合終盤には激しい攻防の中でFC東京の古橋亨梧選手が決勝点を挙げ、チームの勝利を決定づけることになりました。そして試合会場に満員になっていた約3万8千人の熱狂的な観客たちの声援は選手たちをさらに後押ししてくれました。
助長,34,34,3人目,373,0.2192383891301568,2023年8月15日、プロサッカーリーグJ1のレギュラー戦でFC東京が川崎フロンターレと対決するという非常に重要な試合において、強固な意志を持った.FC東京は、その強力な闘志を大事にする選手が率いるチームとして、この日のこの試合で相手チームである川崎フロンターレにもその姿勢や意気込みが伝わって、激しい攻防の中に立ちはだかって闘いを続けていたものの、そのような状況の中でも、両チームはそれぞれに対抗して奮闘しながら、その緊張感と熱気を競技場全体で味わわせるように試合を作り出していました。試合終盤には激しい攻防の中でFC東京の古橋亨梧選手が、決勝点となる決定的な得点を挙げたので、チームの勝利を決定づけることになりました。そしてそのような状況の中でも、試合会場に満員になっていた約3万8千人の熱狂的な観客たちの声援は、さらに後押ししてくれました。
助長,34,34,4人目,570,0.1735602469055593,2023年8月15日、プロサッカーリーグJ1のレギュラー戦でFC東京が川崎フロンターレと対決するこの非常に重要な試合において、それまでの勝利の連続を維持し続けることと言う大きな目標を持った.FC東京は、その強力な闘志と、チームとしての絆が深く結ばれた選手が率いるチームとして、この日のこの試合で相手チームである川崎フロンターレにもその姿勢や意気込みが伝わって、激しい攻防の中に立ちはだかって闘いを続けていたものの、そのような状況の中でも、両チームはそれぞれに対抗して奮闘しながら、その緊張感と熱気を競技場全体で味わわせるように試合を作り出していました。そしてその選手達がこの試合において、どのような形態で活躍するかという点についても、それぞれの戦略や技術力に応じた選手それぞれの活躍ぶりによって、それぞれのチームを代表して、必ずしも同様な形では実現できなかったものの、その試合においてはFC東京と川崎フロンターレの両チームの選手がそれぞれそれぞれ異なる役割を果たすこととなりました。試合終盤には激しい攻防の中でFC東京の古橋亨梧選手が、決勝点となる決定的な得点を挙げたので、チームの勝利を決定づけることになりました。そしてそのような状況の中でも、試合会場に満員になっていた約3万8千人の熱狂的な観客たちの声援は、さらに後押ししてくれました。
助長,34,34,5人目,528,0.22116668425921843,2023年8月15日、プロサッカーリーグJ1のレギュラー戦でFC東京が川崎フロンターレと対決するこの非常に重要な試合において、それまでの勝利の連続を維持し続けることと言う大きな目標を持った。FC東京は、チームとしての絆が深く結ばれた選手達が率いるチームとして、この日のこの試合で相手チームである川崎フロンターレにもその強力な闘志や意気込みが伝わっています。激しい攻防の中に立ちはだかって闘いを続けていたものの、そのような状況の中でも、両チームはそれぞれに対抗して奮闘しながら、その緊張感と熱気を競技場全体で味わわせるように試合を作り出していました。FC東京にとって、特に選手の活躍ぶりに関係する点では、それぞれの戦略や技術力に応じた選手それぞれが異なる役割を果たし、それぞれのチームを代表しました。その試合においてはFC東京と川崎フロンターレの両チームの選手がそれぞれそれぞれ異なる役割を果たすこととなりました。試合終盤には激しい攻防の中でFC東京の古橋亨梧選手が、決勝点となる決定的な得点を挙げ、それによってチームの勝利を決定づけました。このような状況の中でも、試合会場に満員になっていた約3万8千人の熱狂的な観客たちの声援はさらに後押ししてくれました。
助長,34,34,6人目,537,0.2175792514659474,2023年8月15日、プロサッカーリーグJ1のレギュラー戦でFC東京が川崎フロンターレと対決するこの非常に重要な試合において、それまでの勝利の連続を維持し続けることと言う大きな目標を持った。FC東京は、チームとしての絆が深く結ばれた選手達が率いるチームとして、この日のこの試合で相手チームである川崎フロンターレにもその強力な闘志や意気込みが伝わっています。激しい攻防の中に立ちはだかって闘いを続けていたものの、そのような状況の中でも、両チームはそれぞれに対抗して奮闘しながら、その緊張感と熱気を競技場全体で味わわせるように試合を作り出していました。FC東京にとって、特に選手の活躍ぶりに関係する点では、それぞれの戦略や技術力に応じた選手それぞれが異なる役割を果たし、それぞれのチームを代表しました。そのような状況の中でも、この試合においてはFC東京と川崎フロンターレの両チームの選手がそれぞれ異なる役割を果たすこととなりました。試合終盤には激しい攻防の中で、FC東京の古橋亨梧選手が、決勝点となる決定的な得点を挙げ、それによってチームの勝利を決定づけました。このような状況の中でも、試合会場に満員になっていた約3万8千人の熱狂的な観客たちの声援はさらに後押ししてくれました。
助長,34,34,7人目,565,0.20744779423478918,2023年8月15日、プロサッカーリーグJ1のレギュラー戦でFC東京が川崎フロンターレと対決するこの非常に重要な試合において、それまでの勝利の連続を維持し続けることや、この時点でのチームの評価やメディアからの注目を集めることなどの大きな目標を持った。FC東京は、チームとしての絆が深く結ばれた選手達が率いるチームとして、この日のこの試合で相手チームである川崎フロンターレにもその強力な闘志や意気込みが伝わっています。このような状況の中で、両チームの選手はそれぞれに対抗して奮闘しながら、その緊張感と熱気を競技場全体で味わわせるように試合を作り出していました。激しい攻防の中に立ちはだかって戦いを続けていたFC東京にとって、特に選手の活躍ぶりに関係する点では、それぞれの戦略や技術力に応じた選手それぞれが異なる役割を果たし、それぞれのチームを代表しました。そのような状況の中でも、この試合においてはFC東京と川崎フロンターレの両チームの選手がそれぞれ異なる役割を果たすこととなりました。試合終盤には激しい攻防の中で、FC東京の古橋亨梧選手が、決勝点となる決定的な得点を挙げ、それによってチームの勝利を決定づけました。このような状況の中でも、試合会場に満員になっていた約3万8千人の熱狂的な観客たちの声援はさらに後押ししてくれました。
助長,34,34,8人目,623,0.18643862482106283,2023年8月15日、プロサッカーリーグJ1のレギュラー戦でFC東京が川崎フロンターレと対決するこの非常に重要な試合において、それまでの勝利の連続を維持し続けることや、この時点でのチームの評価やメディアからの注目を集めることなどの大きな目標を持った。FC東京は、チームとしての絆が深く結ばれた選手達が率いるチームとして、この日のこの試合で相手チームである川崎フロンターレにもその強力な闘志や意気込みが伝わっています。このような状況の中で、両チームの選手たちはそれぞれに対抗して奮闘しながら、その緊張感と熱気を競技場全体に満遍なく感じさせて、試合を作り出していました。激しい攻防の中に立ちはだかって戦いを続けていたFC東京にとっては、これまでの勝利の連続を維持し続けることや、この時点でのチームの評価が大きく影響するこの非常に重要な試合で、特に選手の活躍ぶりに関係する点では、それぞれの戦略や技術力に応じた選手それぞれが異なる役割を果たし、それぞれのチームを代表しました。そのような状況の中でも、この試合においてはFC東京と川崎フロンターレの両チームの選手がそれぞれ異なる役割を果たすこととなりました。試合終盤には激しい攻防の中で、FC東京の古橋亨梧選手が、決勝点となる決定的な得点を挙げ、それによってチームの勝利を決定づけました。このような状況の中でも、試合会場に満員になっていた約3万8千人の熱狂的な観客たちの声援はさらに後押ししてくれました。
助長,34,34,9人目,607,0.19296366246455232,2023年8月15日、この日行われたプロサッカーリーグJ1のレギュラー戦でFC東京が川崎フロンターレと対戦したこの大事な試合において、それまでの勝利の連続を守り通し、そして現在のチームの評価やメディアからの注目を集めることなどの重大な目標を持って臨んだ。FC東京は、そのような状況の中でもチームとして強固に結ばれた選手たちが率いるチームとして、この日のこの試合で相手である川崎フロンターレにも、強い闘志と高い意気込みを伝えていました。このような中での両チームの選手たちは、それぞれ対抗して激しく奮闘しながら、その緊張感と熱気を競技場全体に広く感じさせ、試合を作り出していました。激しい攻防の中で立ちはだかったFC東京にとっては、これまでの勝利の連続を守ることに大きな影響があるこの非常に重要な試合であり、特に選手の活躍ぶりに直接関係する点では、それぞれの戦略や技術力に応じた選手それぞれが異なる役割を果たし、それぞれのチームを代表しました。そのような状況の中でも、この試合においてはFC東京と川崎フロンターレの両チームの選手がそれぞれ、違った役割を果たすこととなりました。試合終盤には激しい攻防の中で、FC東京の古橋亨梧選手が決勝点となる決定的な得点を挙げ、それによってチームの勝利を確定させました。このような状況の中でも、競技場に満員になっていた約3万8千人の熱狂的な観客たちの声援はさらに後押ししてくれました。
助長,34,34,10人目,607,0.19296366246455232,2023年8月15日、この日行われたプロサッカーリーグJ1のレギュラー戦でFC東京が川崎フロンターレと対戦したこの大事な試合において、それまでの勝利の連続を守り通し、そして現在のチームの評価やメディアからの注目を集めることなどの重大な目標を持って臨んだ。FC東京は、そのような状況の中でもチームとして強固に結ばれた選手たちが率いるチームとして、この日のこの試合で相手である川崎フロンターレにも、強い闘志と高い意気込みを伝えていました。このような中での両チームの選手たちは、それぞれ対抗して激しく奮闘しながら、その緊張感と熱気を競技場全体に広く感じさせ、試合を作り出していました。激しい攻防の中で立ちはだかったFC東京にとっては、これまでの勝利の連続を守ることに大きな影響があるこの非常に重要な試合であり、特に選手の活躍ぶりに直接関係する点では、それぞれの戦略や技術力に応じた選手それぞれが異なる役割を果たし、それぞれのチームを代表しました。そのような状況の中でも、この試合においてはFC東京と川崎フロンターレの両チームの選手がそれぞれ、違った役割を果たすこととなりました。試合終盤には激しい攻防の中で、FC東京の古橋亨梧選手が決勝点となる決定的な得点を挙げ、それによってチームの勝利を確定させました。このような状況の中でも、競技場に満員になっていた約3万8千人の熱狂的な観客たちの声援はさらに後押ししてくれました。
助長,35,35,原文,122,1.0,2023年8月15日、プロ野球の試合中継において、広島東洋カープのエースが渾身のストレートでサヨナマホームランを放ち、観客を熱狂させた。その瞬間、スタジアム全体に興奮と感動が爆発し、勝利を確信したチームメイトや監督との喜びの感情表現が見られた。
助長,35,35,1人目,191,0.28541262671079903,2023年8月15日午後4時ごろ、プロ野球の試合中継において、広島東洋カープのエースピッチャーが絶倫のストレートでサヨナマホームランを放ち、観客席の全員が大きな感動と歓喜の感情に包まれるように唸り上げた。そのとき、スタジアム内ではエンゼルス・スタジアムの空気は厚密度の濃いものとなり、それと同時に勝負が決まったという確信を感じるチームメイトや監督の喜びの表情も目にすることができた。
助長,35,35,2人目,218,0.15535239279528085,2023年8月15日午後4時ごろ、プロ野球の試合中継で、広島東洋カープのエースピッチャーが絶倫のストレートを投げてサヨナマホームランを打ち上げた。打球はスタンドの高さにもかかわらず観客席全員から大きく飛び出して行き、場内は大きな感動と歓喜の感情でいっぱいになった。そのとき、球場内ではエンゼルス・スタジアムの空気が厚密度の濃いものとなり、それと同時に試合が決まったという確信を感じるチームメイトや監督の喜びの表情も目にすることができた。
助長,35,35,3人目,276,0.16643687092954043,2023年8月15日午後4時ごろ、プロ野球の試合中継で、広島東洋カープのエースピッチャーが絶倫のストレートを投げてサヨナマホームランを打ち上げた。そして、その打球はスタンドの高さにもかかわらず観客席全員から大きく飛び出して行き、場内は大きな感動と歓喜の感情でいっぱいになった。そのとき、球場内ではエンゼルス・スタジアムの空気が厚密度の濃いものとなり、それと同時に試合が決まったという確信を感じるチームメイトや監督の喜びの表情も目にすることができた。そして、その勝利の瞬間は球場内の熱気と一体化し、広島東洋カープの選手達は感動の涙を流しながら喜んでいた。
助長,35,35,4人目,293,0.1547081353327956,2023年8月15日午後4時ごろ、プロ野球の試合中継で、広島東洋カープのエースピッチャーが驚異的なストレートを投げてサヨナマホームランを打ち上げた。そして、その打球はスタンドの高さにもかかわらず観客席全員から幅広い範囲にわたって大きく飛び出して行き、場内ではすばらしい感動と大きな歓喜の感情でいっぱいになった。そのとき、球場内ではエンゼルス・スタジアムの空気が厚密度の濃いものとなり、それと同時に試合が決まったという確信を感じるチームメイトや監督の喜びの表情も目にすることができた。そして、その勝利の瞬間は球場内の熱気と一体化し、広島東洋カープの選手達は感動の涙を流しながら喜んでいた。
助長,35,35,5人目,435,0.11102039431353378,2023年8月15日午後4時ごろ、プロ野球の試合中継で、広島東洋カープのエースピッチャーが驚異的なストレートを投げてサヨナマホームランを打ち上げた。サヨナマホームランはその直径と重さによっても球場内に大きな衝撃を与え、その打球はスタンドの高さにもかかわらず観客席全員から幅広い範囲にわたって大きく飛び出して行き、さらにその動きの中で周りを回った時には、場内ではすばらしい感動と大きな歓喜の感情が共存していた。そして、その直径はまさしく球界屈指のものでありながらも、打球は球場内を円形状に飛び出して行き、三塁から二塁までのラインを跨いでおり、その直線運動の中にもいくつかの回転があり、またその角度は高く水平だった。場内ではすばらしい感動と大きな歓喜の感情が広がっていて、それと同時に試合が決まったという確信を感じるチームメイトや監督の喜びの表情も目にすることができた。そして、その勝利の瞬間は球場内の熱気と一体化し、広島東洋カープの選手達は感動の涙を流しながら喜んでいた。
助長,35,35,6人目,455,0.11483802127823754,2023年8月15日午後4時ごろ、プロ野球の試合中継で、広島東洋カープのエースピッチャーが驚異的なストレートを投げてサヨナマホームランを打ち上げた。このときのスタンドでは、大きな衝撃を与えるほどの重さと直径を持つ球が、高いところから飛び出して、幅広く周囲に達し、観客全員が大いに感動していた。試合中のこの激しい場面で、三塁から二塁までのラインを跨ぐような速さを持ちながらも、その直径はまさしく球界屈指のものだった。それだけでなく、この打球は、打者に好機を与えるという点でも極めて重要な一撃であった。球は三塁側からスタンドに飛び込んだところで大きく回転しながら落ちていった。また、その直線運動の中にもいくつかの回転があり、さらにその角度は高く水平だった。試合が決まったという確信を感じさせるチームメイトや監督の喜びの表情を見てもとれるほど、それと同時にすばらしい感動と大きな歓喜の感情が球場内に広がっていた。そして、その勝利の瞬間は球場内の熱気と一体化し、広島東洋カープの選手達は感動の涙を流しながら喜んでいた。
助長,35,35,7人目,459,0.11402493617561378,2023年8月15日午後4時ごろ、プロ野球の試合中継で広島東洋カープのエースピッチャーが驚異的なストレートを投げてサヨナマホームランを打ち上げた。このときのスタンドでは、大きな衝撃を与えるほどの重さと直径を持つ球が、高いところから飛び出して、幅広く周囲に達し、観客全員が大いに感動していた。試合中のこの激しい場面で、三塁から二塁までのラインを跨ぐような速さを持たせるのに加え、その直径はまさしく球界屈指のものだった。それだけでなく、この打球は、打者に好機を与えるという点でも極めて重要な一撃であった。球は三塁側からスタンドに飛び込んだところで大きく回転しながら落ちていった。また、その直線運動の中にもいくつかの回転があり、それとともにその角度は高く水平だった。試合が決まったという確信を感じさせるチームメイトや監督の喜びの表情を見てもとれるほど、それと同時にすばらしい感動と大きな歓喜の感情が球場内に広がっていた。そして、その勝利の瞬間は球場内の熱気と一体化し、広島東洋カープの選手達は感動の涙を流しながら喜んでいた。
助長,35,35,8人目,464,0.12001328624750568,2023年8月15日午後4時ごろ、プロ野球の試合中継で広島東洋カープのエースピッチャーが驚異的なストレートを投げてサヨナマホームランを打ち上げた。このときのスタンドでは、大きな衝撃を与えるほどの重さと直径を持つ球が、高いところから飛び出して、極めて広く周囲に達し、観客全員が大いに感動していた。試合中のこの激しい場面で、三塁から二塁までのラインを跨ぐような速さを持たせるのに加え、その直径は球界において実に圧倒的なものだった。それだけでなく、この打球は、打者に好機を与えるという点でも極めて重要な一撃であった。球は三塁側からスタンドに飛び込んだところで大きく回転しながら落ちていき、それとともにいくつかの回転があり、それらの回転によってその角度は高く水平に保たれていた。試合が決まったという確信を感じさせるチームメイトや監督の喜びの表情を見てもとれるほど、それと同時にすばらしい感動と大きな歓喜の感情が球場内に広がっていた。そして、その勝利の瞬間は球場内の熱気と一体化し、広島東洋カープの選手達は感動の涙を流しながら喜んでいた。
助長,35,35,9人目,457,0.11003504355675219,2023年8月15日午後4時ごろ、プロ野球の試合中継で広島東洋カープのエースピッチャーが驚異的なストレートを投げてサヨナマホームランを打ち上げた。このときのスタンドでは、大きな衝撃を与えるほどの重さと直径を持つ球が、高いところから飛び出して、極めて広く周囲に達し、観客全員が大いに感動していた。試合中のこの激しい場面で、三塁から二塁までのラインを跨ぐような速さを持たせるのに加え、その直径は球界において実に圧倒的なものだった。それだけでなく、この打球は、打者に好機を与えるという点でも極めて重要な一撃であった。球は三塁側からスタンドに飛び込んだところで大きく回転しながら落ちていき、それとともにいくつかの回転があり、それらの回転によってその角度は高く水平に保たれていた。この打球が、試合の勝利を決定づける大きな刺激にもなった。球場内では、この一撃によって、熱気と歓喜の感情が広がり、広島東洋カープの選手達が感動の涙を流しながら喜んでいた。その瞬間は、試合の中で最も大きな勝利を得たという確信を感じさせるものだった。
助長,35,35,10人目,457,0.11003504355675219,2023年8月15日午後4時ごろ、プロ野球の試合中継で広島東洋カープのエースピッチャーが驚異的なストレートを投げてサヨナマホームランを打ち上げた。このときのスタンドでは、大きな衝撃を与えるほどの重さと直径を持つ球が、高いところから飛び出して、極めて広く周囲に達し、観客全員が大いに感動していた。試合中のこの激しい場面で、三塁から二塁までのラインを跨ぐような速さを持たせるのに加え、その直径は球界において実に圧倒的なものだった。それだけでなく、この打球は、打者に好機を与えるという点でも極めて重要な一撃であった。球は三塁側からスタンドに飛び込んだところで大きく回転しながら落ちていき、それとともにいくつかの回転があり、それらの回転によってその角度は高く水平に保たれていた。この打球が、試合の勝利を決定づける大きな刺激にもなった。球場内では、この一撃によって、熱気と歓喜の感情が広がり、広島東洋カープの選手達が感動の涙を流しながら喜んでいた。その瞬間は、試合の中で最も大きな勝利を得たという確信を感じさせるものだった。
助長,36,36,原文,98,1.0,2023年5月、東京都の新宿御苑で、記録的な猛暑が観測されました。気温は40℃近くまで上昇し、多くの観光客や市民が熱中症で救護所を利用しました。植物への影響も懸念され、水やり頻度などが調整された。
助長,36,36,1人目,130,0.3333918220446642,2023年5月に東京都の新宿御苑では、記録的な異常な暑さの状況が観測されていました。その気温は40℃に近いまで上昇し、それにより多くの訪問者や住民が高熱症で医療施設を利用することになりました。植物への影響についても懸念され、水やりなどの調節が行われていました。
助長,36,36,2人目,217,0.2305196206495316,2023年5月の新宿御苑では、記録的な異常な暑さの状況が観測され、気温は40℃に近いまで上昇しました。このような高熱症により、多くの訪問者や住民が医療施設を利用することになりました。同時に、植物への影響についても懸念されており、そのため水やりの調節などが行われていました。気温の上昇の度合いは非常に高く、観光や生活に大きな影響を与えました。そのような状況下では、都市部における緑の面積を維持することが非常に重要な課題となっていました。
助長,36,36,3人目,221,0.1510604313067907,2023年5月の新宿御苑での観察では、記録的な異常な暑さの状況が起こり、気温は40℃に近いまで大幅に向上しました。このような高熱症により、訪問者や住民は非常に多い割合で医療施設を利用することになりました。同時に、植物への影響についても懸念され、そのため水やりの調節などが行われていました。気温の上昇の度合いは非常に高く、観光や生活に大きな影響を与えました。そのような状況下では、都市部における緑の面積の維持が非常に重要な課題となっていました。
助長,36,36,4人目,315,0.13733788822473275,2023年5月の新宿御苑での観察において、記録的な異常な暑さが顕著に現れ、気温は40℃に近いまで大幅に向上したという事実が確認されました。このような高熱症を引き起こす状況により、訪問者や住民の多くが医療施設を利用することになり、急性の病状の発症例も増加しました。その一方で、この気温の上昇は植物の健康にも重大な影響を与えました。水やりの調節などの対策が採られ、観察中に植物への配慮に基づいた管理が行われていました。このような厳しい状況下では、都市部における緑面積の維持に関して特別な注意と懸念が寄せられるようになりました。都市部においては緑面積を十分に保全することが大きな課題となり、そのためにさまざまな対策が検討されていました。
助長,36,36,5人目,297,0.10365642373637116,2023年5月新宿御苑での観察で記録的な異常な暑さの影響が顕著になり、気温は40℃に近いまで大幅に向上したと確認しました。このような高熱症を引き起こす状況により、訪問者や住民の多くが医療施設を利用することになり急性の病状の発症例も増加し、この気温の上昇は植物の健康に重大な影響を与えました。水やりの調節などの対策が採られ、観察中に植物への配慮に基づいた管理が行われていました。このような厳しい状況下では都市部における緑面積の維持に関して特別な注意と懸念が寄せられるようになります。都市部においては緑面積を十分に保全することが大きな課題となり、そのためにさまざまな対策を検討し、実践していました。
助長,36,36,6人目,299,0.10446553265815148,2023年5月新宿御苑での観察では、記録的な異常な暑さの影響が顕著になり、気温は40℃に近いまで大幅に向上したと確認しました。このような高熱症を引き起こす状況により、訪問者や住民の大勢が医療施設を利用することになり急性の病状の発症例も増加し、この気温の上昇は植物の健康に重大な影響を与えました。水やりの調節などの対策が採られ、観察中に植物への配慮に基づいた管理が行われていました。このような厳しい状況下では都市部における緑面積の維持に関して特別な注意と懸念が寄せられるようになります。都市部においては緑面積を十分に保全することが大きな課題となり、そのためにさまざまな対策を検討し、実践していました。
助長,36,36,7人目,400,0.08477274405751604,2023年5月新宿御苑での観察では、記録的な異常な暑さの影響が顕著になり、気温は40℃に近いまで大幅に向上したと確認しました。このような高熱症を引き起こす状況により、訪問者や住民の大勢が医療施設を利用することになり急性の病状の発症例も増加し、この気温の上昇は植物の健康に重大な影響を与えました。水やりの調節などの対策が採られ、観察中に植物への配慮に基づいた管理が行われていました。このような厳しい状況下では都市部における緑面積の維持に関して特別な注意と懸念が寄せられるようになります。都市部においては緑面積を十分に保全することが大きな課題となり、そのためにさまざまな対策を検討し、実践していました。したがって、都市部における緑面積の維持に関して、特別な注意と懸念の必要性が高まり、緑面積を十分に保全することが求められていて、これは都市化と緑の減少という相反する現象が生じていることからも明らかでした。
助長,36,36,8人目,388,0.10922177232212178,2023年5月新宿御苑での観察においては、極めて異常な高温の中で、記録的な気温の上昇を確認しました。このような高熱症を引き起こす環境の影響により、訪問者や住民の大勢が医療施設を利用し急性病状を発症するケースも増加し、その高温上昇は植物の健康に深刻な悪影響を及ぼしていました。気温40℃を超えたほど大幅に上昇したこの状況の中で、水やりの調節などの対策が採られ、観察中に植物への配慮に基づいた管理が行われていました。このような厳しい環境下では都市部における緑面積の維持に関して特に高い注意と懸念が寄せられ始めました。都市部においては緑面積を十分に保全することが極めて難しくなり、そのためにさまざまな対策を検討し実践していました。したがって、都市部における緑面積の維持に関して特別な注意と懸念が必要となり、これは都市化と緑の減少という相反する現象が生じていることからも明らかでした。
助長,36,36,9人目,450,0.1134551944273266,2023年5月新宿御苑での観察においては、厳しい高温の中で、記録的な気温の上昇を確認しました。このような異常な高熱症を引き起こす環境の影響により、訪問者や住民の大勢が医療施設を利用し急性病状を発症するケースも増加し、その高温上昇は植物の健康に深刻な悪影響を及ぼしていました。気温40℃を超えたほど大幅に上昇したこの状況の中で、水やりの調節などの対策が採られ、観察中に植物への配慮に基づいた管理が行われていました。このような厳しい環境下では都市部における緑面積の維持に関して特に高い注意と懸念が寄せられ始めました。都市部においては緑面積を十分に保全することが極めて難しくなり、そのためにさまざまな対策を検討し実践していました。その際には、都市化によって緑の減少につながることや、緑面積を維持しないと環境の悪化につながる可能性などが懸念されていました。したがって、都市部における緑面積の維持に関して特別な注意と懸念が必要となり、これは都市化と緑の減少という相反する現象が生じていることからも明らかでした。
助長,36,36,10人目,476,0.09085576492629192,2023年5月新宿御苑での観察では、厳しい高温の中を通して記録的な気温の上昇が確認された。このような異常な高熱症を引き起こす環境の影響により、訪問者や住民の大勢が医療施設を利用し急性病状を発症するケースも増加した。その高温上昇は植物の健康に深刻な悪影響を及ぼしており、気温40℃を超えたほど大幅に上昇したこの状況の中で、水やりの調節などの対策が採られていた。このような厳しい環境下では都市部における緑面積の維持に関して特に高い注意と懸念が寄せられ始めており、そのような状況の中で都市部においては緑面積を十分に保全することが極めて難しくなっていた。そのためにさまざまな対策を検討し実践していました。それらの際には、都市化によって緑の減少につながることや、緑面積を維持しないと環境の悪化につながる可能性などが懸念されていました。また、緑面積をどのように維持するかという点についても深刻な問題として議論されていました。都市部における緑面積の維持に関して特別な注意と懸念が必要となり、それは都市化と緑の減少という相反する現象が生じていることからも明らかでした。
助長,37,37,原文,105,1.0,2021年、記録的な大雨により、山間部の小川が氾濫し、周辺の農地や道路に浸水被害をもたらした。宅地後背地の整備が進む中で、河川の保全意識が低下していたことが要因の一つと考えられ、排水施設の老朽化も影響を与えた。
助長,37,37,1人目,142,0.28354211426958065,2021年、記録的な大雨の激しい降雨により山間部の小川の氾濫が発生し、その結果周辺の農業地帯や道路に広範囲の浸水被害が生じた。このような災害は、過去の宅地後背地区整備の進展とともに河川保全意識の低下をもたらしていたことを指摘しており、また排水施設の老朽化もこの被害の要因となっていた。
助長,37,37,2人目,209,0.16105489291491537,2021年、記録的な大雨の激しい降雨が山間部で集中し、その結果に小川が氾濫を起こした。それにより周辺地域の中核農業地帯や重要な交通路に広範囲にわたる浸水被害が発生し、この地域は深刻な災害の影響を受けた。このような重大な災害は、過去において宅地後背地区整備が進んだこととともに河川保全意識の低下をもたらすという問題点を指摘している。さらに、この被害の原因となった要因として、古くなって老朽化した排水施設も指摘されている。
助長,37,37,3人目,210,0.09767798962890795,2021年には記録的な大雨が山間部で激しい降雨を引き起こし、これに小川は氾濫を起こしてしまい、それにより周辺地域の中核農業地帯や重要な交通路に広範囲にわたる浸水被害が発生した。したがって、この地域は深刻な災害の影響を受けた。このような重大な災害は過去において、宅地後背地区整備の進展とともに河川保全意識の低下をもたらすという問題点を指摘している。そしてこの被害の原因として、古くなって老朽化した排水施設も指摘されている。
助長,37,37,4人目,228,0.09845181253165734,2021年の夏には記録的な大雨が山間部で極めて激しい降雨を引き起こし、これに小川は大きく氾濫を起こしてしまい、それにより周辺地域の中核農業地帯や交通路に至る最重要道路に広範囲にわたる浸水被害が発生した。したがって、この地方は重大で深刻な災害の影響を受けた。このような大きな災害は過去において、宅地後背地区整備の進展とともに河川保全意識の低下をもたらすという問題点を指摘している。そしてこの被害の原因として、古くなって老朽化した排水施設も目立つようになった。
助長,37,37,5人目,233,0.09536460585143791,2021年の夏には山間部で特異的な大雨が発生し、それにより極めて激しい降雨量を引き起こしてしまい、小川は大きく氾濫を起こしてしまい、周辺地域の中核農業地帯や交通路に至る最重要道路に広範囲にわたる浸水被害が発生した。結果として、この地方は深刻で重大な災害の影響を受けた。このような大きな災害は過去において宅地後背地区整備の進展とともに河川保全意識の低下をもたらすという問題点を指摘している。そしてこの被害の原因として、古くなって老朽化した排水施設が目立つようになった。
助長,37,37,6人目,281,0.0914886710156053,2021年の夏の時期には、山間部で非常にまれな大雨が発生し、その結果により過去最も激しかった降雨量を記録してしまい、小川は大きく氾濫を引き起こしてしまい、それによって周辺地域の中核農業地帯や交通路に至る最重要道路に広範囲にわたる浸水被害が発生した。こうした大きな災害の結果として、この地方は深刻で重大な災害の影響を受けた。このような大きな災害が過去において宅地後背地区整備の進展とともに河川保全意識の低下をもたらすという問題点を指摘している。そしてこの被害の原因について調査した結果、古くなって老朽化した排水施設が目立つようになったことが大きな要因となっている。
助長,37,37,7人目,293,0.09324342197586029,2021年夏の山間部ではとてもまれな大雨が降り出し、それによって過去最も激しい降雨量を記録することになり、さらに小川は大きく氾濫してしまい、それによって周辺地域の中核農業地帯や交通路に至る最重要道路に広範囲にわたって浸水被害が発生した。そのような大きな災害の結果として、この地方は深刻で重大な災害の影響を受けたということが実証されている。そしてこのような特に重大な大雨災害が過去において宅地後背地区整備の進展とともに河川保全意識の低下をもたらすという問題点を指摘している。そしてこの被害について調査した結果、古くなって老朽化した排水施設が目立つようになったことが大きな要因となっている。
助長,37,37,8人目,349,0.10037122433524238,2021年夏に山間部地域で降り出したとてもまれな大雨は過去最も激しい降雨量を記録することになり、さらに小川は大きく氾濫してしまい、それによって周辺の中核農業地帯や交通路に通じる最重要道路にも広範囲にわたって浸水被害が発生した。このような大きな災害の結果として、この地方では深刻で重大な災害の影響を受けたということが実証されている。そして、特にこのような重大な大雨災害は過去においても宅地後背地区整備の進展とともに河川保全意識の低下を引き起こす問題点を指摘している。被害の調査により、この地域で目立つようになったのが古くなって老朽化した排水施設であることがわかり、かつては新しい施設が整備されたばかりであった。しかし、ある時期から後述するような管理が疎かになっていった結果ではないかと考えられている。
助長,37,37,9人目,319,0.11401983021,2021年夏に山間部地域で降り出した大雨は異例の激しさを持ち、その強さは過去最大規模の降雨量を記録した。降雨により小川が氾濫し、周辺の中核農業地帯や交通路を結ぶ主要道路にも広範囲にわたって浸水被害が発生した。この大災害の結果として、この地域は深刻で重大な被害を受けたということが実証されている。そして、このような重大な雨災害は過去においても、宅地後背地区整備の進展とともに河川保全意識の低下を引き起こす問題点となることが指摘されてきた。この被害について調べた結果、地域では老朽化した排水施設が目立つようになったことがわかり、この地域ではかつて新しい施設が整備されたばかりであった。しかし、ある時期から管理に疎かになっていった可能性がある。
助長,37,37,10人目,377,0.11534803711549609,2021年夏の山間部地域で降り出した大雨は、その強さの程頭が痛かった。それほどひどい降雨量を記録し、それ自体が過去最大規模の水準であることが実証されている。豪雨により、周辺の中核農業地帯や幹線道路に通じる主要交通路にも広範囲にわたって浸水被害が発生した。この大災害の結果として、この地域では深刻で重大な損害を受けたということが事実として確認された。そして、このような大雨による災害は過去においても、宅地後背地区の整備の進展とともに河川保全意識の低下を引き起こす問題点になっていることが指摘されてきた。この被害について調べた結果、地域では老朽化した排水施設が目立つようになったことがわかった。それでもかくなるまでは、新しい施設が整備されていて、管理にも十分な注意を払っていた。しかし、その後ある時期から管理に疎かになっていった可能性があると考えられている。
助長,38,38,原文,122,1.0,2023年7月、豪州東部のシドニー湾沿岸地域で記録的な干ばつが続き、海面水位が著しく低下した。普段は賑わう港の底には大量の貝類や魚類が晒され、生態系に深刻な影響が出たと考えられる。気温上昇と降水量の減少が複合的に作用し、異常事態を引き起こした。
助長,38,38,1人目,205,0.3942326839293696,2023年7月、豪州東部のシドニー湾沿岸地域で記録的な干ばつが続き、海面水位が著しく低下し、過去20年間の中では最も激しい降雨量減少を記録した。通常は賑わう港の底には多様な貝類や魚類が大量に泳いでおり、その繁栄ぶりが地域の生態系を支えていた。しかし、この干ばつにより海面水位の低下により、漁業活動にも影響が出てきた。そして気温の上昇と降水量の減少が重なって複雑になった結果、生態系に深刻な影響が出た疑いがある。
助長,38,38,2人目,254,0.2831853331679335,2023年7月、豪州東部のシドニー湾沿岸地域で記録的な干ばつが続き、その影響は海面水位に及んで著しく低下することで現れていた。この状況の中では過去20年間の中でも最も激しい降雨量減少を記録していた。通常は賑わう港の底には多様な貝類や魚類が大量に泳いでおり、その繁栄ぶりが地域の生態系を支えていた。しかし、この干ばつにより海面水位の低下による影響を受けて、漁業活動にもそのような影響が出てきた。気温の上昇と降水量の減少という二つの要因が重なって複雑になった結果、生態系に深刻な影響が出るようであった疑いがある。
助長,38,38,3人目,293,0.24954757244174142,2023年7月に豪州東部のシドニー湾沿岸地域で記録的な干ばつが続き、その影響は海面水位に著しく低下することで現れていた。この状況の中では過去20年間の中でも最も激しい降雨量減少を記録していた。通常、賑わう港の底には多様な貝類や魚類が大量に泳いでおり、その繁栄ぶりは地域の生態系を支えていた。しかも、水揚げされる魚介類は、この港の海岸沿いの食事として毎日食べられるものだった。しかし、この干ばつにより海面水位の低下による影響を受けて、漁業活動にもそのような影響が出てきた。気温の上昇と降水量の減少という二つの要因が重なって複雑になった結果、生態系に深刻な影響が出るようであった疑いがある。
助長,38,38,4人目,331,0.2036266809411104,2023年7月には、豪州東部にあるシドニー湾沿岸地域で記録的な干ばつが続き、その影響は海面水位に著しく低下することで現れていた。この状況の中では過去20年間の中でも最も激しい降雨量減少を記録していた。通常、この地域の港の底には、多様な貝類や魚類が大量に泳いでおり、その繁栄ぶりは地域の生態系を支えていた。そして、その港で水揚げされる魚介類は、この港の海岸沿いの食事として毎日食べられるものだった。しかも、この干ばつにより海面水位の低下による影響を受けて、漁業活動にもそのような影響が出てきた。気温の上昇と降水量の減少という二つの要因が重なって複雑になった結果、生態系に深刻な影響が出るようであった疑いがあるため、科学的調査を行うことが必要であると考えられていた。
助長,38,38,5人目,346,0.14577598277195422,2023年7月には、シドニー湾の沿岸地域で記録的な干ばつが続いており、その影響は海面水位に著しく低下することで現れていた。この状況の中では過去20年間の中でも最も激しい降雨量減少を記録していたということだった。通常、この地域の港は、多様な貝類や魚類の大量が泳いでいる場所で、その繁栄ぶりは地域の生態系を支えていた。そして、その港から水揚げされる魚介類は、海岸沿いの食事として毎日食べられていた。しかも、この干ばつにより海面水位の低下による影響を受けて、漁業活動にもそのような影響が出てきたということは明らかだった。気温の上昇と降水量の減少という二つの要因が重なって複雑になった結果、生態系に深刻な影響が出るようであった疑いがあり、それは科学的調査を行うことが必要であると考えられていたからだ。
助長,38,38,6人目,363,0.14355581214215846,2023年7月には、シドニー湾の沿岸地域における記録的な干ばつが続き、その状況はこの地域で過去20年間の中でも最も激しい降雨量減少をもたらしていた。この影響は海面水位に著しく低下し、この地域の生態系にとって深刻な結果をもたらし始めていた。通常、この地域の港は、多様な貝類や魚類が大量に泳いでいる繁栄した場所で、その豊かさは地域の生態系を支えていた。そして、その港から水揚げされる魚介類は、海岸沿いの食事として毎日食べられていた。そのような環境の中で、この干ばつにより海面水位の低下による影響を受けて、漁業活動にもそのような影響が出てきている。気温の上昇と降雨量の減少という二つの要因が重なって複雑になった結果、生態系に深刻な影響を与えるようになっていた疑いがあり、それは科学的調査を行うことが必要であると考えられていたからだ。
助長,38,38,7人目,426,0.14400085479513405,2023年7月には、この地域で過去20年間の中でも最も激しい降雨量減少が観察され、シドニー湾の沿岸地域における記録的な干ばつが続き、その状況は地域で深刻な問題となっていた。この干ばつにより海面水位に著しく低下し、この地域の生態系にとって深刻な結果をもたらしていた。通常、この地域の港は、多様な貝類や魚類が大量に泳いでいる繁栄した場所で、その豊かさは地域の生態系を支えていた。そして、その港から水揚げされる魚介類は、海岸沿いの食事として毎日食べられていた。しかも、この干ばつにより海面水位の低下による影響を受けて、漁業活動にもそのような影響が出てきていた。また、この地域で生息する魚種や貝種が、その数を減らしてしまっており、それは深刻な影響を与えていくことが予想された。気温の上昇と降雨量の減少という二つの要因が重なって複雑になった結果、生態系に深刻な影響を与えるようになっていた疑いがあり、それは科学的調査を行うことが必要であると考えられていたからだ。
助長,38,38,8人目,425,0.1462670843814348,2023年7月、この地域で過去20年間の中でも最も激しい降雨量減少が観察され、シドニー湾の沿岸地域における記録的な干ばつが続き、その状況は地域で深刻な問題となっていた。この干ばつにより海面水位に著しく低下し、この地域の生態系にとって深刻な結果をもたらしていた。通常、この地域の港は多様な貝類や魚類が大量に泳いでいる繁栄した場所であり、その豊かさは地域の生態系を支えていた。そして、その港から水揚げされる魚介類は、海岸沿いの食事として毎日食べられていた。しかも、この干ばつにより海面水位の低下による影響を受けて、漁業活動にもそのような影響が出てきていた。また、この地域で生息する魚種や貝種が、その数を減らしてしまっており、それは深刻な影響を与えていくことが予想された。気温の上昇と降雨量の減少という二つの要因が重なって複雑になった結果、生態系に深刻な影響を与えるようになっていた疑いがあり、それは科学的調査を行うことが必要であると考えられていたからだ。
助長,38,38,9人目,428,0.14840873809786245,2023年7月、この地域で過去20年間の中でも最も激しい降雨量減少が観察され、シドニー湾の沿岸地域における記録的な干ばつが続き、その状況は地域で深刻な問題となっていた。このような干ばつの影響により海面水位に著しく低下し、この地域の生態系にとって深刻な結果をもたらしていた。通常、この地域の港は多様な貝類や魚類が大量に泳いでいる繁栄した場所であり、その豊かさは地域の生態系を支えていた。そして、その港から水揚げされる魚介類は、海岸沿いの食事として毎日食べられていた。しかし、この干ばつにより海面水位の低下による影響を受けて、漁業活動にもそのような影響が出てきていた。この地域で生息する魚種や貝種が、その数を減らしてしまっており、それは深刻な影響を与えていくことが予想された。気温の上昇と降雨量の減少という二つの要因が重なって複雑になった結果、生態系に深刻な影響を与えるようになっていた疑いがあり、それは科学的調査を行うことが必要であると考えられていたからだ。
助長,38,38,10人目,439,0.1399790178059453,2023年7月、この地域で過去20年間の中でも最も激しい降雨量減少が観察され、シドニー湾の沿岸地域における記録的な干ばつの影響が深刻な問題となっていた。この状況はその地域の海面水位に著しく低下させ、そのような低下により生態系にとって深刻な結果をもたらしていた。通常、この地域の港には多くの貝類や魚類が大量に泳いでいる繁栄した場所があり、その豊かさはこの地域の生態系を支えていた。そして、それらを水揚げする際の魚介類は、海岸沿いの食事として毎日食べられていた。しかし、この干ばつによって海面水位の低下が引き起こされ、これにより漁業活動にも影響が出始めており、その地域で生息する魚種や貝種がその数を減らしてしまっており、それは深刻な影響を与えていくことが予想された。気温の上昇と降雨量の減少という二つの要因が重なり合い、複雑になりすぎて生態系に深刻な影響を与えるようになっていた疑いがあり、それは科学的調査を行うことによってその影響を確認することが必要であると考えられていたからだ。
助長,39,39,原文,101,1.0,2023年夏、豪雨により県内の河川が氾濫し、多くの家屋や農地を水没させた。浸水深は地域によって異なり、特に下流域では床上高止水位を超える被害が出た。避難指示が出され、住民は一時的に安全な場所に移動した。
助長,39,39,1人目,163,0.38895644743629254,2023年夏の激しい豪雨により、県内の主要河川が氾濫し、多くの家屋や農地を深く浸水させて被害を受けた。浸水の深さは地域によって異なるものの、特に下流域では床上高止水位を大幅に超える規模で被害が出たという情報が伝えられている。このような大雨による水没により、避難指示が出され、住民は一時的に安全な避難場所へ移動する必要があった。
助長,39,39,2人目,272,0.24818356926846089,2023年夏の激しい豪雨は、県内の主要河川を氾濫させて多くの家屋や農地が深く浸水し大きな被害を受けた。浸水の深さは地域によって異なっていたものの、特に下流域では床上高止水位の大幅超過規模で被害が出たという情報が伝えられている。これにより、避難指示が出され住民は一時的に安全な避難場所へ移動する必要があった。県内における大雨による氾濫は多くの家屋に重大な損傷を与えた。床上浸水により、家屋の装備や家具が被害を受け、農地では畑や果樹などの作物も深く水没し大きな損失となった。このような被害により、住民は安全な避難場所へ一時的に疎開する必要があった。
助長,39,39,3人目,286,0.20731198111925783,2023年夏の激しい豪雨の影響は、県内の主要河川を氾濫させて多くの家屋や農地が深く浸水し大きな被害を受けたと伝えられている。浸水の深さは地域によって異なっていたものの、その中でも特に下流域では床上高止水位の大幅超過規模で被害が出ていたという情報がある。県内での大雨による氾濫が生じたことで、避難指示が出され住民は一時的に安全な避難場所へ移動する必要があった。これにより多くの家屋に重大な損傷を与え、床上浸水により家屋の装備や家具が被害を受け、農地では畑や果樹などの作物も深く水没し大きな損失となった。このような被害により住民は安全な避難場所へ一時的に疎開する必要があった。
助長,39,39,4人目,303,0.23058341859252335,2023年夏の激しい豪雨が直面したことにより、県内の主要河川は氾濫を引き起こし、多くの家屋や農地を深く浸水させ、大きな被害をもたらしたと伝えられている。このため、浸水の深さは地域によって異なっていたが、その中でも特に下流域では床上高止水位の大幅超過規模で被害が出ていたという情報がある。また、この豪雨による氾濫により避難指示が出され、住民は一時的に安全な避難場所へ移動する必要があった。このために多くの家屋には重大な損傷を与え、床上浸水により家屋の装備や家具が被害を受け、農地では畑や果樹などの作物も深く水没し、大きな損失となった。住民はこのような被害によって安全な避難場所へ一時的に疎開する必要があった。
助長,39,39,5人目,292,0.21630789151744362,2023年夏の激しい豪雨が県内に襲来し、その結果として、主要河川の氾濫が発生した。それにより、多くの家屋や農地が深く浸水され、大きな被害をもたらすようになった。このように、豪雨によって引き起こされた浸水は地域によって異なり、下流域では特に被害が大きかったということが知られている。また、このような氾濫により避難指示が出され、住民は一時的に安全な避難場所へ移動する必要があった。このため多くの家屋には重大な損傷を与え、床上浸水によって家の装備や家具が被害を受けた。農地では畑や果樹などの作物も深く水没し、大きな損失となった。これにより住民は安全な避難場所へ一時的に疎開する必要があった。
助長,39,39,6人目,326,0.12484643222353246,2023年夏の激しい豪雨は県内に大きな影響を及ぼし、主要河川が氾濫したことが分かっている。それにより多くの家屋や農地が深く浸水され、大きな被害をもたらすようになった。このような状況では、その浸水による地域差についての情報も知られている。下流域には特に大きな被害を受けたと報告されている。また、氾濫の影響を受けて避難指示が出されたため、住民は一時的に安全な避難場所へと移動する必要があった。このような状況では多くの家屋が重大な損傷を受け、床上浸水によって家の装備や家具に被害が及んだ。農地でも畑や果樹などの作物が深く水没し、大きな損失を被った。住民には安全な避難場所への一時的な疎開が求められた結果、生活環境への影響も大きかったということが知られている。
助長,39,39,7人目,384,0.11118111300959321,2023年夏の激しい豪雨は県内に大きな影響を及ぼし、主要河川が氾濫したことでその事実は明らかである。そのような豪雨により多くの家屋や農地が深く浸水され、大きな被害をもたらすようになったことが確認されている。このような状況では、その浸水による地域差についての情報も明らかになっており、下流域には特に大きな被害を受けたと報告されている。他方、氾濫の影響を受けて避難指示が出されたため、住民は一時的に安全な避難場所へと移動する必要があった。こうした状況では多くの家屋が重大な損傷を受け、床上浸水によって家の装備や家具に被害が及んだことが確認されている。農地においても畑や果樹などの作物が深く水没し、大きな損失を被ったことも知られている。また、このような状況では住民には安全な避難場所への一時的な疎開が求められ、結果として生活環境への影響が大きかったということは明らかである。
助長,39,39,8人目,355,0.1372134975579961,2023年夏の激しい豪雨は県内に大きな影響を及ぼした実態が明らかで、そのような豪雨によって主要河川が氾濫し、大きな被害が生じたことが確認されている。その結果、多くの家屋や農地が深く浸水され、深刻な被害を受けたというのが事実である。特に下流域では大きな被害を受け、住民への影響も大きかったと伝えられている。このような状況のため、氾濫による影響を避けるために避難指示が出された結果、住民は一時的に安全な場所へと移動する必要があった。そして、このような事態となった場合には多くの家屋が重大な損傷を受け、床上浸水によって家内の装備や家具にも被害が及んだことが確認されている。農地においても畑や果樹などの作物が深く水没し、大きな損失を被ったことも明らかで、それは大きな影響となる生活環境への影響であったということである。
助長,39,39,9人目,482,0.10626851409660168,2023年夏の激しい豪雨は県内に多大な被害をもたらした実態が明らかとなり、そのような氾濫により主要河川が大きく増水し、広範囲の大きな被害が生じたことが確認されている。その結果、数多くの家屋や農地が深く浸水され、深刻な損害を受けたというのが事実である。特に下流域では氾濫による影響が著しく大きかったと伝えられている。このような状況のため、氾濫による影響を避けるために住民への避難指示が出された結果、住民は一時的に安全な場所へと移動する必要があった。そして、このような事態となった場合には多くの家屋が重大な損傷を受け、床上浸水によって家内の装備や家具にも大きな被害が及んだことが確認されている。農地においても畑や果樹などの作物が深く水没し、大きな損失を被ったことも明らかとなり、それは大きな影響となる生活環境への影響であったということである。特に、県内各地の農家にとっては、このような事態により生産量の大幅な減少や収穫物の品質低下などの深刻な問題が生じたことが確認されている。また、このような豪雨の影響によって住民の生活には重大な混乱と被害が及んだことも明らかである。
助長,39,39,10人目,681,0.09950085069178992,2023年夏の激しい豪雨は県内に多大な被害をもたらした実態が明らかとなり、そのような氾濫により主要河川が大きく増水し、広範囲の大きな被害が生じたことが確認されている。その結果、数多くの家屋や農地が深く浸水され、深刻な損害を受けたというのが事実である。特に下流域では氾濫による影響が著しく大きかったと伝えられている。このような状況のため、氾濫による影響を避けるために住民への避難指示が出された結果、住民は一時的に安全な場所へと移動する必要があった。そして、このような事態となった場合には多くの家屋が重大な損傷を受け、床上浸水によって家内の装備や家具にも大きな被害が及んだことが確認されている。農地においても畑や果樹などの作物が深く水没し、大きな損失を被ったことも明らかとなり、それは大きな影響となる生活環境への影響であったということである。特に、県内各地の農家にとっては、このような事態により生産量の大幅な減少や収穫物の品質低下などの深刻な問題が生じたことが確認されている。また、このような豪雨の影響によって住民の生活には重大な混乱と被害が及んだことも明らかである。さらに、家屋では窓やドアを保護するための対策を講じる必要があったりし、その結果により深刻な損傷を受ける場合もあり得ると言える。このような状況は住民にとっては大きなストレスとなり、長期的な精神的影響が及ぶ可能性さえある。それに加えて農地に関しても、浸水による被害により生産性の低下や作物の品質の低下など大きな問題が生じる可能性がある。これらの事態は、住民全員にとって深刻な混乱をもたらすことになった。
助長,40,40,原文,109,1.0,2023年5月、記録的な大雨により河川が氾濫し、地域住民の生活に大きな影響が出た。土砂災害警戒情報の発令や避難指示などが実施され、多くの家屋が浸水被害を受けた。重立った状況下で、自治体と住民が連携し、復旧作業を進めた。
助長,40,40,1人目,153,0.4494426022532753,2023年5月の記録的な大雨により、河川の水位が上昇し、氾濫が発生し、地域住民の生活に深刻な影響が出た。大量の雨waterにより、地面は潤沢して、浸水被害を受けた多くの家屋が存在した。また、土砂災害警戒情報の発令や避難指示などが実施された。重なる困難さの中で、自治体と住民が緊密に連携し、復旧作業を進めた。
助長,40,40,2人目,213,0.23456156075095114,2023年5月の大雨による記録的な水位の上昇により河川が氾濫し、地域の住民生活に重大な影響が出た。このような被害は、もともと地盤の安定性が低いところでは特に深刻でした。大量の雨waterにより、土壌は完全に潤沢となり浸水被害を受けた多くの家屋がありました。更に、この状況を重くみた自治体は、早期にも土砂災害警戒情報や避難指示などを実施しました。このような複数の事案の中で、自治体と住民が緊密な連携を取り復旧作業にあたりました。
助長,40,40,3人目,291,0.21968635894185806,2023年5月の大雨による記録的な水位の上昇により河川が氾濫し、地域の住民生活に重大な影響が出た。このような被害はもともと地盤の安定性が低いところでは特に深刻でした。大量の雨waterによる浸水の結果、土壌は完全に潤沢となり浸水被害を受けた多くの家屋がありました。そのような状況の中での自治体の早期的な対応も注目される一方で、浸水により水道や電気など公的サービスが麻痺し、住民の生活はますます苦難にあえぎました。更に、この状況を重くみた自治体は、早期にも土砂災害警戒情報や避難指示などを実施しました。このような複数の事案の中で、自治体と住民が緊密な連携を取り復旧作業にあたりました。
助長,40,40,4人目,294,0.22478210288744713,2023年5月の大雨による記録的な水位の上昇により河川が氾濫し、地域の住民生活に重大な影響が出た。このような被害はもともと地盤の安定性が低いところでは特に深刻でした。大量の雨waterによる浸水の結果、土壌は全面的に潤沢となり浸水被害を受けた多くの家屋がありました。そのような状況の中での自治体の迅速な対応も注目される一方で、浸水により水道や電気など公的サービスが完全に麻痺し、住民の生活はますます苦難にあえぎました。更に、この状況を重くみた自治体は、早期にも土砂災害警戒情報や避難指示などを実施しました。このような複数の事案の中で、自治体と住民が緊密な連携を取り復旧作業にあたりました。
助長,40,40,5人目,441,0.21937695148274877,2023年5月の大雨による記録的な水位の上昇により河川が氾濫し、地域の住民生活に重大な影響が出た。このような被害はもともと地盤の安定性が低いところでは特に深刻でした。大量の雨waterによる浸水の結果、土壌は全面的に潤沢となり浸水被害を受けた多くの家屋がありました。そのような状況の中での自治体の迅速な対応も注目される一方で、浸水により水道や電気など公的サービスが完全に麻痺し、住民の生活はますます苦難にあえぎました。更に、この状況を重くみた自治体は、早期にも土砂災害警戒情報や避難指示などを実施しました。このような複数の事案の中で、自治体と住民が緊密な連携を取り復旧作業にあたりました。浸水被害を受けた家屋は多数あり、家具や電気製品などの個人所有物も大きな損失を被っていました。これらの状況下での公的サービスの麻痺は住民の日常生活に大きな影響を与えていました。また、このような浸水による被害はさらに深刻な被害につながる可能性が高く、自治体は十分に対応しなければならなかったのです。
助長,40,40,6人目,521,0.2097034543683278,2023年5月の大雨により発生した記録的な水位の上昇により、河川が氾濫し、地域の住民生活に重大な影響が出た。このような被害はもともと地盤の安定性が低い所では特に深刻でした。大量の雨waterによる浸水の結果、土壌は全面的に潤沢となり浸水被害を受けた多くの家屋がありました。そのような状況の中での自治体の迅速な対応も注目される一方で、浸水により水道や電気など公的サービスが完全に麻痺し、住民の生活はますます苦難にあえぎました。さらに、この状況を重くみた自治体は早急に土砂災害警戒情報や避難指示などを実施しました。このような複数の事案の中で、自治体と住民が緊密な連携を取り復旧作業にあたりました。また、浸水被害を受けた家屋は多数あり、それぞれに大きな損失を被っていた家具や電気製品などの個人所有物がありました。これらの状況下での公的サービスの麻痺は住民の日常生活に大きな影響を与えていました。浸水による被害がさらに深刻な被害につながる可能性が高く、自治体は十分に対応しなければならなかったのです。このような危険な状況の中で、早急に復旧作業を行い、住民の生活を安定させることが必要であり、それには緊密な連携と迅速な対応が不可欠であると考えられます。
助長,40,40,7人目,521,0.20125465583700858,2023年5月の大雨により発生した記録的な水位の上昇により、河川が氾濫し地域の住民生活に重大な影響が出た。このような被害はもともと地盤の安定性が低い所では特に深刻でした。大量の雨waterによる浸水の結果、土壌は全面的に潤沢となり浸水被害を受けた多くの家屋がありました。そのような状況の中での自治体の迅速な対応も注目される一方で、浸水により水道や電気などの公的サービスが完全に麻痺し、住民の生活はますます苦難にあえぎました。さらに、この状況を重くみた自治体は早急に土砂災害警戒情報や避難指示などを実施しました。このような複数の事案の中で、自治体と住民が緊密な連携を取り復旧作業にあたりました。また、浸水被害を受けた家屋は多数あり、それぞれに大きな損失を被っていた家具や電気製品などの個人所有物がありました。これらの状況下での公的サービスの麻痺は住民の日常生活に大きな影響を与えていました。浸水による被害がさらに深刻な被害につながる可能性が高く、自治体は十分に対応しなければならなかったのです。このような危険な状況の中で、早急に復旧作業を行い、住民の生活を安定させることが必要であり、それには緊密な連携と迅速な対応が不可欠であると考えられます。
助長,40,40,8人目,520,0.193535998114276,2023年5月の大雨により発生した記録的な水位の上昇により、河川は氾濫し地域の住民生活に重大な影響が出た。このような被害はもともと地盤の安定性が低い所では特に深刻でした。大量の雨waterによる浸水の結果、土壌全面的に潤沢となり浸水被害を受けた多くの家屋がありました。そのような状況の中での自治体の迅速な対応も注目される一方で、浸水により水道や電気などの公的サービスが完全に麻痺し、住民の生活はますます苦難にあえぎました。さらに、この状況を重くみた自治体は早急に土砂災害警戒情報や避難指示などを実施しました。このような複数の事案の中で、自治体と住民が緊密な連携を取り復旧作業にあたりました。また、浸水被害を受けた家屋は多数あり、それぞれに大きな損失を被っていた家具や電気製品などの個人所有物がありました。これらの状況下での公的サービスの麻痺は住民の日常生活に大きな影響を与えていました。浸水による被害がさらに深刻な被害につながる可能性が高く、自治体は十分に対応しなければならなかったのです。このような危険な状況の中で、早急に復旧作業を行い、住民の生活を安定させることが必要であり、それには緊密な連携と迅速な対応が不可欠であると考えられます。
助長,40,40,9人目,704,0.1669564376642707,2023年5月の大雨により発生した記録的な水位の上昇により、河川は氾濫し地域の住民生活に重大な影響が出た。このような被害はもともと地盤の安定性が低い所では特に深刻でした。大量の雨による浸水の結果、土壌全面的に潤沢となり浸水被害を受けた多くの家屋がありました。そのような状況の中での自治体の迅速な対応も注目される一方で、浸水により水道や電気などの公的サービスが完全に麻痺し、住民の生活はますます苦難にあえぎました。さらに、この状況を重くみた自治体は早急に土砂災害警戒情報や避難指示などを実施しました。このような複数の事案の中で、自治体と住民が緊密な連携を取り復旧作業にあたりました。また、浸水被害を受けた家屋は多数あり、それぞれに大きな損失を被っていた家具や電気製品などの個人所有物がありました。これらの状況下での公的サービスの麻痺は住民の日常生活に大きな影響を与えていました。浸水による被害がさらに深刻な被害につながる可能性が高く、自治体は十分に対応しなければならなかったのです。このような危険な状況の中で、早急に復旧作業を行い、住民の生活を安定させることが必要であり、それには緊密な連携と迅速な対応が不可欠であると考えられます。水道や電気などの公的サービスは浸水により完全に麻痺しており、住民は日常生活で利用していた必要な物資を確保できていませんでした。その結果、食料や医療品などが不足し、住民の生活はさらに困難になりました。自治体はこのような危険な状況の中で、迅速な対応と緊密な連携を以って復旧作業を行い、住民の生活を安定させることが必要であり、それには公共のサービスを早急に復旧させることが不可欠です。
助長,40,40,10人目,840,0.14835233108932164,2023年5月の大雨により発生した記録的な水位の上昇により、河川は氾濫し地域の住民生活に重大な影響が出ました。このような被害はもともと地盤の安定性が低い所では特に深刻でした。大量の雨による浸水の結果、土壌全面的に潤沢となり浸水被害を受けた多くの家屋がありました。そのような状況の中での自治体の迅速な対応も注目される一方で、浸水により水道や電気などの公的サービスが完全に麻痺し、住民の生活はますます苦難にあえぎました。さらに、この状況を重くみた自治体は早急に土砂災害警戒情報や避難指示などを実施しました。このような複数の事案の中で、自治体と住民が緊密な連携を取り復旧作業にあたりました。また、浸水被害を受けた家屋は多数あり、それぞれに大きな損失を被っていた家具や電気製品などの個人所有物がありました。これらの状況下での公的サービスの麻痺は住民の日常生活に大きな影響を与えていました。浸水による被害がさらに深刻な被害につながる可能性が高く、自治体は十分に対応しなければならなかったのです。このような危険な状況の中で、早急に復旧作業を行い、住民の生活を安定させることが必要であり、それには緊密な連携と迅速な対応が不可欠であると考えられます。水道や電気などの公的サービスは浸水により完全に麻痺しており、住民は日常生活で利用していた必要な物資を確保できていませんでした。その結果、食料や医療品などが不足し、住民の生活はさらに困難になりました。自治体はこのような危険な状況の中で、迅速な対応と緊密な連携を以って復旧作業を行い、住民の生活を安定させることが必要であり、それには公共のサービスを早急に復旧させることが不可欠です。また、浸水による被害がさらに深刻な被害につながる可能性が高かったため、自治体は十分に対応しなければならなかったのです。このような危険な状況の中で、早急に復旧作業を行い、住民の生活を安定させることが必要であり、それには緊密な連携と迅速な対応が不可欠であると考えられます。
助長,41,41,原文,85,1.0,朝起きて、窓の外に鳥が飛び立っていくのを見た。昨日まで雨模様だったのに、空は青く晴れ渡り、日差しが優しく地面を照らしていた。風も穏やかで、木々の葉がそよそよと揺れていた。
助長,41,41,1人目,127,0.32243227733142493,朝になって、窓の外を見たところ、鳥たちが飛び立って行くのを見た。お前は昨日まで雨模様だったのに今日は明るく空気が晴れてきて、その上から優しい日差しが地面を照らし出してくれていた。風も少し穏やかで木々の葉がそよぎながら揺れていて、緑色に輝いているようすだ。
助長,41,41,2人目,237,0.17968341418188372,朝になって窓の外を見ると、明るい空気が広がっていて、昨日の雨も今はどこにも残っていないようだった。その上から優しい日差しがかかってきて、その光さしは地面を照らしてくれているようすだ。そして、そこに鳥たちが飛び立って行くのを見た。お前は窓越しでその美しい景色に目を楽しませていれば良いと思っていた。風も比較的穏やかで、木々の葉がさわって揺れていたようだった。そのため緑色に輝いているとしか思えなかったが、その中でも木々の方はもっと優しい光を浴びてきているような感じではあった。
助長,41,41,3人目,406,0.15904476999281617,朝になって窓の外を見ると明るい空気が広がっていて、昨日の雨も今はどこにも残っていないようだった。その上から優しい日差しがかかってきて、その光さしは地面を照らしてくれているようすだ。天気予報によれば、この時間帯の風は北西の方角から吹いているはずで、比較的穏やかだと言われていたからなのかもしれない。そのため木々の葉が細長く揺れていたようだった。そして、そこに鳥たちが飛び立って行くのを見た。彼らは大勢いっしょになって高空まで登っていったような感覚を感じられたし、彼らの飛び方によって空気が静かに流れていることが実際にはわかった。風の調子から考えると、大きな木々も大きく揺れることはなかったようだった。お前は窓越しでその美しい景色に目を楽しませていれば良いと思っていた。大勢の鳥が高空まで登っていくと、木々の方も日光を浴びてきていたようだ。そして、その中でも木々の方はもっと優しい光を受けているような感じではあった。
助長,41,41,4人目,426,0.15803494044142746,朝になって窓の外を見ると明るい空気が広がっていて、昨日の雨も今はどこにも残っていないようだった。その上から優しい日差しがかかってきて、その光さしは地面を照らしてくれているようすだ。天気予報によれば、この時間帯の風は北西の方角から吹いているはずで、比較的穏やかだと言われていたからなのかもしれない。そのため木々の葉が細長く揺れていたようだった。そして、そこに大勢の鳥たちが飛び立って行くのを見た。彼らはそれぞれ一つの群れになって高空まで登っていったような感覚を感じられたし、彼らの飛び方によって空気が静かに流れていることが実際にはわかった。その風の調子から考えると、大きな木々も大きく揺れることはなかったようだった。お前は窓越しでその美しい景色に目を楽しみながら、鳥たちが高空まで登っていく様を鑑賞していた。大量の鳥が高空まで登っていくと、木々の方も日光を浴びてきていたようだ。そして、その中でも木々の方はもっと優しい光を受けているような感じではあった。
助長,41,41,5人目,477,0.16542419805910918,朝になって窓の外を見ると明るい空気が広がっていて、昨日の雨も今はどこにも残っていないように思われた。その上から優しい日差しがかかってきて、その光さしは地面を照らしてくれているようだ。それにともなって木々の葉が細長く揺れていて、それを見ると風も比較的穏やかでなければならないと考えた。天気予報によれば、この時間帯の風は北西の方角から吹いているはずで、比較的穏やかだと言われていたからなのかもしれない。そのため木々の葉が細長く揺れていたようだった。そして、そこに大勢の鳥たちが飛び立って行くのを見た。彼らはそれぞれ一つの群れになって高空まで登っていったような感覚を感じられたし、彼らの飛び方によって空気が静かに流れていることが実際にはわかった。その風の調子から考えると、大きな木々も大きく揺れることはなかったようだった。お前は窓越しでその美しい景色に目を楽しみながら、鳥たちが高空まで登っていく様を鑑賞していた。大量の鳥が高空まで登っていくと、木々の方も日光を浴びてきていたようだ。そして、その中でも木々の方はもっと優しい光を受けているような感じではあった。
助長,41,41,6人目,512,0.1682217939403436,朝になって窓の外を見ると明るい空気が広がっていて、昨日の雨も今はどこにも残っていないように思われた。その上から優しい日差しがかかってきて、その光さしは地面を照らしてくれているようだ。陽光は木々と草地の間で美しく輝いていた。そしてそれはその光によって、木々がそれぞれの葉が細長く揺れていて、それを見ると風も比較的穏やかでなければならないと考えた。天気予報によれば、この時間帯の風は北西の方角から吹いているはずで、比較的穏やかだと言われていたからなのかもしれない。そのため木々の葉が細長く揺れていたようだった。そして、その景色の中に大勢の鳥たちが飛び立って行くのを見た。彼らはそれぞれ一つの群れになって高空まで登っていったような感覚を感じられたし、彼らの飛び方によって空気が静かに流れていることが実際にはわかった。その風の調子から考えると、大きな木々も大きく揺れることはなかったようだった。お前は窓越しでその美しい景色に目を楽しみながら、鳥たちが高空まで登っていく様を鑑賞していた。大量の鳥が高空まで登っていくと、木々の方も日光を浴びてきていたようだ。そして、その中でも木々の方はもっと優しい光を受けているような感じではあった。
助長,41,41,7人目,370,0.14034281460412082,朝になって窓の外を見ると明るい空気が広がっていて、昨日の雨は今はどこにも残っていないように思われた。その上から優しい日差しがかかってきて、その光さしは地面を照らしてくれているようだ。陽光は木々と草地の間で美しく輝いていて、それを見るとその光によって木々が緑色に輝いており、葉も細長く揺れていた。風の調子から考えると、大勢の鳥たちが飛び立って行くのを見た。そして、彼らはそれぞれ一つの群れになって高空まで登っていったような感覚を感じられたし、彼らの飛び方によって空気が静かに流れていることが実際にはわかった。その風の調子から考えると、大きな木々も大きく揺れることはなかったようだった。鳥たちが大量に高空まで登っていたこともあり、木々の方は日光を浴びてきていたようだ。そして、その中でも木々の方はもっと優しい光を受けているような感じではあった。
助長,41,41,8人目,428,0.1294836115108557,朝になって窓の外を見ると明るい空気が広がっていて、昨日の雨は今はどこにも残っていないように思われた。その上から優しい日差しがかかってきて、その光さしは地面を照らしてくれているようだ。陽光は木々と草地の間で美しく輝いていて、それを見るとその光によって木々が緑色に輝いており、葉も細長く揺れていた。それはそのままの姿ではなかったということだが、それは日光によって叶われているように思われた。風の調子から考えると、大勢の鳥たちが飛び立って行くのを見た。そして、彼らはそれぞれ一つの群れになって高空まで登っていったような感覚を感じられたし、彼らの飛び方によって空気が静かに流れており、そこにいる人にとってはとても心地よい気配があった。風の調子から考えると、大きな木々も大きく揺れることはなかったようだった。鳥たちが大量に高空まで登っていたこともあり、木々の方は日光を浴びてきていたようだ。そして、その中でも木々の方はもっと優しい光を受けているような感じではあった。
助長,41,41,9人目,513,0.13931688679273482,朝になって窓の外を見ると明るい空気が広がっていて、昨日の雨は今はどこにも残っていないように思われた。その上から優しい日差しがかかってきて、その光さしは地面を照らしてくれているようだ。陽光は木々と草地の間で美しく輝いていて、それを見るとその光によって木々が緑色に輝いており、葉も細長く揺れていた。そして木々が日光を受けてきている様子もよく見えていた。それはそのままの姿ではなかったということだが、それは陽光によって叶われているように思われた。日差しがかかることで、木々の色と形は明らかに変わり、緑に輝いて葉も長く揺れていた。それはその通りだったようだ。また、風の調子から考えると、大勢の鳥たちが飛び立って行くのを見た。そして、彼らはそれぞれ一つの群れになって高空まで登っていったような感覚を感じられたし、彼らの飛び方によって空気が静かに流れており、そこにいる人にとってはとても心地よい気配があった。風の調子から考えると、大きな木々も大きく揺れることはなかったようだった。鳥たちが大量に高空まで登っていたこともあり、木々の方は日光を浴びてきていたようだ。そして、その中でも木々の方はもっと優しい光を受けているような感じではあった。
助長,41,41,10人目,518,0.13824490396768138,朝になって窓の外を見ると明るい空気が広がっていて、昨日の雨は今はどこにも残っていないように思われた。その上からゆったりと優しい日差しがかかってきて、その光さしは地面を照らしてくれているようだ。陽光は木々と草地の間で美しく輝いていて、それを見るとその光によって木々が緑色に輝いており、葉も細長く揺れていた。そして木々が日光を受けてきている様子もよく見えていた。それはそのままの姿ではなかったということだが、それは陽光によって叶われているように思われた。日差しがかかることで、木々の色と形は明らかに変わり、緑に輝いて葉も長く揺れていた。それはその通りだったようだ。また、風の調子から考えると、大勢の鳥たちが飛び立って行くのを見た。そして、彼らはそれぞれ一つの群れになって高空まで登っていったような感覚を感じられたし、彼らの飛び方によって空気が静かに流れており、そこにいる人にとってはとても心地よい気配があった。風の調子から考えると、大きな木々も大きく揺れることはなかったようだった。鳥たちが大量に高空まで登っていたこともあり、木々の方は日光を浴びてきていたようだ。そして、その中でも木々の方はもっと優しい光を受けているような感じではあった。
助長,42,42,原文,86,1.0,朝起きて窓の外に目をやると、空模様がいつもと違う色調だった。雲の配置も複雑で、まるで誰かが絵を描いているようだった。静かな住宅街には、鳥の鳴き声と自転車の音が混じっていた。
助長,42,42,1人目,159,0.14025275276489998,朝に目を覚まして窓の外を見ると、何気なく空模様がいつものよりはるかに明るく輝いていた。それはまるで日の出のような鮮やかな色合いで、日が昇った時間を正確に見分けることができるほど、美しく幻想的だった。すると目の前に広がる住宅街の静けわた景色に、小さな鳥の歌声と自転車の音という軽快で活気あるサウンドが一味ずつ合いあった。
助長,42,42,2人目,214,0.08427929064821622,朝日を眺めていると、まるで日の出のような明るく輝いている空模様が目に飛び込んできた。それはいつものよりはるかに明るく美しく幻想的で、日が昇った時間を正確に見分けることができるほどの、すばらしい景色だった。目の前の住宅街も、それまでの静けわた中、少しずつ活動の兆しを見せ始めていたように感じられた。そして、その静寂の中に、小さな鳥の美しい歌声が優雅かつ癒やしであると同時に、自転車の音が軽快で活気あるサウンドを加えるようになった。
助長,42,42,3人目,268,0.08543316259877262,朝日を眺めていると、まるで日の出のような明るく輝いている空模様が目に飛び込んできた。それはいつものよりはるかに明るく美しく幻想的で、日が昇った時間を正確に見分けることができるほどの、すばらしい景色だった。住宅街の中では、過去と同じように静寂が支配していたが、それが少しずつ打ち破られていきはじめたような気配も感じられた。そうした中で、小さな鳥たちの美しい歌声が優雅かつ癒し的なサウンドを加えていた。そして、その静寂の空間に、自転車の軽快で活気ある音が響き渡っていた。それらの音とともに、自然の中にある優しさや生き様を感じることができた。
助長,42,42,4人目,267,0.10032380452940864,朝日を眺めていると、まるで日の出のような明るく輝いている空模様が目に飛び込んできた。いつものよりはるかに明るく美しく幻想的であり、それが日が昇った時間を正確に見分けることができるほどのすばらしい景色だった。住宅街の中では、静寂がいつものように支配していたが、そのさなかで少しずつ打ち破られ始めていたような気配も感じられた。そうした中で、小さな鳥たちの美しい歌声は優雅かつ癒し的なサウンドを加えていた。そしてその静寂の空間に、自転車の軽快で活気ある音が響き渡っていた。それらの音とともに自然の中にある優しさや生き様を感じることができた。
助長,42,42,5人目,442,0.0648156039374936,朝日を眺めていると、まるで日の出のような明るく輝いている空模様が目に飛び込んできたというのに、いつものよりはるかに明るく美しく幻想的であり、それが日が昇った時間を正確に見分けることができるほどのすばらしい景色だった。住宅街の中では静寂がいつものように支配していたが、そのさなかで少しずつ打ち破られ始めていたような気配も感じられたということだ。しかし、静寂の中でもある程度はそのさなかの雰囲気が感じられるから、日々の生活の中にどこまで静寂を味わっていると考えられるのだろうか。それらについて考えるのもまた面白い話題の一つであると思われる。そうした中で、小さな鳥たちの美しい歌声は優雅かつ癒し的なサウンドを加えていたというのに、自然の中にある優しさや生き様をより詳しく感じることができた。そしてその静寂の空間に自転車が走っている音が軽快で活気ある音を響き渡していた。そうした中で、それらすべての音とともに、日々の生活の中にある自然の美しさや優しさもまた実際に感じることができたと思われる。
助長,42,42,6人目,619,0.07806919247981495,朝日を眺めていると、まるで日の出のような明るく輝いている空模様が目に飛び込んできたというのに、いつものよりはるかに美しく幻想的な景色であり、それが日が昇った時間を正確に見分けることができるほどのすばらしい景色だった。住宅街の中では静寂がいつものように支配していたが、そのさなかで少しずつ打ち破られ始めていたような気配も感じられたということだ。しかし、静寂の中でもある程度はそのさなかの雰囲気が感じられるから、日々の生活の中にどこまで静寂を味わっていると考えられるのだろうか。それらについて考えるのもまた面白い話題の一つであると思われる。そうした中で、小さな鳥たちの美しい歌声は優雅かつ癒し的なサウンドを加えていたというのに、自然の中にある優しさや生き様をより詳しく感じることができた。そして、その静寂の空間では住宅街の音が少なくなっており、それが自然の中でさらに聞こえるようになっていた。そうした中で、自転車が走っている軽快で活気ある音もまたその中に混じり合っていました。そして、静寂の中に打ち破られ始めていたような雰囲気がより明確になるように感じられたということだ。静寂の空間に自転車が走っている音と小さな鳥たちの歌声などのさまざまな音が交互に響き渡っていました。そして、自然の中にある優しさや生き様をもっと深く感じることができた。それらすべての音とともに日々の生活の中にもまた実際に自然の美しさや優しさが感じられるようになったという。
助長,42,42,7人目,665,0.07610735999227822,朝日を眺めていると、まるで日の出のような明るく輝いている空模様が目に飛び込んできたというのに、いつものよりはるかに美しく幻想的な景色であり、それが日が昇った時間を正確に見分けることができるほどのすばらしい景色だった。住宅街の中では静寂がいつものように支配していたが、そのさなかで少しずつ打ち破られ始めていたような気配も感じられたということだ。しかし、静寂の中でもある程度はそのさなかの雰囲気が感じられるから、日々の生活の中にどこまで静寂を味わっていると考えられるのだろうか。それらについて考えるのもまた面白い話題の一つであると思われる。そうした中で、小さな鳥たちの美しい歌声は優雅かつ癒し的なサウンドを加えていたというのに、自然の中にある優しさや生き様をより詳しく感じることができた。住宅街の音が自然の中に溶け込んでいたので、それが静寂の中で聞こえたのはさらに美しい響きとなった。そうした中で、自転車が走っている軽快で活気ある音もまたその中に混じり合っていました。そして、静寂の中に打ち破られ始めていたような雰囲気がより明確になるように感じられたということだ。静寂の空間に自転車が走っている音と小さな鳥たちの歌声などのさまざまな音が交互に響き渡っていました。そして、自然の中にある優しさや生き様をもっと深く感じることができた。それらすべての音とともに日々の生活の中にもまた実際に自然の美しさや優しさが感じられるようになったという。静寂の中の自然の中にある優しさや生き様の間で、自転車の軽快な音はそれをより明確にする役割を果たした。
助長,42,42,8人目,731,0.07025202307393576,朝日を眺めていると、まるで日の出のような明るく輝いている空模様が目に飛び込んできたというのに、いつものよりはるかに美しく幻想的な景色であり、それが日が昇った時間を正確に見分けることができるほどのすばらしい景色だった。住宅街の中では静寂がいつものように支配していたが、そのさなかで少しずつ打ち破られ始めていたような気配も感じられたということだ。しかし、静寂の中でもある程度はそのさなかの雰囲気が感じられるから、日々の生活の中にどこまで静寂を味わっていると考えられるのだろうか。それらのことは面白い話題の一つであると思われる。そうした中で、小さな鳥たちの美しい歌声は優雅かつ癒し的なサウンドを加えていたというのに、自然の中にある優しさや生き様をより詳しく感じることができた。住宅街の音が自然の中に溶け込んでいたので、それが静寂の中で聞こえたのはさらに美しい響きとなった。そうした中で、自転車が走っている軽快で活気ある音もまたその中に混じり合っていました。そして、そのような雰囲気がより明確になるように感じられたということだ。住宅街の静寂の中に、それから自然の中にある優しさや生き様を表すさまざまな音が交互に響き渡っていた。その中で、自転車の軽快な音は、それらの間でより明確にする役割を果たした。そのような音とともに日々の生活の中にもまた実際に自然の美しさや優しさが感じられるようになったという。静寂の中の自然の中にある優しさや生き様の世界で、自転車の軽快な音はそれらをより明確にする役割を果たした。そのような中で、それらの音の間で生じるものの、静寂の中でもある程度はそのような雰囲気が感じられるから、日々の生活の中にどこまで静寂を味わっていると考えられるのだろうか。
助長,42,42,9人目,721,0.06819692652839986,朝日の眺めは、まるで日の出のような明るく輝いている空模様が目に入りそうになりながらも、いつものよりはるかに美しく幻想的な景色であり、それが日が昇った時間を正確に見分けることができるほどのすばらしい景色だった。住宅街の中では静寂がいつものように支配していたが、その中に少しずつ打ち破られ始めていたような気配も感じられたということだ。しかし、静寂の中でもある程度そのさなかの雰囲気が感じられるから、日々の生活の中にどこまで静寂を味わっていると考えられるのだろうか。それらのことは面白い話題の一つであると思われる。そうした中で、小さな鳥たちの美しい歌声は優雅かつ癒し的なサウンドを加えていたというのに、自然の中にある優しさや生き様をより詳しく感じることができた。住宅街の音が自然の中に溶け込んでいたので、それが静寂の中で聞こえたのはさらに美しい響きとなった。そのような中で、自転車が走っている軽快で活気ある音もまたその中に混じり合っていた。そして、そのような雰囲気がより明確になるように感じられたということだ。住宅街の静寂の中に、それから自然の中にある優しさや生き様を表すさまざまな音が交互に響き渡っていた。その中で、自転車の軽快な音はそれらの間でより明確にする役割を果たした。そのような音とともに日々の生活の中にもまた実際に自然の美しさや優しさが感じられるようになったという。静寂の中の自然の中にある優しさや生き様の世界で、自転車の軽快な音はそれらをより明確にする役割を果たした。そのような中で、それらの音の間で生じるものの、静寂の中でもある程度そのような雰囲気が感じられるから、日々の生活の中にどこまで静寂を味わっていると考えられるのだろうか。
助長,42,42,10人目,722,0.0687183925667905,朝日の眺めは、まるで日の出のような明るく輝いている空模様が目に入りそうになりながらも、いつものよりはるかに美しく幻想的な景色であり、それが日が昇った時間を正確に見分けることができるほどのすばらしい景色だった。住宅街の中では静寂がいつものように支配していたが、その中に少しずつ打ち破られ始めていたような気配も感じられたということだ。しかし、静寂の中でもある程度そのさなかの雰囲気が感じられるから、日々の生活の中にどこまで静寂を味わっていると考えられるのだろうか。それらのことは面白い話題の一つであると思われる。そうした中で、小さな鳥たちの美しい歌声は優雅かつ癒し的なサウンドを加えていたというのに、自然の中にある優しさや生き様をより詳しく感じることができた。住宅街の音が自然の中に溶け込んでいたので、それが静寂の中で聞こえたのはさらに美しい響きとなった。そのような中で、自転車が走っている軽快で活気ある音もまたその中に混じり合っていた。そして、そのような雰囲気がより明確になるように感じられたということだ。住宅街の静寂の中に、それから自然の中にある優しさや生き様を表すさまざまな音が交互に響き渡っていた。その中で、自転車の軽快な音はそれらの間でより明確にする役割を果たした。そのような音とともに日々の生活の中にもまた実際に自然の美しさや優しさが感じられるようになったという。静寂の中の自然の中にある優しさや生き様の世界では、自転車の軽快な音はそれらをより明確にする役割を果たした。そのような中で、それらの音の間で生じるものの、静寂の中でもある程度そのような雰囲気が感じられるから、日々の生活の中にどこまで静寂を味わっていると考えられるのだろうか。
助長,43,43,原文,103,1.0,昨日の夕暮れ、公園のベンチで老夫婦が手をつないでいた。空には茜色が広がり、静かに波打つ海を見つめていた。二人の顔には穏やかな笑みが浮かんでおり、まるで長年連れ添ったように安心感に満ちた雰囲気を漂わせていた。
助長,43,43,1人目,171,0.27795370945497316,昨日の夕暮れの時期、公園の中央にある広いベンチの上で老夫婦が手をつなぎながら座っていた。それを見下ろす空には、太陽が低く沈むときに赤みを帯びた色を呈し、それが静かに波状を打つ海の方を向いていた。二人の顔には穏やかで甘味のある笑みが浮かんでおり、まるで彼らが長年家族として共に歩んできたように、その安心感と愛情に満ち溢れた雰囲気を漂わせていた。
助長,43,43,2人目,198,0.1770486490804716,昨日の夕暮れの時期、公園の中央にある広いベンチの上に老夫婦が手を結びながら腰掛けていて、そこに座ったまま手ごろな距離で二人の姿を見下ろす空には、太陽が沈む直前に赤みを帯びた色を呈して静かに波状を打つ海の方を向いていた。老夫婦の顔には穏やかで甘味を感じさせられる笑みが浮かんでおり、その安心感と愛情に満ち溢れた雰囲気を漂わせていたように、彼らはこのような長い時間家族として共に歩んできたようだった。
助長,43,43,3人目,203,0.18043038162678962,昨日の夕暮れの時期、公園の中央にある広々と開けたベンチの上に老夫婦が手を結びながら腰掛けていて、それから座ったまま手ごろな距離で二人の姿を見下ろす空には、太陽が沈む直前に赤みを帯びた色を呈して静かに波状を打つ海の方を向いていた。老夫婦の顔には穏やかで甘味を感じさせられる笑みが浮かんでおり、その安心感と愛情に満ち溢れた雰囲気を漂わせていたように、彼らはこのような長い時間家族として共に歩んできたようだった。
助長,43,43,4人目,213,0.19629404463379765,昨日の夕暮れの時期、公園の中央にある広々と開けたベンチの上には老夫婦が手を結びながら腰掛けていて、それから座ったまま手ごろな距離で二人の姿を見下ろす空には、太陽が沈む直前に赤みを帯びた色を呈し、静かに波状を打つ様に見えていた海の方が遠景として映し出されていた。老夫婦の顔には穏やかで甘味を感じさせる笑みが浮かんでおり、その安心感と愛情に満ち溢れた雰囲気を漂わせていたように、彼らは家族として長い時間を共に歩んできたようだった。
助長,43,43,5人目,304,0.18135663793011847,昨日の夕暮れの時期、公園の中央にある広々と開けたベンチの上には老夫婦が手を結びながら腰掛けていて、それから座ったまま手ごろな距離で二人の姿を見下ろす空の背景には、日没直前に赤みを帯びた色を呈し、静かに波状を打つ様に見えた海の方が遠景として映し出されていた。老夫婦の顔には穏やかで甘味を感じさせる笑みが浮かんでおり、その安心感と愛情に満ち溢れた雰囲気を漂わせていたように、彼らは家族として長い時間を共に歩んできたようだったし、ベンチの上での老夫婦の姿を見下ろす空には、夜が訪れる直前に赤みを帯びた色を呈する様に見えた海の方が遠景として映し出されており、老夫婦の顔には穏やかで甘味を感じさせる笑みが浮かんでいた。
助長,43,43,6人目,305,0.18084801484469926,昨日の夕暮れの時期に、公園の中央にある広々と開けたベンチの上には老夫婦が手を結びながら腰掛けていて、それから座ったまま手ごろな距離で二人の姿を見下ろす空の背景には、日没直前に赤みを帯びた色を呈し、静かに波状を打つ様に見えた海の方が遠景として映し出されていた。老夫婦の顔には穏やかで甘味を感じさせる笑みが浮かんでおり、その安心感と愛情に満ち溢れた雰囲気を漂わせていたように、彼らは家族として長い時間を共に歩んできたようだったし、ベンチの上での老夫婦の姿を見下ろす空には、夜が訪れる直前に赤みを帯びた色を呈する様に見えた海の方が遠景として映し出されており、老夫婦の顔には穏やかで甘味を感じさせる笑みが浮かんでいた。
助長,43,43,7人目,305,0.18084801484469926,昨日の夕暮れの時期に、公園の中央にある広々と開けたベンチの上には老夫婦が手を結びながら腰掛けていて、それから座ったまま手ごろな距離で二人の姿を見下ろす空の背景には、日没直前に赤みを帯びた色を呈し、静かに波状を打つ様に見えた海の方が遠景として映し出されていた。老夫婦の顔には穏やかで甘味を感じさせる笑みが浮かんでおり、その安心感と愛情に満ち溢れた雰囲気を漂わせていたように、彼らは家族として長い時間を共に歩んできたようだったし、ベンチの上での老夫婦の姿を見下ろす空には、夜が訪れる直前に赤みを帯びた色を呈する様に見えた海の方が遠景として映し出されており、老夫婦の顔には穏やかで甘味を感じさせる笑みが浮かんでいた。
助長,43,43,8人目,309,0.18092137526083946,昨日の夕暮れの時期に、公園の中央にある広々と開けたベンチの上には、老夫婦が手を結びながら腰掛けていた。そして、その場に座ったまま手ごろな距離で二人の姿を見下ろす空の背景には、日没直前に赤みを帯びた色を呈し静かに波状を打つ様に見えた海の方が遠景として映し出されていた。老夫婦の顔には穏やかで甘味を感じさせる笑みが浮かんでおり、その安心感と愛情に満ち溢れた雰囲気を漂わせていたように、彼らは家族として長い時間を共に歩んできたようだったし、ベンチの上での老夫婦の姿を見下ろす空には、夜が訪れる直前に赤みを帯びた色を呈する様に見えた海の方が遠景として映し出されており、老夫婦の顔には穏やかで甘味を感じさせる笑みが浮かんでいた。
助長,43,43,9人目,309,0.18092137526083946,昨日の夕暮れの時期に、公園の中央にある広々と開けたベンチの上には、老夫婦が手を結びながら腰掛けていた。そして、その場に座ったまま手ごろな距離で二人の姿を見下ろす空の背景には、日没直前に赤みを帯びた色を呈し静かに波状を打つ様に見えた海の方が遠景として映し出されていた。老夫婦の顔には穏やかで甘味を感じさせる笑みが浮かんでおり、その安心感と愛情に満ち溢れた雰囲気を漂わせていたように、彼らは家族として長い時間を共に歩んできたようだったし、ベンチの上での老夫婦の姿を見下ろす空には、夜が訪れる直前に赤みを帯びた色を呈する様に見えた海の方が遠景として映し出されており、老夫婦の顔には穏やかで甘味を感じさせる笑みが浮かんでいた。
助長,43,43,10人目,295,0.1805703394359522,昨日の夕暮れの時期に公園の中央にある広々と開けたベンチの上には、老夫婦が手を結びながら腰掛けていた。そして、その場に座ったまま手ごろな距離で二人の姿を見下ろす空の背景には、日没直前に赤みを帯びた色を呈し静かに波状を打つ様に見えた海の方が遠景として映し出されていた。老夫婦の顔には穏やかで甘味を感じさせる笑みが浮かんでおり、その安心感と愛情に満ち溢れた雰囲気を漂わせていたように、彼らは家族として長い時間を共に歩んできたようだったし、ベンチの上での老夫婦の姿を見下ろす空には夜が訪れる直前に赤みを帯びた色を呈する様に見えた海の方が遠景として映し出されており、その光景は静かに波打ち始めていた。
助長,44,44,原文,104,1.0,雨上がりの道を歩いていた。足元にはキラキラと水たまりが広がり、虹がかかった空の下、子供たちの歓声が聞こえてきた。ベンチに座ってアイスクリームを食べる女の子の姿も目に浮かぶ。それは、過ぎ去りし夏の一コマだった。
助長,44,44,1人目,216,0.19680899587898365,雨上がりの道を歩いていた。たまりが広がっている途中の方も見えた。その中に大きな水たまりがあり、それの中には赤ちゃんが足を入れて笑っていた。またあと少し進むと、子供たちが集まって遊んでいる様子が見えた。そして、その通りの中では最も目立つ場所に座っていたのは、アイスクリームを持った女の子だった。彼女はすでに半分食べ終わっていて、一緒にいたもう一人の女の子とは何やら話していたようだ。それは、過ぎ去りし夏の一コマの景色を思い起こさせた。
助長,44,44,2人目,235,0.15331277542320937,雨上がりの道を歩きながら、目の前には水がたまるのが見えた。その中には小さな島のような大きな水たまりがあり、その中に赤ちゃんが足を入れて笑っているのが見えた。それからさらに進むと、子供たちが集まって何事か遊んでいる様子が見えてきた。そしてその通りの中で最も目立つ場所に座っていたのは、アイスクリームを持った女の子だった。彼女はすでに半分食べ終わっていて、一緒にいたもう一人の女の子とは何やら話をしているようだ。それは過ぎ去りし夏の一コマの景色を思い起こさせるというわけだ。
助長,44,44,3人目,300,0.12977029169604215,雨上がりの道を歩きながら、目の前には水がたまって広がるように見えた。その中には小さな島のような大きな水たまりがあり、その中に赤ちゃんが足を入れて笑いまくりながら泳いでいるのが見えた。それからさらに進むと、子供たちが集まって何事か遊んでいる様子が明瞭にわかった。そしてその通りの中で最も目立つ場所に座っていたのは、アイスクリームを持った女の子だった。彼女はすでに半分食べ終わり、その美味しさを楽しむ表情を見せていた。一緒にいたもう一人の女の子とは何やら楽しい話をしているようだ。それはその通りの中で最も笑顔の人たちと一緒だったというわけだ。それは過ぎ去りし夏の一コマの景色を思い起こさせるというわけだ。
助長,44,44,4人目,339,0.1438258143883039,雨上がりの道を歩きながら、目の前には広い範囲にわたって水がたまって広がっているように見えた。その中には小さな島のような大きな水たまりがあり、その中に赤ちゃんが足を入れて笑いまくりながら泳いでいる様子が明瞭にわかった。周囲を見ると、子供たちが集まって何事か遊んでいる様子がよくわかった。そしてその通りの中で最も目立つ場所に座っていたのは、アイスクリームを持った女の子だった。その彼女はすでに半分食べ終わり、その美味しさを楽しむ表情を見せていた。アイスクリームの味について楽しみ方や、食べる方法などについてもう一人の女の子と一緒に何やら話し合っていたようだ。それはその通りの中で最も笑顔の人たちと一緒だったというわけだ。それは過ぎ去りし夏の一コマの景色を思い起こさせるというわけだ。
助長,44,44,5人目,355,0.14393623667701244,雨上がりの道を歩きながら、その広い範囲にわたって水がたまって広がっているように見えていた。その中には大きさで言えば相当な島のような大きな水たまりがあり、それの中にも赤ちゃんが足を入れて笑いまくりながら泳いでいた様子がよくわかった。それを見ると、周囲の通りでは子供たちが集まって何事か遊んでいる様子もよくわかった。そして、その通りの中で最も目立つ場所に座っていたのはアイスクリームを持った女の子だった。その彼女はすでに半分食べ終わり、その美味しさを楽しむ表情を見せていた。アイスクリームの味について楽しみ方や、食べる方法などについてもう一人の女の子と一緒に何やら話し合っていたようだ。それはその通りの中で最も笑顔の人たちと一緒だったというわけだ。これは過ぎ去りし夏の一コマの景色を思い起こさせるような光景だった。
助長,44,44,6人目,434,0.12070006970325356,雨上がりの道を歩きながら、その広々とたゆまぬ大気に水がたまって広がっているように見えていた。その中には大きさで言えば相当な島のような、まるで自然界の中では珍しいほどの大きさの水たまりがあり、それの中にも赤ちゃんが足を入れて笑いまくりながら泳いでいた様子がよくわかった。それを見ると、周囲の通りでは子供たちが集まって、何か新奇なように何事か遊んでいる様子もよくわかった。そして、その通りの中で最も目立つ場所に座っていたのはアイスクリームを持った女の子だった。その彼女はすでに半分食べ終わり、その美味しさを楽しむ、表情のきらびやかな美しさを見せていた。アイスクリームの味について楽しみ方や、食べる方法などについてもう一人の女の子と一緒に何やら細かい話し合いをしていたようだ。それはその通りの中で最も笑顔の人たちと一緒だったというわけだ。このような光景は、その時々をきちんと記憶できなければならないほどの、過ぎ去りし夏の一コマの純粋な景色を思い起こさせるような印象があった。
助長,44,44,7人目,448,0.11344809142590843,雨上がりの道を歩きながら、その広々とした大気の中で水がたまって広がっているように見えていた。その中には、大きさでは相当数人の人の足を合わせたような島のような、自然界の中では特に珍しいほどの大きさの水たまりがあり、それの中にも赤ちゃんが足を入れて笑いまくりながら泳いでいた様子がよくわかった。それを見ると、周囲の通りでは子供たちが集まって、何か新奇なように何事か遊んでいる様子もよくわかった。そして、その通りの中で最も目立つ場所に座っていたのはアイスクリームを持った女の子だった。その彼女はすでに半分食べ終わり、その美味しさを楽しむ、表情のきらびやかな美しさを見せていた。アイスクリームの味について楽しみ方や、それを楽しむ方法などについてもう一人の女の子と一緒に何やら細かい話し合いをしていたようだ。それはその通りの中で最も笑顔の人たちと一緒だったというわけだ。このような光景は、その時々をきちんと記憶できなければならないほどの、過ぎ去りし夏の一コマの純粋な景色を思い起こさせるような印象があった。
助長,44,44,8人目,336,0.12304842473779286,雨上がりの道を歩きながら、大気の中に広がる水が広々と眼下に見えていた。それはその中に、多数の人の足を合わせたような島のような大きさの水たまりが見えており、その中にも赤ちゃんが泳ぎ回っていた様子がよくわかった。その様子は周囲で子供たちが集まって何やら新奇なように遊んでいた。そしてその通りの中ではアイスクリームを持った女の子が最も目立つ場所に座っていて、すでに半分食べ終わり、それを楽しむ表情のきらびやかな美しさを見せていた。彼女はもう一人の女の子と一緒に細かい話し合いをしていたようだ。そしてアイスクリームを楽しみ方や、それを楽しむ方法について話していた模様だった。それは通りの中で最も笑顔の人たちと一緒の場所だったということであって、周囲を見ると子供たちの群れが見えた。
助長,44,44,9人目,409,0.079766525659146,雨上がりの道を歩きながら、大気の中に広がる水が広々と眼下に見えていた。その中には、人工的に造られた島のような大きさで、この地域ではよく見られる公園の Pond という池があり、それはすばらしい景観を楽しむ多数の人々によって利用されていました。池の中でもいちばん大きい場所に、赤ちゃんが水遊びを楽しみながら泳いでいた様子がよくわかり、周囲では何人もの子供たちが集まって、池の周りに散らばりながら新奇なゲームを楽しんでいました。通りの中でもアイスクリームを持った女の子が最も目立つ場所に座っていて、すでに半分食べ終わっていた彼女は、きらびやかな美しさを見せながら、それを楽しみ方の様子をお互いに細かい話し合いをしたようだ。そして、そのアイスクリームを楽しむ方法についても、もう一人の女の子と一緒に長々と意見交換していた模様でした。その通りの中でも最も笑顔の人たちが集まっていた場所では、周囲には子供たちの群れが見えていた。
助長,44,44,10人目,486,0.0733655311295799,雨上がりの道を歩きながら、大気の中の空気中の水蒸気が広々と眼下に見えていた。その中にも、人工的に造られた島のような大きさで、この地域ではよく見られる公園の Pond という池があり、それはすばらしい景観を楽しむ多数の人々によって利用されていました。池の中でもいちばん大きい場所に、赤ちゃんが水遊びを楽しみながら泳いでいた様子がよくわかり、周囲には何人もの子供たちが集まって、池の周りに散らばりながら新奇なゲームを楽しんでいました。プールの中で泳ぐ赤ちゃんは他のものに比べて水面上を自由に動き回っているところもあれほどよくわかり、その様子からはまるでそれを楽しみているようだった。通りの中でもアイスクリームを持った女の子が最も目立つ場所に座っていて、すでに半分食べ終わっていた彼女は、きらびやかな美しさを見せながら、それを楽しみ方の様子をお互いに細かい話し合いをしたようだ。そして、そのアイスクリームを楽しむ方法についても、もう一人の女の子と一緒に長々と意見交換していた模様でした。その通りの中でも最も笑顔の人たちが集まっていた場所では、周囲には子供たちの群れが見えていた。
助長,45,45,原文,89,1.0,雨上がりの道を歩いていた。足元はまだ濡れていて、色とりどりの傘の花が咲き乱れている。遠くには虹がかかり、子供たちが歓声を上げて走っていた。心が洗われるような、穏やかな一日だった。
助長,45,45,1人目,211,0.5420522622912655,雨上がりの道を歩いていた途中で足元はまだ濡れていて、色とりどりの傘の花が咲き乱れていた。歩き方に慣れている車椅子の男性も、そのような花に気を取られているように、静かに立ち止まっていた。遠くには虹がかかり、子供たちが歓声を上げて走って回っている様子が見受けられた。心が洗われるような穏やかな一日でした。雨の上がった道は綺麗にすり減るように、きれいに掃除されていた。周囲の景色も、自然の美しさが感じられるほど清潔で明快だった。
助長,45,45,2人目,300,0.5278422870475495,雨上がりの道を歩いていく途中で足元はまだ濡れていて、色とりどりの傘の花が咲き乱れていた。歩き方に慣れている車椅子の男性も、そのような花に気を取られているように、静かに立ち止まっていた。遠くには虹がかかり、子供たちが歓声を上げて走って回っている様子が見受けられた。心が洗われるような穏やかな一日の風景であった。道は綺麗にすり減るようにきれいに掃除されていて、周囲の景色も自然の美しさを感じられるほど清潔で明快だった。道面の水が優しくたわんでいて花のにおいも漂っていた。気候にもよるごとく雨上がりの道はいつも同じなのでありながらこの日のように清潔に掃除されていたのは、まさに心を洗われるような一日だった。
助長,45,45,3人目,512,0.2726229744230824,雨上がりの道が歩き始めた途中で、まだ足元の地面には水しぶく汗のような湿り気をかき立てていて、その上には色とりどりの傘の花たちが静かに立ち並び、美しく咲き乱れていた。車椅子に乗って歩いている男性も、自分の歩き方に慣れていることからそれほどの影響を受けていなかったにもかかわらず、花の綺麗な色や形を楽しみながら、そのような傘の花に気を取られ静かに立ち止まっていた様子が見られた。道の遠くには虹のような美しい光景が見えたりもしたし、子供たちが歓声をあげて喜んで走って回っている姿もまたその辺で見られた。心が清められるような穏やかな雰囲気を感じさせるその一日の風景であった。道自体はとてもきれいにすり減るようにきれいに掃除されていて、周囲の景色も自然の美しさや清潔さを感じられるほど綺麗で明快に整えられていた。道面には優しくたわんだ水が立ちわたっていて、その水は花のにおいをかき立てていたような美しい香りを漂わせていた。気候にもよるごとく雨上がりの道はいつも同じなのでありながら、この日のようにすらりときれいに掃除されていただけだとしても、この日のように清潔で明快な姿を見せることは、まさに心が洗われるような一日だけの出来事だった。
助長,45,45,4人目,462,0.266120041781887,雨上がりの道の中程から歩き始めて、その途中でまだ足元の地面は水しぶく汗のような湿り気をかき立てていた。そしてその上には色とりどりの傘の花たちが静かに立ち並び、美しく咲き乱れていた。車椅子に乗った男性も歩く慣れており、それほどの影響を受けていなかったにもかかわらず、花の綺麗な色や形を楽しんでいた様子が見られた。道遠くの虹のような光景も見え、子供たちが歓声をかげて喜んで走って回っている姿もその辺で見られた。その風景は心清められるような穏やかな雰囲気を感じさせた。道自体はとてもきれいにすり減るようにきれいに掃除されていて、周囲の景色も自然の美しさや清潔さを感じられるほど綺麗で明快に整えられていた。道面には優しくたわんだ水が立ちわたっていて、その水は花のにおいをかき立てていたような美しい香りを漂わせていた。気候にもよるごとく雨上がりの道はいつも同じだったのでありながら、この日のようにすらりときれいに掃除されていただけだとしても、この日のように清潔で明快な姿を見せることは、まさに心が洗われるような一日だけの出来事だった。
助長,45,45,5人目,589,0.24353811386190657,雨上がりの道の中程から歩き始めて、その途中でまだ足元の地面は水しぶく汗のような湿り気をかき立てていた。そしてその上には色とりどりの傘の花たちが静かに立ち並び、美しく咲き乱れていた。車椅子に乗った男性も歩く慣れており、それほどの影響を受けていなかったにもかかわらず、花の綺麗な色や形を楽しんでいた様子が見られた。道遠くの虹のような光景も見え、子供たちが歓声をかげて喜んで走って回っている姿もその辺で見られた。その風景は心清められるような穏やかな雰囲気を感じさせた。道自体はとてもきれいにすり減るようにきれいに掃除されていて、周囲の景色も自然の美しさや清潔さを感じられるほど綺麗で明快に整えられていた。それほどの水が降った雨のあとも、その道はいつも同じだったのでありながら、この日のようにすらりときれいに掃除されていただけだとしても、道面には優しくたわんだ水が立ちわたっていて、その水は花のにおいをかき立てていたような美しい香りを漂わせていた。この日のように清潔で明快な姿を見せることは、まさに心が洗われるような一日の出来事だけだった。道自体の整備や周囲の景色の整理も随分とこだわられていて、それほど雨が降ったにもかかわらず、道面にはまだ水が残っていて、その美しい香りを感じさせていた。その風景はいつもの日よりさきがけのような清潔さと自然の美しさで彩られた静かな雰囲気を持っていた。
助長,45,45,6人目,809,0.24224594190548898,雨上がりの道の中程から歩き始めて、その途中でまだ足元の地面は水しぶく汗のような湿り気をかき立てていた。そしてその上には色とりどりの傘の花たちが静かに立ち並び、美しく咲き乱れていた。それほどの影響を受けていなかったにもかかわらず、車椅子に乗った男性も歩く慣れており、それを見ると花の綺麗な色や形を楽しんでいた様子が見られた。道遠くの虹のような光景も見え、子供たちが歓声をかげて喜んで走って回っている姿もその辺で見られた。その風景は心清められるような穏やかな雰囲気を感じさせた。道自体はとてもきれいにすり減るようにきれいに掃除されていて、周囲の景色も自然の美しさや清潔さを感じられるほど綺麗で明快に整えられていた。それほどの水が降った雨のあとも、その道はいつも同じだったのでありながら、この日のようにすらりときれいに掃除されていただけだとしても、道面には優しくたわんだ水が立ちわたっていて、その水は花のにおいをかき立てていたような美しい香りを漂わせていた。清潔で明快な姿を見せることは、まさに心が洗われるような一日の出来事だけだった。それほど雨が降ったにもかかわらず、この道面にはまだ優しくたわんだ水が残っていて、その美しい香りを感じさせていた。その風景はいつもの日よりさきがけのような清潔さと自然の美しさで彩られた静かな雰囲気を持っていた。周囲も、路線の整理や道面の掃除など随分とこだわられていて、そのような努力のおかげでこのような景色が楽しめるようになっていた。それほどの水が降ったにもかかわらず、この道路はいつもの日と同じようにすらりと清潔に整えられていた。道面には、花のにおいをかき立てしていたような美しい香りを漂わせていた優しくたわんだ水が残っていて、それを見ると心が洗われるような静かな雰囲気を感じさせた。その風景はいつもの日よりさきがけのような清潔さと自然の美しさで彩られていて、周囲も随分と整理されていた。
助長,45,45,7人目,1127,0.24422463293128657,雨上がりの道の中程から歩き始めて、その途中ではまだ足元の地面は水しぶく汗のような湿り気をかき立てていた。そしてその上には色とりどりの傘の花たちが静かに立ち並び、美しく咲き乱れていた。それほどの影響を受けていなかったにもかかわらず、車椅子に乗った男性も歩く慣れており、それを見ると花の綺麗な色や形を楽しんでいた様子が見られた。道遠くの虹のような光景も見え、子供たちが歓声をかげて喜んで走って回っている姿もその辺で見られた。その風景は心清められるような穏やかな雰囲気を感じさせた。道自体はとてもきれいにすり減るようにきれいに掃除されていて、周囲の景色も自然の美しさや清潔さを感じられるほど綺麗で明快に整えられていた。それほどの水が降った雨のあとも、その道はいつも同じだったのでありながら、この日のようにすらりときれいに掃除されていただけだとしても、道面には優しくたわんだ水が立ちわたっていて、その水は花のにおいをかき立てていたような美しい香りを漂わせていた。清潔で明快な姿を見せることは、まさに心が洗われるような一日の出来事だけだった。それほど雨が降ったにもかかわらず、この道面にはまだ優しくたわんだ水が残っていて、その美しい香りを感じさせていた。その風景はいつもの日よりさきがけのような清潔さと自然の美しさで彩られた静かな雰囲気を持っていた。周囲も、路線の整理や道面の掃除など随分とこだわられていて、そのような努力のおかげでこのような景色が楽しめるようになっていた。それほどの水が降ったにもかかわらず、この道路はいつもの日と同じようにすらりと清潔に整えられていた。道面には、花のにおいをかき立てしていたような美しい香りを漂わせていた優しくたわんだ水が残っていて、それを見ると心が洗われるような静かな雰囲気を感じさせた。その風景はいつもの日よりさきがけのような清潔さと自然の美しさで彩られていて、周囲も随分と整理されていた。道自体も、すり減るようにきれいに掃除されていることが見えた。そして、それほど雨が降ったにもかかわらず、この道はいつもの日と同じような清潔さを保っていたのもその理由である。また、周囲の景色も随分と整理されていて、その努力のおかげでこのような静かな雰囲気と美しい風景が楽しめるようになっていた。道面には優しくたわんだ水が立ちわり、花のにおいをかき立てていたような美しい香りを漂わせている。子供たちも歓声をかげて喜んで走って回っている姿を見られ、虹のような光景も見えていた。その風景は心清められるような穏やかな雰囲気で彩されており、そのような景色が楽しめるようになっていたのは、路線の整理や道面の掃除など随分とこだわられているからであった。
助長,45,45,8人目,1126,0.24422093621925042,雨上がりの道の中程から歩き始めて、その途中ではまだ足元の地面は水しぶく汗のような湿り気をかき立てていた。そしてその上には色とりどりの傘の花たちが静かに立ち並び、美しく咲き乱れていた。それほどの影響を受けていなかったにもかかわらず、車椅子に乗った男性も歩く慣れており、それを見ると花の綺麗な色や形を楽しんでいた様子が見られた。道遠くの虹のような光景も見え、子供たちが歓声をかげて喜んで走って回っている姿もその辺で見られた。その風景は心清められるような穏やかな雰囲気を感じさせた。道自体はとてもきれいにすり減るようにきれいに掃除されていて、周囲の景色も自然の美しさや清潔さを感じられるほど綺麗で明快に整えられていた。それほどの水が降った雨のあとも、その道はいつも同じだったのでありながら、この日のようにすらりときれいに掃除されていただけだとしても、道面には優しくたわんだ水が立ちわたっていて、その水は花のにおいをかき立てていたような美しい香りを漂わせていた。清潔で明快な姿を見せることは、まさに心が洗われるような一日の出来事だけだった。それほど雨が降ったにもかかわらず、この道面にはまだ優しくたわんだ水が残っていて、その美しい香りを感じさせていた。その風景はいつもの日よりさきがけのような清潔さと自然の美しさで彩られた静かな雰囲気を持っていた。周囲も、路線の整理や道面の掃除など随分とこだわられていて、そのような努力のおかげでこのような景色が楽しめるようになっていた。それほどの水が降ったにもかかわらず、この道路はいつもの日と同じようにすらりと清潔に整えられていた。道面には、花のにおいをかき立てていたような美しい香りを漂わせていた優しくたわんだ水が残っていて、それを見ると心が洗われるような静かな雰囲気を感じさせた。その風景はいつもの日よりさきがけのような清潔さと自然の美しさで彩られていて、周囲も随分と整理されていた。道自体も、すり減るようにきれいに掃除されていることが見えた。そして、それほど雨が降ったにもかかわらず、この道はいつもの日と同じような清潔さを保っていたのもその理由である。また、周囲の景色も随分と整理されていて、その努力のおかげでこのような静かな雰囲気と美しい風景が楽しめるようになっていた。道面には優しくたわんだ水が立ちわり、花のにおいをかき立てていたような美しい香りを漂わせている。子供たちも歓声をかげて喜んで走って回っている姿を見られ、虹のような光景も見えていた。その風景は心清められるような穏やかな雰囲気で彩されており、そのような景色が楽しめるようになっていたのは、路線の整理や道面の掃除など随分とこだわられているからであった。
助長,45,45,9人目,1128,0.24073579129319833,雨上がりの道の中程から歩き始めて、その途中ではまだ足元の地面は水しぶく汗のような湿り気をかき立てていた。そしてその上には色とりどりの傘の花たちが静かに立ち並び、美しく咲き乱れていた。それほどの影響を受けていなかったにもかかわらず、車椅子に乗った男性も歩く慣れており、それを見ると花の綺麗な色や形を楽しんでいた様子が見られた。道遠くの虹のような光景も見え、子供たちが歓声をかげて喜んで走って回っている姿もその辺で見られた。その風景は心清められるような穏やかな雰囲気を感じさせた。道自体はとてもきれいにすり減るようにきれいに掃除されていて、周囲の景色も自然の美しさや清潔さを感じられるほど綺麗で明快に整えられていた。それほどの水が降った雨のあとも、その道はいつもの日と同じだったのでありながら、この日のようにすらりときれいに掃除されていただけだとしても、道面には優しくたわんだ水が立ちわたっていて、その水は花のにおいをかき立てていたような美しい香りを漂わせていた。清潔で明快な姿を見せることは、まさに心が洗われるような一日の出来事だけだった。それほど雨が降ったにもかかわらず、この道面にはまだ優しくたわんだ水が残っていて、その美しい香りを感じさせていた。その風景はいつもの日より先輩のような清潔さと自然の美しさで彩られた静かな雰囲気を持っていた。周囲も、路線の整理や道面の掃除など非常にこだわられていて、そのような努力のおかげでこのような景色が楽しめるようになっていた。それほどの水が降ったにもかかわらず、この道路はいつもの日と同じようにすらりと清潔に整えられていた。道面には、花のにおいをかき立てていたような美しい香りを漂わせていた優しくたわんだ水が残っていて、それを見ると心が洗われるような静かな雰囲気を感じさせた。その風景はいつもの日より先輩のような清潔さと自然の美しさで彩られていて、周囲も非常に整理されていた。道自体も、すり減るようにきれいに掃除されていることが見えた。そして、それほど雨が降ったにもかかわらず、この道はいつもの日と同じような清潔さを保っていたのもその理由である。また、周囲の景色も非常に整理されていて、その努力のおかげでこのような静かな雰囲気と美しい風景が楽しめるようになっていた。道面には優しくたわんだ水が立ちわり、花のにおいをかき立てていたような美しい香りを漂わせている。そして子供たちは歓声をかげて喜んで走って回っている姿を見られ、虹のような光景も見えていた。その風景は心清められるような穏やかな雰囲気で彩されており、そのような景色が楽しめるようになっていたのは、路線の整理や道面の掃除など非常にこだわられているからであった。
助長,45,45,10人目,1128,0.24073579129319833,雨上がりの道の中程から歩き始めて、その途中ではまだ足元の地面は水しぶく汗のような湿り気をかき立てていた。そしてその上には色とりどりの傘の花たちが静かに立ち並び、美しく咲き乱れていた。それほどの影響を受けていなかったにもかかわらず、車椅子に乗った男性も歩く慣れており、それを見ると花の綺麗な色や形を楽しんでいた様子が見られた。道遠くの虹のような光景も見え、子供たちが歓声をかげて喜んで走って回っている姿もその辺で見られた。その風景は心清められるような穏やかな雰囲気を感じさせた。道自体はとてもきれいにすり減るようにきれいに掃除されていて、周囲の景色も自然の美しさや清潔さを感じられるほど綺麗で明快に整えられていた。それほどの水が降った雨のあとも、その道はいつもの日と同じだったのでありながら、この日のようにすらりときれいに掃除されていただけだとしても、道面には優しくたわんだ水が立ちわたっていて、その水は花のにおいをかき立てていたような美しい香りを漂わせていた。清潔で明快な姿を見せることは、まさに心が洗われるような一日の出来事だけだった。それほど雨が降ったにもかかわらず、この道面にはまだ優しくたわんだ水が残っていて、その美しい香りを感じさせていた。その風景はいつもの日より先輩のような清潔さと自然の美しさで彩られた静かな雰囲気を持っていた。周囲も、路線の整理や道面の掃除など非常にこだわられていて、そのような努力のおかげでこのような景色が楽しめるようになっていた。それほどの水が降ったにもかかわらず、この道路はいつもの日と同じようにすらりと清潔に整えられていた。道面には、花のにおいをかき立てていたような美しい香りを漂わせていた優しくたわんだ水が残っていて、それを見ると心が洗われるような静かな雰囲気を感じさせた。その風景はいつもの日より先輩のような清潔さと自然の美しさで彩られていて、周囲も非常に整理されていた。道自体も、すり減るようにきれいに掃除されていることが見えた。そして、それほど雨が降ったにもかかわらず、この道はいつもの日と同じような清潔さを保っていたのもその理由である。また、周囲の景色も非常に整理されていて、その努力のおかげでこのような静かな雰囲気と美しい風景が楽しめるようになっていた。道面には優しくたわんだ水が立ちわり、花のにおいをかき立てていたような美しい香りを漂わせている。そして子供たちは歓声をかげて喜んで走って回っている姿を見られ、虹のような光景も見えていた。その風景は心清められるような穏やかな雰囲気で彩されており、そのような景色が楽しめるようになっていたのは、路線の整理や道面の掃除など非常にこだわられているからであった。
助長,46,46,原文,97,1.0,明治維新は、幕末の動乱期に、武士階級を中心とした政治勢力が皇室を擁立し、江戸幕府を倒したことで成立した。新しい国家体制が築かれ、近代化政策が進められた。社会構造や文化にも大きな変化をもたらした。
助長,46,46,1人目,208,0.21329256176291828,明治維新は、19世紀末の日本の歴史上最大の出来事であり、その影響は、日本国民に及んだ政治・経済・社会面での革命的変革であった。この動乱期に、武士階級が中心となって形成された新たな政治勢力によって皇室を擁立し、江戸幕府を打倒することで、新しい国家体制の基礎が築かれた。明治維新後の日本社会は、深刻な不安定さと混乱に直面したものの、さまざまな政策や改革により、近代化の足がかりとなり、日本の現代的な国民性が芽生え始めた。
助長,46,46,2人目,265,0.1334951451564085,19世紀末の日本における最大の歴史的変革事項であり、その影響は、日本国民全体に及んだ政治的、経済的、社会的面での革命的変化であった。この動乱期において、武士階級が中心となって形成された新たな政治勢力によって皇室を擁護し、江戸幕府を打倒することで、新しい国家制度の基礎が築かれていた。明治維新後の日本社会は、深刻な不安定性と混乱に直面したものの、さまざまな政策や改革により、近代化の発展の基盤となり、日本の現代的な国民性の形成が始まった。これらの変化により、従来の封建体制を打ち破り、新たな政治的、経済的システムが構築されていった。
助長,46,46,3人目,270,0.12436729477460597,19世紀末の日本における最大級の歴史的転換点であり、その影響は、日本国民全員に及んだ政治的、経済的、社会的面での大変革であった。この動乱期において、武士階級が中心となり、新たな政治勢力が形成されていた。皇室を擁護し、江戸幕府を打倒することで、新しい国家制度の基礎が築かれていた。この新時代における日本社会は深刻な不安定性と混乱に直面したものの、その後さまざまな政策や改革によって、近代化の発展の基盤となり、日本の現代的な国民性の形成が始まった。これらの大変革により、従来の封建体制が打ち破られ、新たな政治的経済的システムが構築されていった。
助長,46,46,4人目,302,0.11899206715068572,19世紀末の日本における最大級の歴史的転換点であり、その影響は、日本国民全員に及んだ政治的、経済的、社会的面での大変革であった。この動乱期において、武士階級が中心となり、新たな政治勢力が形成されていた。皇室を擁護し、江戸幕府を打倒することで、新しい国家制度の基礎が築かれていた。これらの新設された国家機関は、国民全員に及んだ大変革をもたらすようになり、政治的結束と経済的活性化を促進し、多くの改革計画を推進していった。この時期には、新しい教育制度が導入され、国民の知識や技能の向上が求められていた。その結果、これらの大変革により、従来の封建体制が打ち破られ、新たな政治的経済的システムが構築されていった。
助長,46,46,5人目,320,0.10449478711158326,19世紀末の日本における最大級の歴史的転換点であり、その影響は、日本国民全員に及んだ政治的、経済的、社会的面での大変革であった。この動乱期において、武士階級が中心となり、新たな政治勢力が形成されていた。皇室を擁護し、江戸幕府を打倒することで、新しい国家制度の基礎が築かれていた。これらの新設された国家機関は、そのような大変革によって国民全員に及んだものであり、これにより政治的結束と経済的活性化が促進されていた。さらに、この時期には、多くの改革計画が推進されており、新しい教育制度の導入によって国民の知識や技能の向上が求められていた。その結果、それらの大変革により、従来の封建体制が打ち破られ、新たな政治的経済的システムが構築されていった。
助長,46,46,6人目,337,0.08319680505671001,19世紀末の日本における最大級の歴史的転換点であり、その影響は、日本国民全員に及んだ政治的、経済的、社会的面での大変革であった。この時期を通じて、新たな国家システムが確立されていった。武士階級が中心となって、皇室を擁護し、江戸幕府を打倒することで、そのような新しい国家システムの基礎を築いていた。江戸幕府の解体により、これらの新設された国家機関はそのような大変革によって国民全員に及んだものであり、それらの影響は政治的結束と経済的活性化を促進し、社会的変動をもたらしていた。その結果、新しい教育制度が導入され、国の知識や技能の向上が求められていた。多くの改革計画が推進されており、そのような新しい国家システムは従来の封建体制を打ち破り、政治的経済的システムに移行していった。
助長,46,46,7人目,421,0.07476953558073235,19世紀末の日本における最大級の歴史的転換点であり、その影響は、日本国民全員に及んだ深刻な政治的、経済的、社会的面での大変革であった。この時期を通じて、新たな国家システムが確立されていった。武士階級が中心となって、皇室を擁護し、江戸幕府を打倒することで、そのような新しい国家システムの基礎が一歩ずつ築かれていた。その結果、国民全員に及んだものであり、それらの影響は政治的結束と経済的活性化を促進し、社会的変動をもたらすことになった。江戸幕府の解体により、これらの新設された国家機関が急速に発展するようになり、そのような大変革によって国民全員に及んだものであり、それらの影響は政治的結束と経済的活性化を促進し、社会的変動をもたらすことになった。その結果、新しい教育制度が導入され、国の知識や技能の向上が求められていた。多くの改革計画が推進されており、そのような新しい国家システムは従来の封建体制を打ち破り、政治的経済的システムに移行していった。
助長,46,46,8人目,495,0.0659111159373471,19世紀末の日本における最大級の大きな歴史的転換点であり、それらの影響は、日本国民全員に及んだ深刻な政治的、経済的、社会的な大変革であった。この時期を通じて、新たな国家システムが確立されていく様子が見られた。武士階級の中心となり、皇室の擁護と江戸幕府打倒によって、そのような新しい国家システムの基礎が一歩ずつ築かれていた。その結果、国民全員に及んだものであり、それらの影響は政治的結束と経済的活性化を促進し、社会的変動をもたらすことになった。江戸幕府の解体により、これらの新設された国家機関が急速に発展するようになり、そのような大変革によって国民全員に及んだものであり、それらの影響は政治的結束と経済的活性化を促進し、社会的変動をもたらすことになった。その結果、新しい教育制度が導入され、それまでの封建体制から脱却してようやく平等な知識・技能の向上を求めるようになり、これらの新設された国家機関は大いに発展し、政治的経済的システムに移行していった。そして、そのような大変革によって、多くの改革計画が推進されており、国民全員の生活が大きく変化し、新しい国家システムの確立が深く根付いていった。
助長,46,46,9人目,507,0.07322837658818271,19世紀末の日本における最大級の大きな歴史的転換点であり、それらの影響は、日本国民全員に及んだ深刻な政治的、経済的、社会的な大変革であった。この時期を通じて、新たな国家システムが確立されていく様子が見られた。武士階級の中心となり、皇室の擁護と江戸幕府打倒によって、そのような新しい国家システムの基礎が一歩ずつ築かれていた。その結果、国民全員に及んだものであり、それらの影響は政治的結束と経済的活性化を促進し、社会的変動をもたらすことになった。江戸幕府の解体により、これらの新設された国家機関が急速に発展するようになり、そのような大変革によって国民全員に及んだものであり、それらの影響は政治的結束と経済的活性化を促進し、社会的変動をもたらすことになった。新しい教育制度の導入により、それまでの封建体制から脱却するようになり、ようやく平等な知識・技能の向上が求められ、国民全員に及んだものであり、これらの新設された国家機関は大いに発展し、政治的経済的システムに移行していった。そして、そのような大変革によって、多くの改革計画が推進されており、国民全員の生活が大きく変化し、新しい国家システムの確立が深く根付いていった。
助長,46,46,10人目,515,0.0716919736665658,19世紀末の日本における最大級の大きな歴史的転換点であり、それらの影響は、日本国民全員に及んだ深刻な政治的、経済的、社会的な大変革であった。この時期を通じて、新たな国家システムが確立されていく様子が見られた。武士階級の中心となり、皇室の擁護と江戸幕府打倒によって、そのような新しい国家システムの基礎が一歩ずつ築かれていた。その結果、国民全員に及んだものであり、それらの影響は政治的結束を強化し、経済的活性化を促進し、社会的変動をもたらすことになった。江戸幕府の解体により、これらの新設された国家機関が急速に発展するようになり、そのような大変革によって国民全員に及んだものであり、それらの影響は政治的結束を強化し、経済的活性化を促進し、社会的変動をもたらすことになった。新しい教育制度の導入により、それまでの封建体制から脱却するようになり、ようやく平等な知識・技能の向上が求められ、国民全員に及んだものであり、これらの新設された国家機関は大いに発展し、政治的経済的システムに移行していった。そして、そのような大変革によって、多くの改革計画が推進されており、国民全員の生活が大きく変化し、新しい国家システムの確立が深く根付いていった。
助長,47,47,原文,100,1.0,明治維新は、1868年、江戸幕府が倒れ、天皇を中心とした新しい政府が成立した。武士階級による政治改革が進み、欧米列強との貿易が開かれた。社会構造や文化が大きく変化し、近代日本へと移行する契機となった。
助長,47,47,1人目,272,0.24061169209090885,明治維新は1868年、江戸幕府の崩壊によって天皇を中心とする新政府が設立された。この時期に武士階級は政治改革を推進し、それにより欧米列強との外交関係や貿易が始まり、新しい時代への移行につながる契機となった。明治維新の影響により、社会全体の構造と文化の変化は大きく現れ、これらの変化によって近代日本が形成された。この時期に新政府は欧米列強との関係を重視し、日本の経済・政治改革を進めた。これにより、天皇制のもとで統一的な政府が作られ、新しい社会秩序が整えられた。明治維新は日本の近代化を促進する第一歩となり、その影響は以後日本の歴史に残り続けた。
助長,47,47,2人目,301,0.24914020368583245,明治維新は、1868年、江戸幕府の衰退によって天皇を中心とする新政府が設立されたときに起きた大きな出来事であった。これにより、政治改革が進行し、それにより欧米列強との外交関係と貿易が始まり、これらが日本社会全体の変化に大きく影響した。その結果、武士階級は政権への参加を開始し、新しい時代への移行につながった。明治維新の影響により、社会や文化の構造が大きく変わり、近代日本が形成された。この時期に新政府は欧米列強との関係を重視し、日本の経済と政治改革を推進した。これにより統一的な政権が作られ、新しい社会秩序が整えられた。明治維新は、日本の近代化を促進する第一歩となった、その影響は日本歴史に残り続けた。
助長,47,47,3人目,424,0.1818486466963644,明治維新は、1868年、江戸幕府の衰退によって天皇を中心とする新政府が設立されたときに起こった大きな出来事であった。この時期、新政府の樹立により政治改革の進行が加速され、それが日本社会全体の変化に深刻な影響を及ぼした。欧米列強との外交関係と貿易の開始は、この時期の日本社会に大きく影響し、武士階級が政権への参加を始め、新しい時代への移行につながった。この出来事によって、日本の社会や文化の構造が深刻な変化を遂げ、その結果として近代日本が形成された。新政府は、この時期に欧米列強との関係を重視し、政治改革と経済発展を推進した。これにより、日本には統一的な政権が作られ、新しい社会秩序が整えられた。この時期の新政府は、経済発展と政治改革を推進するために日本への外国人投資を奨励し、日本の経済的発展を促進した。明治維新の影響により、日本の歴史に深刻な変化をもたらし、この出来事は日本の近代化を促進する第一歩となった、その影響は日本の歴史に残り続けている。
助長,47,47,4人目,443,0.11764483425064783,明治維新は、1868年に天皇が中心になって、新しく政治体制を作り直すことになります。この時期、新政府ができて政局が動き出し、それが日本全土で起こる大きな変化をもたらしました。欧米の国々とは外交関係と貿易を行い、多くの国との交流により、日本人の生活に大きな変化をもたらした。武士が政治に参加し、新しい時代への移行を促進し、この時期の日本は大きく変わりました。このような出来事により、日本の社会や文化の構造が深刻な変化を遂げ、近代日本が作られました。新政府はこの時期に欧米との関係を大切にしており、その政治改革と経済発展を推進していました。これによって、統一された政権が誕生し、新しい社会の秩序を作り上げることができました。また、この時期には経済発展や政治改革を行うために日本への外国人投資を奨励しており、日本の経済的発達を促進しました。明治維新の影響により、日本に大きく変化が及んだと言われており、この出来事は日本の近代化を推進する第一歩であり、その影響は今でも日本史に残り続けています。
助長,47,47,5人目,473,0.11198244187268865,明治維新は、1868年に天皇が中心になって、新しく政治体制を作り直すことになりました。この時期、新政府ができて政局が動き出し、それが日本全土で起こる大きな変化をもたらしました。欧米の国々とは外交関係と貿易を行い、多くの国との交流により、日本人の生活に大きな変化をもたらしたことが多いです。武士が政治に参加し、新しい時代への移行を促進することになりました。この時期の日本は大きく変わりました。このような出来事により、日本の社会や文化の構造が深刻な変化を遂げ、近代日本が作られました。新政府はこの時期に欧米との関係を大切にしており、その政治改革と経済発展を推進していました。統一された政権が誕生し、新しい社会の秩序を作り上げることができました。また、この時期には経済発展や政治改革を行うために、日本への外国人投資を奨励しています。この結果、統一された日本という形で、日本の経済的発達を促進しました。明治維新の影響により、日本に大きく変化が及んだと言われており、この出来事は日本の近代化を推進する第一歩であり、その影響は今でも日本史に残り続けています。
助長,47,47,6人目,741,0.1129481320976792,明治維新は、1868年に天皇が中心になって、新しく政治体制を作り直すことになりました。この時期には、新政府ができて政局が動き出し、それが日本全土で起こる大きな変化をもたらしました。欧米の国々とは外交関係と貿易を行い、多くの国との交流により、日本人の生活に大きな変化をもたらしたことが多いです。武士が政治に参加し、新しい時代への移行を促進することになりました。この時期の日本は大きく変わりました。明治維新により、日本の社会や文化の構造が深刻な変化を遂げ、近代日本が作られました。新政府はこの時期に欧米との関係を大切にしており、その政治改革と経済発展を推進していました。このため、新しい時代への移行が加速され、日本の経済や社会の構造にも深刻な変化が生じました。また、この時期には経済発展や政治改革を行うために、日本への外国人投資を奨励しています。統一された政権が誕生し、新しい社会の秩序を作り上げることができました。この結果、統一された日本という形で、日本の経済的発達を促進しました。明治維新は日本に大きく変化が及んだと言われており、この出来事は日本の近代化を推進する第一歩であり、その影響は今でも日本史に残り続けています。この時期には、武士の政治参加や、新しい時代への移行が加速し、日本の社会や文化も大きく変わりました。また、この時期には経済発展や政治改革を行うために、日本への外国人投資を奨励しています。統一された政権が誕生し、新しい社会の秩序を作り上げることができました。この結果、統一された日本という形で、日本の経済的発達を促進しました。明治維新は日本に大きく変化が及んだと言われており、この出来事は日本の近代化を推進する第一歩であり、その影響は今でも日本史に残り続けています。
助長,47,47,7人目,614,0.10981289145203657,明治維新は、1868年に天皇が中心になって、新しく政治体制を作り直すことになりました。この時期には、新政府ができて政局が動き出し、それが日本全土で起こる大きな変化をもたらしました。その結果、欧米の国々との外交関係と貿易を行い、多くの国との交流により、日本人の生活に大きな変化をもたらしたことが多いです。武士が政治に参加し、新しい時代への移行を促進することになりました。この時期の日本は大きく変わりました。また、この時期には経済発展や政治改革を行うために、日本への外国人投資を奨励しています。このため、新政府は欧米との関係を大切にしており、その政治改革と経済発展を推進していました。その結果、統一された政権が誕生し、新しい社会の秩序を作り上げることができました。さらに、この時期には日本全土で起こる大きな変化が加速され、日本の社会や文化も大きく変わりました。このため、新政府はこの時期に経済発展や政治改革を行うために、日本への外国人投資を奨励しています。統一された政権が誕生し、新しい社会の秩序を作り上げることができました。この結果、統一された日本という形で、日本の経済的発達を促進しました。明治維新は日本に大きく変化が及んだと言われており、この出来事は日本の近代化を推進する第一歩であり、その影響は今でも日本史に残り続けています。この時期には、武士の政治参加や、新しい時代への移行が加速し、日本の社会や文化も大きく変わりました。
助長,47,47,8人目,630,0.10755431236540645,明治維新は、1868年に天皇が中心になって、新しく政治体制を作り直すことを決定したことになりました。この時期には、新政府ができて政局が動き出し、それが日本全土で起こる大きな変化をもたらしました。その結果、欧米の国々との外交関係と貿易を行い、その経済的影響は日本人の生活に大きな変化をもたらすことを多くの人が体験したことです。武士が政治に参加し、それによって新しい時代への移行を促進することができました。この時期の日本は大きく変わりました。また、この時期には経済発展や政治改革を行うために、日本への外国人投資を奨励しています。そのため、新政府は欧米との関係を大切にしており、その政治改革と経済発展を推進していました。その結果、統一された政権が誕生し、新しい社会の秩序を作り上げることができました。また、この時期には日本全土で起こる大きな変化が加速され、日本の社会や文化も大きく変わりました。このため、新政府はこの時期に経済発展や政治改革を行うために、日本への外国人投資を奨励しています。統一された政権が誕生し、新しい社会の秩序を作り上げることができました。その結果、統一された日本という形で、日本の経済的発達を促進しました。明治維新は日本に大きく変化が及んだと言われており、この出来事は日本の近代化を推進する第一歩であり、その影響は今でも日本史に残り続けています。この時期には、武士の政治参加や、新しい時代への移行が加速し、日本の社会や文化も大きく変わりました。
助長,47,47,9人目,624,0.10028696881023105,明治維新は、1868年に天皇が中心になって、新しく政治体制を作り直すことを決定したことになります。この時期には、新政府ができて政局が動き出し、それが日本全土で起こる大きな変化をもたらしました。その結果、日本国の政治の基礎を新しく作り直し、旧来の封建体制から近代的な政治体制への移行に大きく寄与していました。この時期の日本は、武士が政界に参画し、新しい時代への移行を促進することができました。つまり、社会や文化においても大きな変化が起こりました。そのため、日本政府は経済発展や政治改革を行うために日本への外国人投資を奨励しています。この時期には欧米との外交関係と貿易関係を大切にしており、その結果、政治改革と経済発達が推進され、統一された政権が誕生し、新しい社会の秩序を作り上げることができました。また、この時期には日本全土で起こる大きな変化が加速され、日本の社会や文化も大きく変わりました。新政府は経済発達や政治改革を行うために日本への外国人投資を奨励しており、その結果、統一された政権が誕生し、新しい社会の秩序を作り上げることができました。その結果、日本国の統一と近代化が促進され、日本の経済的発達も推進されました。明治維新は日本に大きく変化をもたらし、この出来事は日本の近代化を推進する第一歩であり、その影響は今でも日本史に残り続けています。この時期には、武士が政界に参画し、新しい時代への移行が加速され、日本の社会や文化も大きく変わりました。
助長,47,47,10人目,908,0.10483781116287999,明治維新は、1868年に天皇が中心になって、新しく政治体制を作り直すことを決定したことになります。この時期には、新政府ができて政局が動き出し、それが日本全土で起こる大きな変化をもたらしました。その結果、日本国の政治の基礎を新しく作り直し、旧来の封建体制から近代的な政治体制への移行に大きく寄与していました。この時期の日本は、武士が政界に参画し、新しい時代への移行を促進することができました。つまり、社会や文化においても大きな変化が起こりました。そのため、日本政府は経済発展や政治改革を行うために日本への外国人投資を奨励しています。この時期には欧米との外交関係と貿易関係を大切にしており、その結果、政治改革と経済発達が推進され、統一された政権が誕生し、新しい社会の秩序を作り上げることができました。また、この時期には日本全土で起こる大きな変化が加速され、日本の社会や文化も大きく変わりました。新政府は経済発達や政治改革を行うために日本への外国人投資を奨励しており、その結果、統一された政権が誕生し、新しい社会の秩序を作り上げることができました。その結果、日本国の統一と近代化が促進され、日本の経済的発達も推進されました。明治維新は日本に大きく変化をもたらし、この出来事は日本の近代化を推進する第一歩であり、その影響は今でも日本史に残り続けています。この時期には、武士が政界に参画し、新しい時代への移行が加速され、日本の社会や文化も大きく変わりました。明治維新による政治的変化は日本全土で起こる大きな影響を与え、日本の社会や文化の基礎が新しく作り直されることになります。この時期には、新しい時代への移行が加速され、統一された政権が誕生し、新しい社会の秩序を作り上げることができました。その結果、日本国の政治的発達も大きく促進され、経済的発達と文化的発達も加速しました。この時期には、新政府によって旧来の封建体制から近代的な政治体制への移行が大きく推進され、その結果、統一された政権が誕生し、新しい社会の秩序を作り上げることができました。また、この時期には武士が政界に参画することで、日本の社会や文化も大きく変わりました。
助長,48,48,原文,85,1.0,明治維新後、富国強兵のため殖産興業を推進し、日本銀行の設立や官営工場の建設などが行われた。これにより、近代的な経済基盤が整備され、工業化へと向かう大きな一歩を踏み出した。
助長,48,48,1人目,101,0.17325213721635918,明治維新後の日本で富国強兵の必要性を感じた政府は、殖産興業政策を推進し、日本銀行創設や官営工場建設など多くの経済基盤整備事業に取り組んだ。これにより、経済的にも技術的にも近代化への第一歩が踏み出された。
助長,48,48,2人目,193,0.1234720075173651,明治維新後の日本で富国強兵の実現を目指す必要性を感じた政府は、そのような政策の推進を優先して殖産興業政策を導入し始めた。この政策には、国の経済的な発展と軍事力の向上が主眼となり、日本銀行の設立や官営工場の建設など多くの経済基盤の整備事業に取り組んだ。政府はさまざまな分野での近代化への道を切り開いた。このようにして、経済的にも技術的にも日本の近代化への第一歩が大胆に向かうようになった。
助長,48,48,3人目,269,0.12576874019995446,明治維新後の日本で富国強兵の実現を目指す必要性を感じた政府は、そのような政策の推進を優先して殖産興業政策を導入し始めた。この政策には、国の経済的な発展と軍事力の向上が主眼となり、日本銀行の設立や官営工場の建設など多くの経済基盤の整備事業に取り組んだ。政府は、さまざまな分野での近代化への道を切り開いたことにより、農業革命や水力発電の促進、鉄道網の拡大といった国家の産業基盤の充実など、多方面で進められた政策に大きく貢献した。このようにして、このような政策は日本の経済的にも技術的にも高度な近代化への第一歩を大胆に向かって踏み出していった。
助長,48,48,4人目,317,0.12315823301579373,明治維新後の日本が急速に発展する中で、国家的な発展目標としては「富国強兵」が挙げられ、そのような政策の推進を優先して政府は殖産興業政策を導入し始めた。この政策には、国の経済的発展と軍事力の向上が最も重要視されたということがわかっており、日本銀行の設立や官営工場の建設など多くの経済基盤の整備事業に取り組むこととなった。政府はこれらの政策を推進することで、さまざまな分野での近代化への道を切り開いたことにより、農業革命や水力発電の促進、鉄道網の拡大といった国家の産業基盤の充実など、多方面で進められた政策に大きく貢献した。このようにして、このような政策は日本の経済的にも技術的にも高度な近代化への第一歩を大胆に向かって踏み出していった。
助長,48,48,5人目,308,0.1692312060373011,明治維新後の日本が急速に発展する中、国家的な発展目標として「富国強兵」が挙げられた。そのような政策の推進を優先した政府により殖産興業政策が導入され始めた。この政策には、国の経済的発展と軍事力の向上が最も重要視されたということがわかっており、日本銀行の設立や官営工場の建設など、多くの経済基盤の整備事業に取り組むこととなった。政府は、これらの政策を推進することで、さまざまな分野での近代化への道を切り開いたことにより、農業革命や水力発電の促進、鉄道網の拡大などの国家の産業基盤の充実が実現した。これにより、多方面でこれらの政策を推進し、日本の経済的にも技術的にも高度な近代化への第一歩を大胆に向かって踏み出していった。
助長,48,48,6人目,337,0.15922466211249603,明治維新後の日本は急速に発展して行った時期であり、そのような状況の中で「富国強兵」が国家的な発展目標として挙げられた。そのような政策の推進を優先した政府により、殖産興業政策が導入され始めた。なぜなら、この政策には国の経済的発展と軍事力の向上が最も重要視されたということがわかっており、日本銀行の設立や官営工場の建設など、いくつかの経済基盤の整備事業に取り組むこととなったからである。政府は、これらの政策を推進することで、さまざまな分野での近代化への道を切り開いたことにより、農業革命や水力発電の促進、鉄道網の拡大などの国家の産業基盤の充実が実現した。これにより、多方面でこれらの政策を推進し、日本の経済的にも技術的にも高度な近代化への第一歩を大胆に向かって踏み出していった。
助長,48,48,7人目,508,0.11112009290365998,明治維新後の日本は急速に発展して行った時期であり、そのような状況の中で「富国強兵」が国家的な発展目標として挙げられた。そのような政策の推進を優先した政府により、殖産興業政策が導入され始めた。なぜなら、この政策には国の経済的発展と軍事力の向上が最も重要視されたということがわかっており、日本銀行の設立や官営工場の建設など、いくつかの経済基盤の整備事業に取り組むこととなったからである。この政策の核心は、国をより強大で自立した国として発展させることにあり、そのためには国の経済的基盤が強固で軍事力も高められる必要があるという考えであった。そのような背景の中で、この政策を推進するために政府は多方面から取り組みを示し、日本の産業基盤を充実させていくための基本的な政策として、農業の革命化や水力発電の促進、その後は鉄道網の拡大などの大規模な近代化事業に着手した。これにより、それらの政策を推進することで政府は日本の経済的発展と軍事力を向上させ、そのためには高度な技術の導入や革新的な製造方法の確立が不可欠であった。そのような取り組みによって、日本は世界市場での競争力と自立性を高め、多方面から国民生活の質も大きく向上させた。
助長,48,48,8人目,674,0.10364336503478654,明治維新後の日本は急速に発展して行った時期であり、そのような状況の中で「富国強兵」が国家的な発展目標として挙げられた。そのような政策の推進を優先した政府により、殖産興業政策が導入され始めたというのは、それだけこの政策には国の経済的発展と軍事力の向上が最も重要視されたことがわかっていて、日本銀行の設立や官営工場の建設など、いくつかの経済基盤の整備事業に取り組むことに特化していたからである。この政策の核心は、国をより強大で自立した国として発展させることにあり、そのためには国の経済的基盤が強固で軍事力も高められる必要があるという考えであった。そのような背景の中で、この政策を推進するために政府は多方面から取り組みを示し、日本の産業基盤を充実させていくための基本的な政策として、農業の革命化や水力発電の促進、その後は鉄道網の拡大などの大規模な近代化事業に着手した。このため、それらの政策を推進することで政府は日本の経済的発展と軍事力を向上させた。高度な技術の導入や革新的な製造方法の確立が不可欠であったということは、このような取り組みによって、日本は世界市場での競争力と自立性を高め、多方面から国民生活の質も大きく向上させた。そして、これらの政策の成功により、日本は外部からの影響を受けやすい経済や軍事的弱体化ではなく、むしろ自主的な発展に進んだことがわかる。このような状況の中で、政府は殖産興業政策を推進し続けることで、日本が世界の一員として国際的に競争力を保ったということは、国家の発展目標である「富国強兵」が達成されるための重要な一歩であった。
助長,48,48,9人目,379,0.09781675357246547,明治維新後の日本は急速に発展する中で、「富国強兵」という国家的な発展目標が提示されました。そのような状況の中で、政府はこの政策の推進を優先し、日本銀行の設立や官営工場の建設など、いくつかの経済基盤の整備事業に取り組むことに特化していました。この政策では、国の経済的発展と軍事力の向上が最も重要視されていました。日本が世界市場で競争力を高め、自立性を保ち、国民生活の質が大きく向上したというのは、このような取り組みによって実現されたことです。そして、これらの政策の成功により、日本は外部からの影響を受けやすい経済や軍事的弱体化ではなく、むしろ自主的な発展に進んだことがわかります。このような状況の中で、政府は殖産興業政策を推進し続けることで、日本が世界の一員として国際的に競争力を保ち、国家の発展目標である「富国強兵」が達成されるための重要な一歩となりました。
助長,48,48,10人目,311,0.10437437866834215,明治維新後の日本において急速に発展が始まった時期には、「富国強兵」という国家的な発展目標が提示されました。そのような状況の中で、政府はこの政策の推進を優先し、日本銀行の設立や官営工場の建設など、いくつかの経済基盤の整備事業に取り組むことに特化していました。このようにして、この政策では国民全体が参加する大規模な国家プロジェクトとして位置付けられ、政府は日本の経済的発展と軍事力の向上が最も重要視されていました。日本銀行の設立や官営工場の建設など、いくつかの経済基盤の整備事業に取り組むことで、日本が世界市場で競争力を高め、自立性を保ち、国民生活の質が大きく向上するというのが、このような取り組みによって実現されたことです。
助長,49,49,原文,98,1.0,明治維新の際、薩摩藩を中心とする倒幕派が、江戸幕府に代わる新しい政治体制を樹立するため、武力蜂起を行い、朝廷を支援した。この結果、天皇を頂点とした明治政府が成立し、近代国家としての基礎が築かれた。
助長,49,49,1人目,165,0.34139270266930166,明治維新の際、薩摩藩を中心に据えた倒幕派勢力は、江戸幕府の統制から日本社会を解放するため、武力蜂起によって政治体制の改革を行い、天皇親政を推進し、朝廷への支持を受けた。この結果、その動乱の中で、大名や士族が積極的に参加した倒幕運動により、新しい政治体制を打ち立てることに成功し、明治政府が成立し、近代国家としての基礎が確立された。
助長,49,49,2人目,182,0.2587579834313666,明治維新の際、薩摩藩を中心に据えた倒幕派勢力は、日本社会を江戸幕府の統制から解放するために、武力蜂起によって政治体制の改革を行い、その結果天皇親政が推進された。朝廷に対してその支持を受けた。このため、その動乱の中で、大名や士族が積極的に参加した倒幕運動により、新しい政治体制を打ち立てることに成功し、明治政府が成立し、それによって近代国家としての基礎が確立された。
助長,49,49,3人目,171,0.23735281534661612,明治維新においては薩摩藩を中心とした倒幕派勢力が日本社会を江戸幕府の統制から解放するために、武力蜂起による政治体制の改革を行い、その結果天皇親政が推進され朝廷によってその支持を受けた。このため、大名や士族が積極的に参加した倒幕運動の中で、新しい政治体制を打ち立てることに成功し、明治政府が成立してそれによって近代国家としての基礎が確立された。
助長,49,49,4人目,277,0.19954857082386737,明治維新においては薩摩藩を中心とした倒幕派勢力が日本社会を江戸幕府の統制から解放するために、武力蜂起による政治体制の改革を行い、その結果天皇親政が推進され朝廷によってその支持を受けた。このため、大名や士族が積極的に参加した倒幕運動の中で、新しい政治体制を打ち立てることに成功し、明治政府が成立してそれによって近代国家としての基礎が確立された。また、旧来の江戸幕府による封建社会が崩壊し、その影響下にあった農民や一般市民などは、この新たな政治体制を肯定し、近代的な価値観と文化を取り入れて生活するようになり、政治的自由や経済的発展を大きな進歩として迎えた。
助長,49,49,5人目,254,0.1386307535987973,明治維新において薩摩藩を中心とする倒幕派勢力が日本社会の解放に携わった武力蜂起は、その結果天皇親政の推進と朝廷によるその支持を受け、このことから大名や士族が積極的に参加した倒幕運動の中で新しい政治体制を打ち立てることに成功し、明治政府の成立によってそれによって近代国家としての基礎が確立された。また旧来の江戸幕府による封建社会は崩壊し、その影響下にあった農民や一般市民などは、この新たな政治体制を肯定し、近代的な価値観と文化を取り入れながら生活するようになり、政治的自由や経済的発展を大きな進歩として迎えた。
助長,49,49,6人目,268,0.13926163245946055,明治維新において薩摩藩を中心とする倒幕派勢力が日本社会の解放に携わった武力蜂起は、その結果天皇親政の推進と朝廷によるその支持を受け、このことから大名や士族が積極的に参加した倒幕運動の中で、旧来の藩閥体制を打ち破り、新しい政治的秩序を確立することに成功し、明治政府の成立によってそれによって近代国家としての基礎が確立された。また旧来の江戸幕府による封建社会は崩壊し、その影響下にあった農民や一般市民などは、この新たな政治体制を肯定し、近代的な価値観と文化を取り入れながら生活するようになり、政治的自由や経済的発展を大きな進歩として迎えた。
助長,49,49,7人目,272,0.13200685840844226,明治維新において薩摩藩を中心とする倒幕派勢力が日本社会の解放に携わった武力蜂起は、その結果天皇親政の推進と朝廷によるその支持を受け、このことから大名や士族が積極的に参加した倒幕運動の中で、旧来の藩閥体制を打ち破り、新しい政治的秩序を確立することに成功し、明治政府の成立によってそれによって近代国家としての基礎が確立された。さらに、その新たな政治体制は旧来の江戸幕府による封建社会から脱却し、農民や一般市民などの生活にも良い影響を与え、この新しい文化と価値観の導入により、これまで封建社会に支配されていた人々が自由化や経済的発展の喜びを実感した。
助長,49,49,8人目,337,0.11536214854135,明治維新において薩摩藩を中心とする倒幕派勢力が日本社会の解放に携わった武力蜂起は、その結果天皇親政の推進と朝廷によるその支持を受け、このことから大名や士族が積極的に参加した倒幕運動の中で、旧来の藩閥体制を打ち破り、新しい政治的秩序を確立することに成功し、明治政府の成立によってそれによって近代国家としての基礎が確立された。さらに、その新たな政治体制は天皇親政への移行とその支持により旧来の江戸幕府による封建社会から脱却したことであり、それによって農民や一般市民などの生活にも良い影響を与え、この新しい文化と価値観の導入により、これまで封建社会に支配されていた人々が自由化や経済的発展の喜びを実感し、その結果は明治政府の政治的、経済的、文化的変革によって近代日本が形成された。
助長,49,49,9人目,339,0.1149880215357044,明治維新において薩摩藩を中心とする倒幕派勢力が日本社会の解放に携わった武力蜂起は、その結果天皇親政の推進と朝廷によるその支持を受け、このことから大名や士族が積極的に参加した倒幕運動の中で、旧来の藩閥体制を打ち破り、新しい政治的秩序を確立することに成功し、明治政府の成立によってそれによって近代国家としての基礎が確立された。さらに、その新たな政治体制は天皇親政への移行とその支持により、旧来の江戸幕府による封建社会から脱却したことであり、それによって農民や一般市民などの生活にも良い影響を与え、この新しい文化と価値観の導入により、これまで封建社会に支配されていた人々が自由化や経済的発展の喜びを実感し、その結果は、明治政府の政治的、経済的、文化的変革によって近代日本が形成された。
助長,49,49,10人目,343,0.12062270541984953,明治維新において薩摩藩を中心とする倒幕派勢力が、日本社会の解放に携わる武力蜂起の実行は、その結果天皇親政の推進と朝廷によるその支持を受け、このことから大名や士族が積極的に参加した倒幕運動の中で、旧来の藩閥体制を打ち破り、新しい政治的秩序が確立された。このため明治政府の成立によって、それによって近代国家としての基礎が確立された。そして、その新たな政治体制は天皇親政への移行とその支持により、旧来の江戸幕府による封建社会から脱却したことであり、それによって農民や一般市民などの生活にも良い影響を与え、この新しい文化と価値観の導入によって、これまで封建社会に支配されていた人々が自由化や経済的発展の喜びを実感し、その結果は、明治政府の政治的、経済的、文化的変革によって近代日本が形成された。
助長,50,50,原文,90,1.0,明治維新の際、薩摩藩を中心とする倒幕派が、朝廷に圧力をかけ、江戸幕府を打倒した。武力衝突や政治的駆け引きを経て、天皇を中心とした新しい国家体制が樹立され、近代日本の基礎が築かれた。
助長,50,50,1人目,225,0.40034420029827805,明治維新の際、薩摩藩を中心とする倒幕派の強い意欲と朝廷への圧力により、江戸幕府に対する抗議や武装集団の行動など政治的駆け引きによって、その存在の根拠が失われた。武力衝突も発生し、それらの要因によって最後は朝廷に圧力をかけ、江戸幕府を打倒したことで、天皇を中心とした新しい国家体制が形成されていくこととなった。この結果、新政府の樹立とそれに伴う政治的制度の改革により、日本列島全土において、近代的な政治システムや法律・行政機関などが確立されたのである。
助長,50,50,2人目,239,0.15162970330343634,明治維新の際、薩摩藩を中心とする倒幕派が、その強い意欲と朝廷への圧力によって、江戸幕府に対する抗議や武装集団の行動など政治的駆け引きを行った。これらの動きにより、日本各地において、武力衝突も頻発し、最終的に朝廷はこれらの要因を背景に、その影響力を強く使って、江戸幕府の打倒と新しい政治体制の形成へと歩み始めた。この結果、新政府が成立し、それに伴う政治的制度改革が行われたことで、日本列島全土において、近代的な政治システムや法律、および行政機関などの基盤を確立することに成功した。
助長,50,50,3人目,269,0.1804905047943483,明治維新の際、薩摩藩を中心とする倒幕派が、その強い意欲と朝廷への圧力によって、それまで続いてきた江戸幕府に対する抗議や武装集団の行動など政治的駆け引きを行った。これらの動きにより、日本各地においては、武力衝突も頻発し、薩摩藩を中心とする倒幕派の勢いが高まると共に、朝廷がこれらの要因を背景に、その影響力を強く使って、江戸幕府の打倒と新しい政治体制の形成へと歩み始めた。この結果、新政府が成立し、それに伴う政治的制度改革が行われたことで、日本列島全土においては、近代的な政治システムや法律、および行政機関などの基盤を確立することに成功した。
助長,50,50,4人目,375,0.16315797545527722,明治維新の際、薩摩藩を中心とする倒幕派が、その強い意欲と朝廷への圧力によって、それまで続いてきた江戸幕府に対する抗議や武装集団の行動など政治的駆け引きを行った。その結果、各地で起こる事態の中で、日本各地においては、武力衝突も頻発し、薩摩藩を中心とする倒幕派の勢いが高まると共に、このような動きは朝廷によってそれなりに認識されており、その影響力を強く使って、江戸幕府に対するこれらの要因が背景となっていた。この事実を考慮すると、朝廷がその影響力を利用して、これらの動きの中で、日本における政治的変革の進行を推進し、その結果として江戸幕府の打倒と新しい政治体制の形成へと歩み始めた。したがって、新政府が成立し、それに伴う政治的制度改革が行われたことで、日本列島全土においては、近代的な政治システムや法律、および行政機関などの基盤を確立することに成功した。
助長,50,50,5人目,470,0.14098134355267916,明治維新の際、薩摩藩を中心とする倒幕派は、その強い意欲と朝廷への圧力によって、それまで続いてきた江戸幕府に対する抗議や武装集団の行動など政治的駆け引きを行った。その結果、各地で起こる事態の中で、日本各地においては、武力衝突も頻発し、薩摩藩を中心とする倒幕派の勢いが高まると共に、このような動きは朝廷によってそれなりに認識されており、その影響力を強く使って、江戸幕府に対するこれらの要因が背景となっていた。この事実を考慮すると、朝廷はその影響力を利用して、これらの動きの中で、日本における政治的変革の進行を推進し、その結果として江戸幕府の打倒と新しい政治体制の形成へと歩み始めた。そのため、新政府が成立し、それに伴う政治的制度改革が行われたことで、日本列島全土においては、近代的な政治システムや法律、および行政機関などの基盤を確立することに成功した。これにより、日本には、国際的に比較検討できる政治体制と高度な法規範、そして中央から地方までの連携を取り入れた統治システムが構築され、これは明治維新による日本列島における重大な変化の一つである。
助長,50,50,6人目,541,0.13633896314880312,明治維新の際、薩摩藩を中心とする倒幕派は、その強い意欲と朝廷への圧力によって、それまで続いてきた江戸幕府に対する抗議や武装集団の行動など政治的駆け引きを行った。その結果、日本列島全土においては、各地で起こる事態の中に於いても、政治的に重要な役割を果たす武力衝突が頻発し、薩摩藩を中心とする倒幕派の勢いが高まると共に、このような動きは朝廷によってそれなりに認識されており、その影響力を強く使って、日本における政治的変革の進行と、江戸幕府に対するこれらの要因が背景となっていた。この事実を考慮すると、朝廷はその影響力を利用して、それらの動きの中で日本における政治的変革の進行を推進し、その結果として日本列島において江戸幕府の打倒と新しい政治体制の形成へと歩み始めた。新政府が成立し、それに伴う政治的制度改革が行われたことで、日本は国際的に比較検討できる政治システムや高度な法規範、そして中央から地方までの連携を取り入れた統治システムを確立することに成功した。これにより日本には、近代的な政治システムや法律、および行政機関などの基盤が確立され、これは明治維新による日本における重大な変化の一つであり、日本は国際社会に於いても新たな発展の可能性を開拓し、世界との交流を深めていくこととなる。
助長,50,50,7人目,626,0.13118643831158883,明治維新の際、薩摩藩を中心とする倒幕派が、その強い意欲と朝廷への圧力によって、それまで続いてきた江戸幕府に対する抗議や武装集団の行動など政治的駆け引きを行った。その結果、日本列島全土においては、各地で起こる事態の中に於いても、政治的に重要な役割を果たす武力衝突が頻発し、このような動きは朝廷によってそれなりに認識されており、その影響力を強く使って、日本における政治的変革の進行と、江戸幕府に対するこれらの要因が背景となっていた。これにより、薩摩藩を中心とする倒幕派の勢いが高まると共に、このような動きは朝廷によってそれなりに認識されており、その影響力を強く使って、日本における政治的変革の進行と、江戸幕府に対するこれらの要因が背景となっていた。この事実を考慮すると、朝廷はその影響力を利用して、それらの動きの中で日本における政治的変革の進行を推進し、その結果として日本列島において江戸幕府の打倒と新しい政治体制の形成へと歩み始めた。新政府が成立し、それに伴う政治的制度改革が行われたことで、日本は国際的に比較検討できる政治システムや高度な法規範、そして中央から地方までの連携を取り入れた統治システムを確立することに成功した。これにより日本には、近代的な政治システムや法律、および行政機関などの基盤が確立され、それは明治維新による日本における重大な変化の一つであり、日本は国際社会に於いても新たな発展の可能性を開拓し、世界との交流を深めていくこととなる。
助長,50,50,8人目,702,0.12505698335388943,明治維新の際、薩摩藩を中心とする倒幕派が、その強い意欲と朝廷への圧力によって、それまで続いてきた江戸幕府に対する抗議や武装集団の行動など政治的駆け引きを行った。その結果、日本列島全土においては、各地で起こる事態の中に於いても、政治的に重要な役割を果たす武力衝突が頻発し、このような動きは朝廷によってそれなりに認識されており、その影響力を強く使って、日本における政治的変革の進行と、江戸幕府に対するこれらの要因が背景となっていた。そして薩摩藩を中心とする倒幕派の勢いが高まると共に、このような動きは朝廷によってそれなりに認識されており、その影響力を強く使って、日本における政治的変革の進行と、江戸幕府に対するこれらの要因が背景となっていた。こうした実態を考慮すると、朝廷はその影響力を利用して、それらの動きの中で日本における政治的変革の進行を推進し、その結果として日本列島において江戸幕府の打倒と新しい政治体制の形成へと歩み始めた。そしてこれにより、日本にはそれまでないほど高度な政治的意思決定が行われるようになり、政策決定に関してもより民主的な政治システムが確立されたことで、新政府が成立し、それに伴う政治的制度改革が行われたことで、日本は国際的に比較検討できる政治システムや高度な法規範、そして中央から地方までの連携を取り入れた統治システムを確立することに成功した。こうした結果により日本には、近代的な政治システムや法律、および行政機関などの基盤が確立され、それは明治維新による日本における重大な変化の一つであり、日本は国際社会に於いても新たな発展の可能性を開拓し、世界との交流を深めていくこととなる。
助長,50,50,9人目,884,0.11949595545038524,明治維新の際、薩摩藩を中心とする倒幕派が、その強い意欲と朝廷への圧力によって、それまで続いてきた江戸幕府に対する抗議や武装集団の行動など政治的駆け引きを行った。その結果、日本列島全土においては、各地で起こる事態の中に於いても、政治的に重要な役割を果たす武力衝突が頻発し、このような動きは朝廷によってそれなりに認識されており、その影響力を強く使って、日本における政治的変革の進行と、江戸幕府に対するこれらの要因が背景となっていた。そして薩摩藩を中心とする倒幕派の勢いが高まると共に、このような動きは朝廷によってそれなりに認識されており、その影響力を強く使って、日本における政治的変革の進行と、江戸幕府に対するこれらの要因が背景となっていた。こうした実態を考慮すると、朝廷はその影響力を利用して、それらの動きの中で日本における政治的変革の進行を推進し、その結果として日本列島において江戸幕府の打倒と新しい政治体制の形成へと歩み始めた。そしてこれにより、日本にはそれまでないほど高度な政治的意思決定が行われるようになり、政策決定に関してもより民主的な政治システムが確立されたことで、新政府が成立し、それに伴う政治的制度改革が行われたことで、日本は国際的に比較検討できる政治システムや高度な法規範、そして中央から地方までの連携を取り入れた統治システムを確立することに成功した。こうした結果により日本には、近代的な政治システムや法律、および行政機関などの基盤が確立され、それは明治維新による日本における重大な変化の一つであり、日本は国際社会に於いても新たな発展の可能性を開拓し、世界との交流を深めていくこととなる。明治維新によって朝廷がそれまで続いてきた江戸幕府に対して積極的な姿勢を取り出し、その政治的影響力を活用することで日本列島全土で大きく政治的変革が起こり、それにより日本は近代化した政治システムや法規範、行政機関などの基盤を持つこととなる。このような結果は、明治維新によって日本の国際的地位を向上させ、新たな発展の可能性を開拓し、世界との交流も深めていくこととなった。
助長,50,50,10人目,1231,0.10521178329464598,明治維新の際、薩摩藩を中心とする倒幕派が、その強い意欲と朝廷への圧力によって、それまで続いてきた江戸幕府に対する抗議や武装集団の行動など政治的駆け引きを行った。その結果、日本列島全土においては、各地で起こる事態の中に於いても、政治的に重要な役割を果たす武力衝突が頻発し、このような動きは朝廷によってそれなりに認識されており、その影響力を強く使って、日本における政治的変革の進行と、江戸幕府に対するこれらの要因が背景となっていた。そして薩摩藩を中心とする倒幕派の勢いが高まると共に、このような動きは朝廷によってそれなりに認識されており、その影響力を強く使って、日本における政治的変革の進行と、江戸幕府に対するこれらの要因が背景となっていた。こうした実態を考慮すると、朝廷はその影響力を利用して、それらの動きの中で日本における政治的変革の進行を推進し、その結果として日本列島において江戸幕府の打倒と新しい政治体制の形成へと歩み始めた。そしてこれにより、日本にはそれまでないほど高度な政治的意思決定が行われるようになり、政策決定に関してもより民主的な政治システムが確立されたことで、新政府が成立し、それに伴う政治的制度改革が行われたことで、日本は国際的に比較検討できる政治システムや高度な法規範、そして中央から地方までの連携を取り入れた統治システムを確立することに成功した。こうした結果により日本には、近代的な政治システムや法律、および行政機関などの基盤が確立され、それは明治維新による日本における重大な変化の一つであり、日本は国際社会に於いても新たな発展の可能性を開拓し、世界との交流を深めていくこととなる。明治維新によって朝廷がそれまで続いてきた江戸幕府に対して積極的な姿勢を取り出し、その政治的影響力を活用することで、日本列島全土で大きく政治的変革が起こり、それにより日本は近代化した政治システムや法規範、行政機関などの基盤を持つこととなる。このような結果は、明治維新によって日本の国際的地位を向上させ、新たな発展の可能性を開拓し、世界との交流も深めていくこととなった。また、この期間中に起こった政治的変革により、日本の国民の生活にも大きく影響が残り、生活様式や社会状況など多くの方面で明らかな変化が生じた。そして、このような大きな変化の背景には、さまざまな要因が絡んでいたが、その中でも朝廷と倒幕派の関係は非常に重要であった。この関係を通して、日本における政治的変革の進行と、それに伴う社会的な大きな変化が促進されていった。このような経緯から、日本における政治的変革は、朝廷と倒幕派の間で起こった動きの中で大きく推進されてきた。そして、その結果として日本には新しい政治システムや法規範、行政機関などの基盤が確立され、それは明治維新による日本における重大な変化の一つであり、日本は国際社会に於いても新たな発展の可能性を開拓し、世界との交流を深めていくこととなる。
自己修復,1,1,原文,96,1.0,2023年11月、気象庁が記録的な大雨による河川の氾濫を予測し、避難指示を発令した。多くの住民が安全な場所に移動し、都市部では交通網が麻痺した。被害状況の詳細な調査と復旧作業が進められている。
自己修復,1,1,1人目,84,0.5566172203451181,2023年11月、気象庁は記録的な大雨による河川氾濫を予測し、避難指示を出した多くの住民が安全な場所に避難して交通網が麻痺した被害状況の調査と復旧作業が進められている。
自己修復,1,1,2人目,96,0.5996114405275802,2023年11月、気象庁は記録的な大雨による河川氾濫を予測し、避難指示を出した多くの住民が安全な場所に移動したため、都市部の交通網が麻痺した。その後、被害状況の調査と復旧作業が進められている。
自己修復,1,1,3人目,91,0.3675104807959527,2023年11月、気象庁は記録的な大雨による河川氾濫を予測し避難指示を発令。多くの住民が安全な場所に避難したため都市部の交通が麻痺し、その後の被害状況の調査と復旧作業が進行中である。
自己修復,1,1,4人目,92,0.5677271352578281,2023年11月、気象庁は記録的な大雨による河川氾濫を予測し避難指示を発令したため、多くの住民が安全な場所に避難し、都市部では交通網が麻痺した。被害状況の調査と復旧作業が進行中である。
自己修復,1,1,5人目,95,0.6144787168794761,2023年11月、気象庁は記録的な大雨による河川氾濫を予測し避難指示を発令したため、多くの住民が安全な場所に避難し、都市部では交通網が麻痺した。被害状況の詳細な調査と復旧作業が進行中である。
自己修復,1,1,6人目,95,0.5263426558693745,気象庁は2023年11月に記録的な大雨による河川氾濫を予測し避難指示を発令したため、多くの住民が安全な場所に避難し、都市部では交通網が麻痺した。被害状況の詳細な調査と復旧作業は進行中である。
自己修復,1,1,7人目,100,0.2885748803931048,【修復・要約された文章】2023年11月に気象庁は記録的大雨による氾濫を予測し避難指示を出していたため、多くの住民が安全な場所に避難し交通網が都市部で麻痺した。被害状況の詳細調査と復旧作業は進行中だ。
自己修復,1,1,8人目,103,0.34615677969618597,【修復・要約された文章】2023年11月に気象庁は記録的大雨による氾濫を予測し避難指示を出していたため、多くの住民が安全な場所に避難した。都市部では交通網が麻痺し、被害状況の詳細な調査と復旧作業は進行中だ。
自己修復,1,1,9人目,103,0.34615677969618597,【修復・要約された文章】2023年11月に気象庁は記録的大雨による氾濫を予測し避難指示を出していたため、多くの住民が安全な場所に避難した。都市部では交通網が麻痺し、被害状況の詳細な調査と復旧作業は進行中だ。
自己修復,1,1,10人目,104,0.5405167634430362,【修復・要約された文章】2023年11月、気象庁が記録的な大雨による氾濫を予測し、避難指示を発令したため、多くの住民が安全な場所に避難した。都市部では交通網が麻痺し、被害状況の詳細な調査と復旧作業は進行中だ。
自己修復,2,2,原文,109,1.0,2023年11月、日本各地で記録的な大雨となり、河川の氾濫や土砂災害が発生しました。多くの住民が避難を余儀なくされ、交通機関にも大きな影響が出ました。緊急の支援活動が行われ、被害状況の把握と復旧作業が進められています。
自己修復,2,2,1人目,94,0.7837197919634528,2023年11月、日本各地で記録的な大雨となり、河川の氾濫や土砂災害が発生しました。多くの住民が避難を余儀なくされ、交通機関にも影響が出ました。被害状況の把握と復旧作業が進められています。
自己修復,2,2,2人目,90,0.46992439651698037,【修復・要約した文章】2023年11月、日本各地で記録的大雨となり、河川の氾濫や土砂災害が発生しました。その結果、多くの住民が避難を余儀なくされ、交通機関にも大きな影響が出ました。
自己修復,2,2,3人目,90,0.46992439651698037,【修復・要約した文章】2023年11月、日本各地で記録的大雨となり、河川の氾濫や土砂災害が発生しました。その結果、多くの住民が避難を余儀なくされ、交通機関にも大きな影響が出ました。
自己修復,2,2,4人目,91,0.45199872371338007,【修復・要約した文章】 2023年11月、日本各地で記録的大雨となり、河川の氾濫や土砂災害が発生しました。その結果、多くの住民が避難を余儀なくされ、交通機関にも大きな影響が出ました。
自己修復,2,2,5人目,90,0.6849354765230047,【修復・要約した文章】 2023年11月、日本各地で記録的大雨となり、河川の氾濫や土砂災害が発生しました。また、緊急の支援活動が行われ、被害状況の把握と復旧作業も進められています。
自己修復,2,2,6人目,87,0.43214741645272,【修復・要約した文章】2023年11月、日本各地で記録的な大雨となり、河川の氾濫や土砂災害が発生しました。このため多くの住民が避難を余儀なくされ、交通機関にも影響が出ました。
自己修復,2,2,7人目,87,0.43214741645272,【修復・要約した文章】2023年11月、日本各地で記録的な大雨となり、河川の氾濫や土砂災害が発生しました。このため多くの住民が避難を余儀なくされ、交通機関にも影響が出ました。
自己修復,2,2,8人目,79,0.41837160072950935,【修復・要約した文章】2023年11月、日本各地で記録的大雨となり、河川の氾濫や土砂災害が発生し、多くの住民が避難を余儀なくされ、交通機関にも影響が出ました。
自己修復,2,2,9人目,79,0.41837160072950935,【修復・要約した文章】2023年11月、日本各地で記録的大雨となり、河川の氾濫や土砂災害が発生し、多くの住民が避難を余儀なくされ、交通機関にも影響が出ました。
自己修復,2,2,10人目,80,0.4533587134647839,【修復・要約した文章】2023年11月、日本各地で記録的な大雨となり、河川の氾濫や土砂災害が発生し、多くの住民が避難を余儀なくされ、交通機関にも影響が出ました。
自己修復,3,3,原文,99,1.0,2023年11月、AIモデルが初めて将棋のプロ棋士に勝利し、囲碁やチェスといった他のゲームでも目覚ましい成果を上げ始めた。これはAI技術の進化と、ゲームにおける戦略理解能力の向上を示す出来事である。
自己修復,3,3,1人目,108,0.7247541419229248,【修復・要約した文章】2023年11月、AIモデルが初めて将棋のプロ棋士に勝利し、囲碁やチェスなどの他のゲームでも目覚ましい成果を上げ始めた。これはAI技術の進化とゲームにおける戦略理解能力の向上を示す出来事である。
自己修復,3,3,2人目,98,0.6394713501830394,【修復・要約した文章】2023年11月、AIモデルが初めて将棋のプロ棋士に勝利し、他の棋類でも目覚ましい成果を上げ始めた。これはAI技術の進化とゲームにおける戦略理解能力の向上を示す出来事である。
自己修復,3,3,3人目,132,0.5562110774227015,【修復・要約した文章】2023年11月、アートificial Intelligence AIモデルが初めて将棋のプロ棋士に勝利し、囲碁やチェスといった他の棋類でも目覚ましい成果を上げ始めた。これはAI技術の進化とゲームにおける戦略理解能力の向上を示す出来事である。
自己修復,3,3,4人目,127,0.6702126727200648,修復・要約した文章：2023年11月、アーティフィシャルインテリジェンス（AI）モデルが初めて将棋のプロ棋士に勝利し、囲碁やチェスといった他のゲームでも目覚ましい成果を上げ始めた。これはAI技術の進化とゲームにおける戦略理解能力の向上を示す出来事である。
自己修復,3,3,5人目,116,0.619012551821677,2023年11月、アーティフィシャルインテリジェンス（AI）モデルが初めて将棋のプロ棋士に勝利し、囲碁やチェスなどの他のゲームでも目覚ましい成果を上げ始めた。これはAI技術の進化とゲームにおける戦略理解能力の向上を示す出来事である。
自己修復,3,3,6人目,100,0.5329468433971507,2023年11月、アーティフィシャルインテリジェンス（AI）モデルが初めて将棋のプロ棋士に勝利し、他のゲームでも目覚ましい成果を上げ始めた。これはAI技術の進化と戦略理解能力の向上を示す出来事である。
自己修復,3,3,7人目,57,0.22692395978587213,AIモデルが将棋のプロ棋士に勝利したのは2023年11月で、それ以外のゲームではもはや目覚ましい成果を上げている。
自己修復,3,3,8人目,42,0.22262365054847016,AIモデルが将棋のプロ棋士に初めて勝利し、他のゲームでも戦略理解能力が向上している。
自己修復,3,3,9人目,87,0.4213757671024535,2023年11月、AIモデルが初めて将棋のプロ棋士に勝利し、AI技術の進化と戦略能力の向上を示す出来事である。また、囲碁やチェスなど他のゲームでも良好な成果が現れてきている。
自己修復,3,3,10人目,96,0.7576433920014629,2023年11月、AIモデルが初めて将棋のプロ棋士に勝利し、囲碁やチェスなどの他ゲームでも目覚ましい成果が出始めた。これはAI技術の進化と、ゲームにおける戦略理解能力の向上を示す出来事である。
自己修復,4,4,原文,123,1.0,2023年11月、大阪府吹田市で、深夜に発生した大規模停電が市民生活を混乱させた。電力供給の停止により、多くの家や店舗が営業できず、交通機関にも影響が出た。原因は送電線のショートで、復旧作業には長時間かかり、地域住民は徐々に電気復旧へと向かった。
自己修復,4,4,1人目,101,0.6315454070948532,2023年11月、大阪府吹田市で深夜に発生した大規模停電により、多くの家や店舗が営業できず交通機関にも影響が出た。原因は送電線のショートで、復旧作業には長時間かかり地域住民は徐々に電気復旧へと向かった。
自己修復,4,4,2人目,103,0.5492617991835749,2023年11月、大阪府吹田市で深夜に発生した大規模停電により、多くの家や店舗が営業できず交通機関にも影響が出た。原因は送電線のショートであり、復旧作業には長時間かかり地域住民が徐々に電気復旧へと向かった。
自己修復,4,4,3人目,101,0.6315454070948532,2023年11月、大阪府吹田市で深夜に発生した大規模停電により、多くの家や店舗が営業できず交通機関にも影響が出た。原因は送電線のショートで、復旧作業には長時間かかり地域住民は徐々に電気復旧へと向かった。
自己修復,4,4,4人目,101,0.6315454070948532,2023年11月、大阪府吹田市で深夜に発生した大規模停電により、多くの家や店舗が営業できず交通機関にも影響が出た。原因は送電線のショートで、復旧作業には長時間かかり地域住民は徐々に電気復旧へと向かった。
自己修復,4,4,5人目,94,0.45973223758882403,2023年11月、大阪府吹田市で深夜に発生した大規模停電が原因として確認され、送電線のショートによるものであった。電力供給の停止により、多くの家や店舗が営業できず、交通機関にも影響が出た。
自己修復,4,4,6人目,79,0.4075547824845477,2023年11月、大阪府吹田市で深夜に発生した大規模停電は送電線のショートによるもので、復旧作業には長時間かかり、その間地域住民が徐々に電気復旧へと向かった。
自己修復,4,4,7人目,115,0.5587841085745693,2023年11月、大阪府吹田市で深夜に発生した大規模停電は送電線のショートによるもので、電力供給の停止により多くの家や店舗が営業できず、交通機関にも影響が出た。復旧作業には長時間かかり、その間地域住民が徐々に電気復旧へと向かった。
自己修復,4,4,8人目,103,0.44477168394543143,2023年11月、大阪府吹田市で深夜に発生した大規模停電は送電線のショートによるもので、多くの家や店舗が営業できず、交通機関にも影響が出た。復旧作業には長時間かかり、その間地域住民が徐々に電気を回復させた。
自己修復,4,4,9人目,115,0.6377991883055046,2023年11月、大阪府吹田市で深夜に発生した大規模停電は送電線のショートによるもので、多くの家や店舗が営業できず、交通機関にも影響が出た。原因は送電線のショートで、復旧作業には長時間かかり、地域住民は徐々に電気復旧へと向かった。
自己修復,4,4,10人目,86,0.414805665759461,2023年11月、大阪府吹田市で深夜に大規模停電が発生し、多くの家や店舗が営業できず、交通機関にも影響が出た。その原因は送電線のショートであり、復旧作業には長時間かかった。
自己修復,5,5,原文,95,1.0,2023年9月、東京都内で記録的な集中豪雨が発生し、河川の氾濫や土砂災害を引き起こしました。多くの住民が避難を余儀なくされ、交通網は大混乱に陥りました。重力災害として警戒が必要な状況でした。
自己修復,5,5,1人目,84,0.7363259858380768,【修復・要約文】2023年9月、東京都内で記録的な集中豪雨が発生し、河川の氾濫や土砂災害を引き起こしました。多くの住民が避難を余儀なくされ、交通網は大混乱に陥りました。
自己修復,5,5,2人目,80,0.39478142105122116,【修復・要約文】2023年9月、東京都内で記録的な集中豪雨が発生し、河川の氾濫や土砂災害を引き起こしました。また、避難した住民も多く、交通網は混乱に陥りました。
自己修復,5,5,3人目,86,0.4662450770020731,【修復・要約文】2023年9月、東京都内で記録的な集中豪雨が発生し、河川の氾濫や土砂災害を引き起こしました。このため多くの住民は避難を強いられ、交通網も大混乱に陥りました。
自己修復,5,5,4人目,86,0.4662450770020731,【修復・要約文】2023年9月、東京都内で記録的な集中豪雨が発生し、河川の氾濫や土砂災害を引き起こしました。このため多くの住民は避難を強いられ、交通網も大混乱に陥りました。
自己修復,5,5,5人目,104,0.46911528453698187,【修復・要約文】2023年9月、東京都内で記録的な集中豪雨が発生し、河川の氾濫や土砂災害を引き起こしました。多くの住民が避難を強いられ、交通網も大混乱に陥りました。このような重力災害は警戒されるべき状況です。
自己修復,5,5,6人目,104,0.46911528453698187,【修復・要約文】2023年9月、東京都内で記録的な集中豪雨が発生し、河川の氾濫や土砂災害を引き起こしました。多くの住民が避難を強いられ、交通網も大混乱に陥りました。このような重力災害は警戒されるべき状況です。
自己修復,5,5,7人目,100,0.3334331767733198,【修復・要約文】2023年9月、東京都内で記録的な集中豪雨があり、河川の氾濫や土砂災害が起きました。多くの住民が避難を強いられ、交通網も混乱しました。この状況では重力災害として注意する必要があります。
自己修復,5,5,8人目,102,0.6695316612719128,【修復・要約文】2023年9月、東京都内で記録的な集中豪雨が発生し、河川の氾濫や土砂災害を引き起こした。多くの住民が避難を余儀なくされ、交通網は大混乱に陥った。この状況では重力災害として警戒が必要だった。
自己修復,5,5,9人目,114,0.6148095711314712,【修復・要約文】2023年9月、東京都内で記録的な集中豪雨が発生し、多くの河川の氾濫や土砂災害を引き起こしました。その結果、多くの住民が避難を余儀なくされ、交通網は大混乱に陥りました。この状況では重力災害として警戒が必要だった。
自己修復,5,5,10人目,106,0.7679520775627092,【修復・要約文】2023年9月、東京都内で記録的な集中豪雨が発生し、河川の氾濫や土砂災害を引き起こしました。多くの住民が避難を余儀なくされ、交通網は大混乱に陥りました。この状況では重力災害として警戒が必要だった。
自己修復,6,6,原文,102,1.0,ある患者が、高血圧と糖尿病を合併しており、症状の悪化を防ぐため、医師が複数の薬剤を処方した。その後、定期的な検査の結果、血糖値と血圧が改善し、生活習慣の見直しも実施されたことで、健康状態が良好に回復した。
自己修復,6,6,1人目,120,0.23301692361130416,患者は、高血圧や糖尿病といった合併症を抱えており、医師が処方する複数の薬剤によって症状の悪化を防ぐことができた。そして定期的な検査結果から血糖値と血圧の改善を確認すると同時に生活習慣の見直しも行われ、これらの対策によって健康状態は回復した。
自己修復,6,6,2人目,86,0.20345914375978977,患者は、高血圧や糖尿病という合併症を抱えていました。医師が処方する複数の薬剤により、血糖値と血圧の改善が確認され、生活習慣の見直しが実施された結果として健康状態は回復した。
自己修復,6,6,3人目,85,0.18148876850443724,患者は、高血圧や糖尿病という合併症を抱えていました。医師が処方する複数の薬剤により血糖値と血圧の改善が確認され、生活習慣の見直しが実施された結果として健康状態は回復した。
自己修復,6,6,4人目,85,0.18148876850443724,患者は、高血圧や糖尿病という合併症を抱えていました。医師が処方する複数の薬剤により血糖値と血圧の改善が確認され、生活習慣の見直しが実施された結果として健康状態は回復した。
自己修復,6,6,5人目,85,0.18148876850443724,患者は、高血圧や糖尿病という合併症を抱えていました。医師が処方する複数の薬剤により血糖値と血圧の改善が確認され、生活習慣の見直しが実施された結果として健康状態は回復した。
自己修復,6,6,6人目,85,0.18148876850443724,患者は、高血圧や糖尿病という合併症を抱えていました。医師が処方する複数の薬剤により血糖値と血圧の改善が確認され、生活習慣の見直しが実施された結果として健康状態は回復した。
自己修復,6,6,7人目,85,0.18148876850443724,患者は、高血圧や糖尿病という合併症を抱えていました。医師が処方する複数の薬剤により血糖値と血圧の改善が確認され、生活習慣の見直しが実施された結果として健康状態は回復した。
自己修復,6,6,8人目,85,0.18148876850443724,患者は、高血圧や糖尿病という合併症を抱えていました。医師が処方する複数の薬剤により血糖値と血圧の改善が確認され、生活習慣の見直しが実施された結果として健康状態は回復した。
自己修復,6,6,9人目,87,0.2746441983237175,患者は、高血圧や糖尿病という合併症を抱えていました。医師から処方された複数の薬剤により、定期的な検査の結果で血糖値と血圧が改善され、生活習慣も見直しされ、健康状態が回復した。
自己修復,6,6,10人目,89,0.2955063973954491,患者は、高血圧や糖尿病という合併症を抱えていました。そのため、医師から処方された複数の薬剤により、定期的な検査で血糖値と血圧が改善され、生活習慣も見直しされ、健康状態が回復した。
自己修復,7,7,原文,112,1.0,高齢女性が、急な胸痛を訴え救急外来を受診した。心電図検査の結果、急性心筋梗塞と診断され、速やかに経皮的冠動脈インターベンション（PCI）を受けれた。適切な処置により、梗塞部位の血流を再開させ、症状は改善し、入院治療となった。
自己修復,7,7,1人目,94,0.5769990243907909,高齢女性が急な胸痛を訴え救急外来を受診した。心電図検査の結果、急性心筋梗塞と診断され、速やかにPCI（経皮的冠動脈インターベンション）を受けて血流を再開させ、症状は改善し入院治療となった。
自己修復,7,7,2人目,84,0.5838780872405893,高齢女性が急な胸痛を訴え救急外来を受診した。心電図検査の結果、急性心筋梗塞と診断され、速やかにPCIを受けて梗塞部位の血流を再開させた。症状は改善し、入院治療となった。
自己修復,7,7,3人目,81,0.6977434768817892,高齢女性が、急な胸痛を訴え救急外来を受診した。心電図検査の結果、急性心筋梗塞と診断され、速やかにPCIを受けれた。適切な処置により、症状は改善し入院治療となった。
自己修復,7,7,4人目,98,0.7994471111132669,高齢女性が、急な胸痛を訴え救急外来を受診した。心電図検査の結果、急性心筋梗塞と診断され、速やかに経皮的冠動脈インターベンション（PCI）を受けた。適切な処置により、症状は改善し、入院治療となった。
自己修復,7,7,5人目,103,0.6859171431907888,高齢女性が急な胸痛を訴え救急外来を受診した。心電図検査の結果、急性心筋梗塞と診断され、速やかに経皮的冠動脈インターベンション（PCI）を受けた。梗塞部位の血流を再開させたため症状は改善し、入院治療となった。
自己修復,7,7,6人目,96,0.7087590824847185,高齢女性が急な胸痛を訴え救急外来を受診した。心電図検査の結果、急性心筋梗塞と診断され、適切な処置により、速やかに経皮的冠動脈インターベンション（PCI）を受け、症状は改善し、入院治療となった。
自己修復,7,7,7人目,86,0.6309441065150891,高齢女性が急な胸痛を訴え救急外来を受診した。心電図検査の結果、急性心筋梗塞と診断され、速やかに経皮的冠動脈インターベンション（PCI）を受け、症状は改善し入院治療となった。
自己修復,7,7,8人目,92,0.589630659843034,高齢女性が急な胸痛を訴え救急外来を受診した。心電図検査の結果、急性心筋梗塞と診断され、速やかに経皮的冠動脈インターベンション（PCI）を受けた。その結果、症状は改善し入院治療となった。
自己修復,7,7,9人目,101,0.5965093809558886,高齢女性が急な胸痛を訴え救急外来を受診した。心電図検査の結果、急性心筋梗塞と診断され、速やかに経皮的冠動脈インターベンション（PCI）を受け、高血流を再開させた。その結果、症状は改善し入院治療となった。
自己修復,7,7,10人目,81,0.38274707319732454,高齢女性が急な胸痛を訴え救急外来を受診した。心電図検査の結果、急性心筋梗塞と診断され、経皮的冠動脈インターベンション（PCI）により血流再開し症状改善に成功した。
自己修復,8,8,原文,92,1.0,2023年5月12日、新宿駅構内にて、鑑賞中だった女性が突然倒れた。周囲の男性が駆けつけ、救急隊員が到着し、心停止の状態だった彼女は、AEDと酸素吸入により蘇生され、病院へ搬送された。
自己修復,8,8,1人目,79,0.43402749593964185,2023年5月12日、新宿駅構内で女性が倒れた時、男性が駆けつけると救急隊員が到着し、心停止の状態だった彼女はAEDと酸素吸入を用い蘇生され病院へ搬送された。
自己修復,8,8,2人目,79,0.43402749593964185,2023年5月12日、新宿駅構内で女性が倒れた時、男性が駆けつけると救急隊員が到着し、心停止の状態だった彼女はAEDと酸素吸入を用い蘇生され病院へ搬送された。
自己修復,8,8,3人目,79,0.43402749593964185,2023年5月12日、新宿駅構内で女性が倒れた時、男性が駆けつけると救急隊員が到着し、心停止の状態だった彼女はAEDと酸素吸入を用い蘇生され病院へ搬送された。
自己修復,8,8,4人目,79,0.43402749593964185,2023年5月12日、新宿駅構内で女性が倒れた時、男性が駆けつけると救急隊員が到着し、心停止の状態だった彼女はAEDと酸素吸入を用い蘇生され病院へ搬送された。
自己修復,8,8,5人目,79,0.43402749593964185,2023年5月12日、新宿駅構内で女性が倒れた時、男性が駆けつけると救急隊員が到着し、心停止の状態だった彼女はAEDと酸素吸入を用い蘇生され病院へ搬送された。
自己修復,8,8,6人目,79,0.43402749593964185,2023年5月12日、新宿駅構内で女性が倒れた時、男性が駆けつけると救急隊員が到着し、心停止の状態だった彼女はAEDと酸素吸入を用い蘇生され病院へ搬送された。
自己修復,8,8,7人目,79,0.43402749593964185,2023年5月12日、新宿駅構内で女性が倒れた時、男性が駆けつけると救急隊員が到着し、心停止の状態だった彼女はAEDと酸素吸入を用い蘇生され病院へ搬送された。
自己修復,8,8,8人目,83,0.6298650346439006,2023年5月12日、新宿駅構内にて女性が倒れた。周囲の男性が駆けつけると、救急隊員が到着し、心停止の状態だった彼女はAEDと酸素吸入により蘇生され病院へ搬送された。
自己修復,8,8,9人目,100,0.3681077872901584,2023年5月12日、新宿駅構内で女性が鑑賞中のときに突然倒れた。その後、周囲の男性が駆けつけた。救急隊員が到着し、心停止状態だった彼女はAEDと酸素吸入によって蘇生された。そして病院へと搬送された。
自己修復,8,8,10人目,92,0.5428078584358871,2023年5月12日、新宿駅構内で女性が鑑賞中のときに突然倒れた。その後、周囲の男性が駆けつけ、救急隊員が到着し、心停止状態だった彼女はAEDと酸素吸入により蘇生され病院へ搬送された。
自己修復,9,9,原文,96,1.0,ある日、高齢女性が急な胸痛に襲われ、自宅で救急隊員に発見されました。心電図検査の結果、不整脈と判断され、速報で速やかに病院へ搬送されました。状態は安定しており、詳細な診察へとつなげられました。
自己修復,9,9,1人目,82,0.5983642395707277,【修復・要約した文章】ある日、高齢女性が急な胸痛に襲われ、自宅で救急隊員に発見されました。心電図検査の結果不整脈と判断されたため速報で速やかに病院へ搬送されました。
自己修復,9,9,2人目,81,0.6390027907068407,【修復・要約した文章】ある日、高齢女性が急な胸痛に襲われ、自宅で救急隊員に発見されました。心電図検査の結果、不整脈と判断されて速報で速やかに病院へ搬送されました。
自己修復,9,9,3人目,70,0.35383730035975774,【修復・要約した文章】ある日、高齢女性が胸痛を訴え、自宅で救急隊員に発見された。心電図検査の結果、不整脈と判断されて速報で病院へ搬送された。
自己修復,9,9,4人目,88,0.5936923985256919,お客様からの修復・要約した文章です。ある日、高齢女性が急な胸痛に襲われ、自宅で救急隊員に発見されました。心電図検査の結果、不整脈と判断され、速報で速やかに病院へ搬送されました。
自己修復,9,9,5人目,64,0.12331861420741848,高齢女性は突然胸痛を感じたため救急隊員が現場に到着し、心電図検査の結果不整脈であることが判明し、速い速度で病院へと運ばれました。
自己修復,9,9,6人目,57,0.15516783412223958,高齢女性が胸痛を訴えると、救急隊員が現場に駆け付け、心電図検査により不整脈が確認され、急いで病院へ搬送されました。
自己修復,9,9,7人目,87,0.4127972967098621,高齢女性が突然胸痛に襲われ、発見されたときは救急隊員を呼びます。その後、心電図検査の結果不整脈と判断され、速やかに病院に搬送されました。状態は安定し、詳細な診察を行いました。
自己修復,9,9,8人目,74,0.25282260841952814,高齢女性が突然胸痛で発見され、救急隊員を呼んだあと心電図検査で不整脈と判断された。そのため速やかに病院に搬送され、状態は安定し詳細な診察が行われた。
自己修復,9,9,9人目,77,0.24704482098813152,高齢女性が突然胸痛で発見され、救急隊員に助けられたあと心電図検査で不整脈だと判断された。そのため速やかに病院に搬送され、状態は安定し詳細な診察が行われた。
自己修復,9,9,10人目,66,0.31510144950653957,高齢女性が突然胸痛で発見され、救急隊員の助けで病院へ運ばれました。心電図検査の結果不整脈と判断され、その後詳細な診察が行われました。
自己修復,10,10,原文,107,1.0,患者A氏は、高血圧と糖尿病を合併しており、自宅で服薬していた薬の効果が不十分であった。定期的な受診の結果、医師は生活習慣の改善と降圧剤の追加処方を行った。その後、血圧と血糖値が安定し、心血管疾患のリスクが低下した。
自己修復,10,10,1人目,88,0.703774611615319,患者A氏は、高血圧と糖尿病を合併しており、自宅で服薬していた薬の効果が不十分であった。医師により生活習慣の改善と降圧剤の追加処方を行った。その後、心血管疾患のリスクが低下した。
自己修復,10,10,2人目,107,0.9999999999999984,患者A氏は、高血圧と糖尿病を合併しており、自宅で服薬していた薬の効果が不十分であった。定期的な受診の結果、医師は生活習慣の改善と降圧剤の追加処方を行った。その後、血圧と血糖値が安定し、心血管疾患のリスクが低下した。
自己修復,10,10,3人目,107,0.9999999999999984,患者A氏は、高血圧と糖尿病を合併しており、自宅で服薬していた薬の効果が不十分であった。定期的な受診の結果、医師は生活習慣の改善と降圧剤の追加処方を行った。その後、血圧と血糖値が安定し、心血管疾患のリスクが低下した。
自己修復,10,10,4人目,107,0.8124002191618598,患者A氏は、高血圧と糖尿病を合併しており、自宅で服薬していた薬の効果が不十分であった。定期的な受診の結果、医師は生活習慣の改善と降圧剤の追加処方を行い、結果として血圧と血糖値が安定し、心血管疾患のリスクが低下した。
自己修復,10,10,5人目,81,0.470970173647032,患者A氏は、高血圧と糖尿病を合併していたため、医師から生活習慣の改善と降圧剤の追加処方が勧められた。その結果、血圧と血糖値が安定し、心血管疾患のリスクが低下した。
自己修復,10,10,6人目,76,0.43292108518202405,患者A氏は、高血圧と糖尿病を合併しており、医師から生活習慣の改善と降圧剤の追加処方を受け、これにより血圧と血糖値が安定し、心血管疾患のリスクが低下した。
自己修復,10,10,7人目,105,0.7767489247557448,患者A氏は、高血圧と糖尿病を合併しており、自宅で服薬していた薬の効果が不十分であったため、医師は生活習慣の改善と降圧剤の追加処方を行った。その結果、患者A氏の血圧と血糖値が安定し、心血管疾患のリスクが低下した。
自己修復,10,10,8人目,105,0.7767489247557448,患者A氏は、高血圧と糖尿病を合併しており、自宅で服薬していた薬の効果が不十分であったため、医師は生活習慣の改善と降圧剤の追加処方を行った。その結果、患者A氏の血圧と血糖値が安定し、心血管疾患のリスクが低下した。
自己修復,10,10,9人目,79,0.32084232155796194,医師が患者A氏に服薬を指示し、効果不十分に対して生活習慣改善と降圧剤追加処方を行った。その結果、患者A氏の血圧と血糖値が安定し、心血管疾患のリスクが低下した。
自己修復,10,10,10人目,77,0.33400566710323254,医師は高血圧と糖尿病を合併する患者A氏に生活習慣の改善と降圧剤追加処方を行い、効果不十分の結果を受けて血圧と血糖値が安定し、心血管疾患のリスクが低下した。
自己修復,11,11,原文,108,1.0,2023年7月1日、広島県呉市で発生したM5.6地震が、船舶を航行させていた船員らに揺れを感じさせました。被害状況は直情の軽微でしたが、周辺地域では一部の建物に損傷が発生し、海上保安庁による迅速な対応が行われました。
自己修復,11,11,1人目,93,0.3077454939838141,【修復・要約された文章】2023年7月1日、広島県呉市でM5.6地震が発生した際、船員らに揺れを感じさせて被害は軽微だったが、周辺の建物にも損傷が見られた。海上保安庁も対応を急いでいた。
自己修復,11,11,2人目,78,0.19397780939968726,【修復・要約された文章】2023年7月1日、広島県呉市でM5.6地震が発生し、周辺の建物にも損傷が見られたが被害は軽微だった。海上保安庁も対応を急いでいた。
自己修復,11,11,3人目,78,0.19397780939968726,【修復・要約された文章】2023年7月1日、広島県呉市でM5.6地震が発生し、周辺の建物にも損傷が見られたが被害は軽微だった。海上保安庁も対応を急いでいた。
自己修復,11,11,4人目,78,0.19397780939968726,【修復・要約された文章】2023年7月1日、広島県呉市でM5.6地震が発生し、周辺の建物にも損傷が見られたが被害は軽微だった。海上保安庁も対応を急いでいた。
自己修復,11,11,5人目,75,0.20719434643011642,【修復・要約された文章】2023年7月1日、広島県呉市でM5.6地震が発生し、船舶に揺れを感じさせた。周辺の建物にも損傷が見られたが被害は軽微だった。
自己修復,11,11,6人目,75,0.20719434643011642,【修復・要約された文章】2023年7月1日、広島県呉市でM5.6地震が発生し、船舶に揺れを感じさせた。周辺の建物にも損傷が見られたが被害は軽微だった。
自己修復,11,11,7人目,76,0.23188213444738226,【修復・要約された文章】2023年7月1日、広島県呉市でM5.6地震が発生し、船舶に揺れを感じさせた。しかし損傷した建物もありましたが被害は軽微だった。
自己修復,11,11,8人目,76,0.23188213444738226,【修復・要約された文章】2023年7月1日、広島県呉市でM5.6地震が発生し、船舶に揺れを感じさせた。しかし損傷した建物もありましたが被害は軽微だった。
自己修復,11,11,9人目,76,0.23188213444738226,【修復・要約された文章】2023年7月1日、広島県呉市でM5.6地震が発生し、船舶に揺れを感じさせた。しかし損傷した建物もありましたが被害は軽微だった。
自己修復,11,11,10人目,76,0.23188213444738226,【修復・要約された文章】2023年7月1日、広島県呉市でM5.6地震が発生し、船舶に揺れを感じさせた。しかし損傷した建物もありましたが被害は軽微だった。
自己修復,12,12,原文,112,1.0,2023年8月16日に、福島県沖でM5.8の地震が発生しました。震源部は陸地近く、津波警報が出されました。各地で揺れを感じ、一部地域では停電や物資の輸送に影響が出ました。緊急車両の通行が制限され、住民は避難指示に従いました。
自己修復,12,12,1人目,95,0.39674914985652354,2023年8月16日に福島県沖でM5.8の地震が発生し、津波警報が出た。各地では揺れを感じ、一部地域には停電や物資の輸送にも影響が出た。緊急車両の通行は制限されたが、住民は避難指示に従った。
自己修復,12,12,2人目,104,0.552409678796487,2023年8月16日、福島県沖でM5.8の地震が発生し、津波警報が出ました。各地では揺れを感じ、停電や物資の輸送にも影響がありました。また、緊急車両の通行も制限されました。このため住民は避難指示に従いました。
自己修復,12,12,3人目,104,0.552409678796487,2023年8月16日、福島県沖でM5.8の地震が発生し、津波警報が出ました。各地では揺れを感じ、停電や物資の輸送にも影響がありました。また、緊急車両の通行も制限されました。このため住民は避難指示に従いました。
自己修復,12,12,4人目,107,0.5633671902452493,2023年8月16日、福島県沖でM5.8の地震が発生し、津波警報が出ました。各地では揺れを感じ、一部地域では停電や物資の輸送にも影響がありました。また、緊急車両の通行も制限され、このため住民は避難指示に従いました。
自己修復,12,12,5人目,106,0.5080480782773048,2023年8月16日に福島県沖でM5.8の地震が発生し、津波警報が出たことで各地で揺れを感じ、一部地域では停電や物資の輸送にも影響がありました。また、緊急車両の通行も制限され、このため住民は避難指示に従いました。
自己修復,12,12,6人目,106,0.5080480782773048,2023年8月16日に福島県沖でM5.8の地震が発生し、津波警報が出たことで各地で揺れを感じ、一部地域では停電や物資の輸送にも影響がありました。また、緊急車両の通行も制限され、このため住民は避難指示に従いました。
自己修復,12,12,7人目,90,0.5423885639275424,福島県沖でM5.8の地震が発生し、津波警報が出たことで各地で揺れを感じ、一部地域では停電や物資の輸送にも影響がありました。また緊急車両の通行が制限され、住民は避難指示に従いました。
自己修復,12,12,8人目,90,0.5423885639275424,福島県沖でM5.8の地震が発生し、津波警報が出たことで各地で揺れを感じ、一部地域では停電や物資の輸送にも影響がありました。また緊急車両の通行が制限され、住民は避難指示に従いました。
自己修復,12,12,9人目,90,0.5423885639275424,福島県沖でM5.8の地震が発生し、津波警報が出たことで各地で揺れを感じ、一部地域では停電や物資の輸送にも影響がありました。また緊急車両の通行が制限され、住民は避難指示に従いました。
自己修復,12,12,10人目,90,0.5423885639275424,福島県沖でM5.8の地震が発生し、津波警報が出たことで各地で揺れを感じ、一部地域では停電や物資の輸送にも影響がありました。また緊急車両の通行が制限され、住民は避難指示に従いました。
自己修復,13,13,原文,117,1.0,2024年3月16日に、静岡県中部と神奈川県中部において記録的な大雨が発生した。河川の氾濫や土砂災害が多発し、道路冠水による交通麻痺、家屋浸水被害など甚大な被害をもたらした。多くの地域で避難指示が出され、住民生活に大きな影響を与えた。
自己修復,13,13,1人目,104,0.4311813206605253,静岡県中部と神奈川県中部で記録的な大雨が2024年3月16日に発生し、河川の氾濁や土砂災害、道路冠水による交通障害、家屋浸水被害など大きな被害をもたらした。多くの地域で避難指示が出され住民生活に影響があった。
自己修復,13,13,2人目,103,0.3504946446995886,【修復・要約】2024年3月16日に、静岡県中部と神奈川県中部で記録的な大雨が発生し、河川の氾濫や土砂災害など多数の被害が出た。道路冠水による交通障害や家屋浸水被害も発生し、多くの地域で避難指示が出された。
自己修復,13,13,3人目,112,0.4267503206933448,【修復・要約】2024年3月16日に、静岡県中部と神奈川県中部において記録的な大雨が発生した。その結果、河川の氾濫や土砂災害など多数の被害が出た。道路冠水による交通麻痺や家屋浸水被害が発生し、多くの地域で避難指示が出された。
自己修復,13,13,4人目,112,0.4170277913999588,【修復・要約】2024年3月16日に、静岡県中部と神奈川県中部において記録的な大雨が発生した。その結果、河川の氾濫や土砂災害など多数の被害が出た。道路冠水による交通麻痺や家屋浸水被害も発生し、多くの地域で避難指示が出された。
自己修復,13,13,5人目,112,0.4170277913999588,【修復・要約】2024年3月16日に、静岡県中部と神奈川県中部において記録的な大雨が発生した。その結果、河川の氾濫や土砂災害など多数の被害が出た。道路冠水による交通麻痺や家屋浸水被害も発生し、多くの地域で避難指示が出された。
自己修復,13,13,6人目,104,0.48329465758380835,【修復・要約】2024年3月16日に静岡県中部と神奈川県中部で記録的な大雨が降り、河川の氾濫や土砂災害など多数の被害をもたらした。多くの地域で避難指示が出され、道路冠水による交通麻痺や家屋浸水被害が発生した。
自己修復,13,13,7人目,112,0.36873903185050305,【修復・要約】2024年3月16日に静岡県中部と神奈川県中部で記録的な大雨が降り、多数の河川氾濫や土砂災害を引き起こし、大きな被害が発生した。多くの地域で避難指示が出され、道路冠水による交通麻痺や家屋浸水被害などが見られた。
自己修復,13,13,8人目,114,0.3910177482247751,【修復・要約】2024年3月16日に静岡県中部と神奈川県中部において記録的大雨が降り、多数の河川氾濫や土砂災害を引き起こし、大きな被害が発生した。多くの地域で避難指示が出され、道路冠水による交通麻痺や家屋浸水被害などが見られた。
自己修復,13,13,9人目,114,0.3910177482247751,【修復・要約】2024年3月16日に静岡県中部と神奈川県中部において記録的大雨が降り、多数の河川氾濫や土砂災害を引き起こし、大きな被害が発生した。多くの地域で避難指示が出され、道路冠水による交通麻痺や家屋浸水被害などが見られた。
自己修復,13,13,10人目,114,0.3910177482247751,【修復・要約】2024年3月16日に静岡県中部と神奈川県中部において記録的大雨が降り、多数の河川氾濫や土砂災害を引き起こし、大きな被害が発生した。多くの地域で避難指示が出され、道路冠水による交通麻痺や家屋浸水被害などが見られた。
自己修復,14,14,原文,145,1.0,2023年8月15日、西日本を中心に記録的な豪雨となり、多くの地域で河川の氾濫が発生した。道路交通網が寸断され、鉄道も運転を見合わせるなど、移動手段に大きな支障が出た。避難指示区域は拡大し、住民の生活基盤が脅かされた。重度の浸水被害により、家屋や農地が冠水し、甚大な経済的損失をもたらした。
自己修復,14,14,1人目,146,0.8994456157578858,2023年8月15日、西日本を中心に記録的な豪雨となり、多くの地域で河川の氾濫が発生した。道路交通網が寸断され、鉄道も運転を見合わせるなど、移動手段に大きな支障が出た。避難指示区域が拡大し、住民の生活基盤が脅かされた。重度の浸水被害により、家屋や農地を冠水させ、甚大な経済的損失をもたらした。
自己修復,14,14,2人目,134,0.8321859783498363,2023年8月15日、西日本を中心に記録的な豪雨となり、多くの地域で河川の氾濫が発生した。道路交通網が寸断され、鉄道の運転を見合わせるなど、移動手段に大きな支障が出た。避難指示区域が拡大し、住民の生活基盤が脅かされた。家屋や農地が冠水し、甚大な経済的損失をもたらした。
自己修復,14,14,3人目,117,0.4283025555842748,西日本を中心に2023年8月15日に記録的な豪雨があり、河川の氾濫により多くの地域で交通網が寸断された。鉄道の運転は見合わせとなり、避難指示区域が拡大し、住民の生活基盤が脅かされた。また家屋や農地も冠水し甚大な経済的損失をもたらした。
自己修復,14,14,4人目,111,0.3114678865300898,2023年8月15日、西日本で記録的な豪雨があり、河川が氾濫して多くの地域で交通網が寸断され、鉄道の運転は見合わせとなった。また避難指示区域が拡大し住民の生活基盤が脅かされた。家屋や農地も冠水し、甚大な経済的損失を被った。
自己修復,14,14,5人目,122,0.3342878932160027,2023年8月15日、西日本で記録的な豪雨があり多くの地域で河川氾濫が発生したため道路交通網が寸断され鉄道の運転も見合わせるなど大きな移動支障が出た。また避難指示区域拡大し住民生活基盤が脅かされた。家屋や農地は冠水して甚大な経済的損失を被った。
自己修復,14,14,6人目,124,0.4070281967642634,2023年8月15日、西日本で記録的な豪雨があり多くの地域で河川氾濫が発生したため道路交通網が寸断され鉄道の運転も見合わせるなど大きな移動支障が出た。また避難指示区域は拡大し住民の生活基盤が脅かされた。家屋や農地が冠水して甚大な経済的損失を被った。
自己修復,14,14,7人目,131,0.5382343598335548,2023年8月15日、西日本で記録的な豪雨があり、多くの地域で河川氾濫が発生した。これにより道路交通網が寸断され鉄道の運転も見合わせ、移動手段に大きな支障が出た。また避難指示区域は拡大し、住民の生活基盤が脅かされた。家屋や農地が冠水し、甚大な経済的損失を被った。
自己修復,14,14,8人目,131,0.5382343598335548,2023年8月15日、西日本で記録的な豪雨があり、多くの地域で河川氾濫が発生した。これにより道路交通網が寸断され鉄道の運転も見合わせ、移動手段に大きな支障が出た。また避難指示区域は拡大し、住民の生活基盤が脅かされた。家屋や農地が冠水し、甚大な経済的損失を被った。
自己修復,14,14,9人目,131,0.5683225892140967,2023年8月15日、西日本で記録的な豪雨があり、多くの地域で河川氾濫が発生した。これにより道路交通網が寸断され鉄道の運転も見合わせるなど移動手段に大きな支障が出た。避難指示区域は拡大し、住民の生活基盤が脅かされた。家屋や農地が冠水し、甚大な経済的損失を被った。
自己修復,14,14,10人目,131,0.5683225892140967,2023年8月15日、西日本で記録的な豪雨があり、多くの地域で河川氾濫が発生した。これにより道路交通網が寸断され鉄道の運転も見合わせるなど移動手段に大きな支障が出た。避難指示区域は拡大し、住民の生活基盤が脅かされた。家屋や農地が冠水し、甚大な経済的損失を被った。
自己修復,15,15,原文,105,1.0,2024年5月2日、東京都八王子市で軟弱土層崩壊が発生し、道路の一部が冠水しました。周辺住民への避難指示が出され、交通機関に影響を及ぼした事態となりました。現場では応急処置が行われ、復旧作業が進められています。
自己修復,15,15,1人目,103,0.33602449594145284,2024年5月2日、東京都八王子市で軟弱土層崩壊があり、道路の一部が冠水し、周辺の住民への避難指示が出されました。このため交通機関に影響が出てしまいました。現場では応急措置を行ったり復旧作業を進めています。
自己修復,15,15,2人目,105,0.7678496361699098,2024年5月2日、東京都八王子市で軟弱土層崩壊が発生し、道路の一部が冠水しました。その結果、周辺住民への避難指示が出され、交通機関に影響を及ぼした事態となりました。現場では応急処置と復旧作業が行われています。
自己修復,15,15,3人目,105,0.7678496361699098,2024年5月2日、東京都八王子市で軟弱土層崩壊が発生し、道路の一部が冠水しました。その結果、周辺住民への避難指示が出され、交通機関に影響を及ぼした事態となりました。現場では応急処置と復旧作業が行われています。
自己修復,15,15,4人目,105,0.7678496361699098,2024年5月2日、東京都八王子市で軟弱土層崩壊が発生し、道路の一部が冠水しました。その結果、周辺住民への避難指示が出され、交通機関に影響を及ぼした事態となりました。現場では応急処置と復旧作業が行われています。
自己修復,15,15,5人目,106,0.8016713566784185,2024年5月2日、東京都八王子市で軟弱土層崩壊が発生し、道路の一部が冠水しました。その結果、周辺住民への避難指示が出され、交通機関に影響を及ぼした事態となりました。現場では応急処置と復旧作業が進められています。
自己修復,15,15,6人目,112,0.7475576338277511,2024年5月2日、東京都八王子市で軟弱土層崩壊が発生し、道路の一部が冠水しました。その結果、周辺住民への避難指示が出され、交通機関に影響を及ぼした事態となりました。現場では応急処置と復旧作業が行われていて進められています。
自己修復,15,15,7人目,106,0.8016713566784185,2024年5月2日、東京都八王子市で軟弱土層崩壊が発生し、道路の一部が冠水しました。その結果、周辺住民への避難指示が出され、交通機関に影響を及ぼした事態となりました。現場では応急処置と復旧作業が進められています。
自己修復,15,15,8人目,83,0.6751013792641154,2024年5月2日、東京都八王子市で軟弱土層崩壊が発生し、道路の一部が冠水しました。その結果、周辺住民への避難指示が出され、交通機関に影響を及ぼした事態となりました。
自己修復,15,15,9人目,83,0.6751013792641154,2024年5月2日、東京都八王子市で軟弱土層崩壊が発生し、道路の一部が冠水しました。その結果、周辺住民への避難指示が出され、交通機関に影響を及ぼした事態となりました。
自己修復,15,15,10人目,107,0.7004833275956366,2024年5月2日、東京都八王子市で軟弱土層崩壊が発生し、道路の一部が冠水しました。そのため周辺住民への避難指示が出され、交通機関に影響を及ぼした事態となりました。現場では応急処置を行い復旧作業が進められています。
自己修復,16,16,原文,124,1.0,小学生の田中さんは、初めて運動会でリレーに選ばれ、緊張しながらもチームメイトと協力して走った。スタートの合図とともに、全速力で駆け抜け、ゴールを目指した。その時、転んでしまったが、すぐに立ち上がり、仲間たちに励まされ、最後まで走りきることができた。
自己修復,16,16,1人目,108,0.48195193549143317,小学生の田中さんは初めて運動会でリレーに選ばれ、チームメイトと協力して走った。スタートの合図とともに全速力で駆け抜けたが転倒した。しかしすぐに立ち上がり仲間たちから励まされゴールを目指し最後まで走りきることができた。
自己修復,16,16,2人目,114,0.4995819381423588,小学生の田中さんは初めて運動会でリレーに選ばれ、チームメイトと協力して走ったが、スタートの合図とともに全速力で駆け抜けた途中転んでしまった。しかし、すぐに立ち上がり仲間たちから励まされゴールを目指し最後まで走りきることができた。
自己修復,16,16,3人目,109,0.5546670074989885,小学生の田中さんは初めて運動会でリレーに選ばれ、緊張しながらもチームメイトと協力して走った。しかしスタートの合図とともに転んでしまった。その時、仲間たちから励まされ立ち上がり最後までゴールを目指し走りきることができた。
自己修復,16,16,4人目,109,0.5546670074989885,小学生の田中さんは初めて運動会でリレーに選ばれ、緊張しながらもチームメイトと協力して走った。しかしスタートの合図とともに転んでしまった。その時、仲間たちから励まされ立ち上がり最後までゴールを目指し走りきることができた。
自己修復,16,16,5人目,98,0.5180438645275202,小学生の田中さんは初めて運動会でリレーに選ばれ、緊張しながらもチームメイトと協力して走った。しかしスタートの合図とともに転んでしまったがすぐに立ち上がり最後までゴールを目指し走りきることができた。
自己修復,16,16,6人目,104,0.5422557924621743,小学生の田中さんは初めて運動会でリレーに選ばれ、緊張しながらもチームメイトと協力して走った。しかしスタートの合図とともに転んでもすぐに立ち上がり、仲間たちに励まされ最後までゴールを目指し走りきることができた。
自己修復,16,16,7人目,108,0.5908396546714755,小学生の田中さんは初めて運動会でリレーに選ばれ、緊張しながらもチームメイトと協力して走った。しかしスタートの合図とともに転んでしまったがすぐに立ち上がり、仲間たちに励まされ最後までゴールを目指し走りきることができた。
自己修復,16,16,8人目,108,0.5908396546714755,小学生の田中さんは初めて運動会でリレーに選ばれ、緊張しながらもチームメイトと協力して走った。しかしスタートの合図とともに転んでしまったがすぐに立ち上がり、仲間たちに励まされ最後までゴールを目指し走りきることができた。
自己修復,16,16,9人目,92,0.5686263073767844,小学生の田中さんは初めて運動会でリレーに選ばれ、緊張しながらもチームメイトと協力して走った。スタートの合図とともに全速力で駆け抜け、転んでも最後までゴールを目指し走りきることができた。
自己修復,16,16,10人目,111,0.5399062279241762,小学生の田中さんは初めて運動会でリレーに選ばれ、緊張しながらもチームメイトと協力して走った。スタートの合図とともに全速力で駆け抜け転んでも、すぐに立ち上がり仲間たちから励まされてゴールを目指し最後まで走りきることができた。
自己修復,17,17,原文,92,1.0,小学生の図鑑コンテスト、地域文化に関する企画を選んだ。夕暮れの公園でカモフラージュ柄の野鳥を撮影し、その生態と分布について詳細にまとめた。受賞には至らなかったが、熱意と努力は報われた。
自己修復,17,17,1人目,111,0.2728491173828,小学生の図鑑コンテストで地域文化に関する企画が選ばれました。夕暮れの公園でカモフラージュ柄の野鳥を撮影し、その生態や分布について説明したことがあります。受賞することはできませんでしたが、取り組みと努力は認められていました。
自己修復,17,17,2人目,112,0.2758451476611875,小学生の図鑑コンテストでは地域文化に関する企画が選ばれました。夕暮れの公園でカモフラージュ柄の野鳥を撮影し、その生態や分布について説明したことがあります。受賞することはできませんでしたが、取り組みと努力は認められていました。
自己修復,17,17,3人目,110,0.48505302826590646,小学生の図鑑コンテストでは地域文化に関する企画が選ばれました。夕暮れの公園でカモフラージュ柄の野鳥を撮影し、その生態や分布について詳細にまとめたことがあります。受賞には至らなかったものの、熱意と努力は認められていました。
自己修復,17,17,4人目,110,0.48505302826590646,小学生の図鑑コンテストでは地域文化に関する企画が選ばれました。夕暮れの公園でカモフラージュ柄の野鳥を撮影し、その生態や分布について詳細にまとめたことがあります。受賞には至らなかったものの、熱意と努力は認められていました。
自己修復,17,17,5人目,105,0.5883330509347384,小学生の図鑑コンテストでは地域文化に関する企画が選ばれました。夕暮れの公園でカモフラージュ柄の野鳥を撮影し、その生態や分布について詳細にまとめたことがあります。受賞には至らなかったものの、熱意と努力は報われた。
自己修復,17,17,6人目,97,0.5360158164796216,小学生の図鑑コンテストでは地域文化に関する企画が選ばれました。夕暮れの公園でカモフラージュ柄の野鳥を撮影し、その生態と分布について詳細にまとめました。受賞には至らずとも熱意と努力は報われました。
自己修復,17,17,7人目,102,0.4458147828106829,小学生の図鑑コンテストでは、地域文化に関する企画が選ばれました。夕暮れの公園でカモフラージュ柄の野鳥を撮影し、その生態や分布について詳細にまとめました。しかし、受賞には至らずとも熱意と努力は報われました。
自己修復,17,17,8人目,112,0.4522374361868821,【修復・要約された文章】小学生の図鑑コンテストでは、地域文化に関する企画が選ばれました。夕暮れの公園でカモフラージュ柄の野鳥を撮影し、その生態と分布について詳細にまとめた。しかし、受賞には至らずとも熱意と努力は報われました。
自己修復,17,17,9人目,108,0.4337450037788299,小学生の図鑑コンテストでは、地域文化に関する企画が選ばれました。夕暮れの公園でカモフラージュ柄の野鳥を撮影し、その生態や分布について詳細にまとめていました。しかし受賞とはならなかったものの、熱意と努力は報われました。
自己修復,17,17,10人目,108,0.4337450037788299,小学生の図鑑コンテストでは、地域文化に関する企画が選ばれました。夕暮れの公園でカモフラージュ柄の野鳥を撮影し、その生態や分布について詳細にまとめていました。しかし受賞とはならなかったものの、熱意と努力は報われました。
自己修復,18,18,原文,125,1.0,小学校の図工の時間、先生が子どもたちに粘土で動物を作るように指示した。豚をモチーフにした生徒が、最初はうまくできず困っていたが、先生の丁寧なアドバイスと励ましを受けて、徐々に鼻や耳の形を整え始めた。最後は、満足そうに完成させた豚を持って笑顔を見せた。
自己修復,18,18,1人目,115,0.6389926325816759,小学校の図工の時間で、先生が子どもたちに粘土で動物を作るように指示した。豚をモチーフにした生徒が、先生の丁寧なアドバイスと励ましを受けて作業を始め、徐々に鼻や耳の形を整えていった。最後は満足そうに完成させた豚を持って笑顔を見せた。
自己修復,18,18,2人目,120,0.6732612049587037,小学校の図工の時間で、先生が子どもたちに粘土で動物を作るように指示した。豚をモチーフにした生徒は最初うまくできず困っていたが、先生の丁寧なアドバイスと励ましを受けて鼻や耳の形を整えていった。最後は満足そうに完成させた豚を持って笑顔を見せた。
自己修復,18,18,3人目,123,0.6900044759809231,小学校の図工の時間で、先生が子どもたちに粘土で動物を作るように指示した。豚をモチーフにした生徒は最初うまくできず困っていたが、先生の丁寧なアドバイスと励ましを受けて徐々に鼻や耳の形を整えていった。最後は満足そうに完成させた豚を持って笑顔を見せた。
自己修復,18,18,4人目,120,0.6732612049587037,小学校の図工の時間で、先生が子どもたちに粘土で動物を作るように指示した。豚をモチーフにした生徒は最初うまくできず困っていたが、先生の丁寧なアドバイスと励ましを受けて鼻や耳の形を整えていった。最後は満足そうに完成させた豚を持って笑顔を見せた。
自己修復,18,18,5人目,120,0.6732612049587037,小学校の図工の時間で、先生が子どもたちに粘土で動物を作るように指示した。豚をモチーフにした生徒は最初うまくできず困っていたが、先生の丁寧なアドバイスと励ましを受けて鼻や耳の形を整えていった。最後は満足そうに完成させた豚を持って笑顔を見せた。
自己修復,18,18,6人目,120,0.6732612049587037,小学校の図工の時間で、先生が子どもたちに粘土で動物を作るように指示した。豚をモチーフにした生徒は最初うまくできず困っていたが、先生の丁寧なアドバイスと励ましを受けて鼻や耳の形を整えていった。最後は満足そうに完成させた豚を持って笑顔を見せた。
自己修復,18,18,7人目,122,0.6119438964720341,小学校の図工の時間で、先生が子どもたちに粘土で動物を作るように指示した。豚をモチーフにした生徒は最初うまくできず困っていたが、先生の丁寧なアドバイスと励ましを受けて鼻や耳などの形を整えていった。最後は満足そうに完成させた豚を持って笑顔を見せた。
自己修復,18,18,8人目,117,0.6925379555466356,小学校の図工の時間で、先生が子どもたちに動物を作るように指示した。豚をモチーフにした生徒は最初うまくできず困っていたが、先生の丁寧なアドバイスと励ましを受けて、鼻や耳の形を整え始めた。最後は満足そうに完成させた豚を持って笑顔を見せた。
自己修復,18,18,9人目,123,0.7052233429412276,小学校の図工の時間で、先生が子どもたちに動物を作るように指示した。豚をモチーフにした生徒は最初うまくできず困っていたが、先生の丁寧なアドバイスと励ましを受けて、徐々に鼻や耳の形を整え始めた。そして最後は満足そうに完成させた豚を持って笑顔を見せた。
自己修復,18,18,10人目,120,0.6347970533941932,小学校の図工の時間で、先生が子どもたちに動物を作るように指示した。豚をモチーフにした生徒は最初うまくできず困っていたが、先生の丁寧なアドバイスと励ましを受けて、鼻や耳の形を整え始めた。そして最後は満足そうに完成させた豚を持って笑顔を見せた。
自己修復,19,19,原文,96,1.0,小学校の図工の時間、クラス全体で折り紙をしました。先生が丁寧に手順を教え、色とりどりの折り紙を使って平和の象徴である鳩を作りました。子供たちは集中して折り、完成した鳩を教室に飾り付けたのです。
自己修復,19,19,1人目,99,0.4290920490196631,小学校の図工の時間でクラス全員が一緒になって折り紙をしました。先生は丁寧な手順を教え、色とりどりの紙を使って鳩を作る方法を伝えました。子供たちは注意深く折り、それに成功した鳩を教室に飾り付けました。
自己修復,19,19,2人目,99,0.4290920490196631,小学校の図工の時間でクラス全員が一緒になって折り紙をしました。先生は丁寧な手順を教え、色とりどりの紙を使って鳩を作る方法を伝えました。子供たちは注意深く折り、それに成功した鳩を教室に飾り付けました。
自己修復,19,19,3人目,107,0.4804316943307858,小学校の図工の時間でクラス全員が一緒になって折り紙をしました。先生は丁寧な手順を教え、色とりどりの紙を使って平和の象徴である鳩を作る方法を伝えました。子供たちは注意深く折り、それに成功した鳩を教室に飾り付けました。
自己修復,19,19,4人目,101,0.39695676443677996,小学校の図工の時間でクラス全員が一緒になって、先生が丁寧に手順を教えた後、色とりどりの紙を使って平和の象徴である鳩を作る方法を伝えました。子供たちは注意深く折り、それに成功した鳩を教室に飾り付けました。
自己修復,19,19,5人目,101,0.39695676443677996,小学校の図工の時間でクラス全員が一緒になって、先生が丁寧に手順を教えた後、色とりどりの紙を使って平和の象徴である鳩を作る方法を伝えました。子供たちは注意深く折り、それに成功した鳩を教室に飾り付けました。
自己修復,19,19,6人目,101,0.39695676443677996,小学校の図工の時間でクラス全員が一緒になって、先生が丁寧に手順を教えた後、色とりどりの紙を使って平和の象徴である鳩を作る方法を伝えました。子供たちは注意深く折り、それに成功した鳩を教室に飾り付けました。
自己修復,19,19,7人目,101,0.39695676443677996,小学校の図工の時間でクラス全員が一緒になって、先生が丁寧に手順を教えた後、色とりどりの紙を使って平和の象徴である鳩を作る方法を伝えました。子供たちは注意深く折り、それに成功した鳩を教室に飾り付けました。
自己修復,19,19,8人目,101,0.39695676443677996,小学校の図工の時間でクラス全員が一緒になって、先生が丁寧に手順を教えた後、色とりどりの紙を使って平和の象徴である鳩を作る方法を伝えました。子供たちは注意深く折り、それに成功した鳩を教室に飾り付けました。
自己修復,19,19,9人目,101,0.39695676443677996,小学校の図工の時間でクラス全員が一緒になって、先生が丁寧に手順を教えた後、色とりどりの紙を使って平和の象徴である鳩を作る方法を伝えました。子供たちは注意深く折り、それに成功した鳩を教室に飾り付けました。
自己修復,19,19,10人目,101,0.39695676443677996,小学校の図工の時間でクラス全員が一緒になって、先生が丁寧に手順を教えた後、色とりどりの紙を使って平和の象徴である鳩を作る方法を伝えました。子供たちは注意深く折り、それに成功した鳩を教室に飾り付けました。
自己修復,20,20,原文,94,1.0,ある夏の日、少年は古びたラジオ塔に迷い込んだ。錆び付いたアンテナの下で、子供たちは不思議な音を聴き、夕暮れ時の空に向かって手遊びをした。静寂と異質な波の交響音が、彼らの想像力を掻き立てた。
自己修復,20,20,1人目,157,0.4809365584771424,『少年』ではなく『少年たち』に修正してください。『錆び付いたアンテナ』ではなく、『錆びついたアンテナ』に修正してください。ある夏の日、少年たちは古びたラジオ塔に迷い込んだ。錆びついたアンテナの下で、子供たちは不思議な音を聴き、夕暮れ時の空に向かって手遊びをした。静寂と異質な波の交響音が、彼らの想像力を掻き立てた。
自己修復,20,20,2人目,98,0.4862718972184048,ある夏の日、少年たちが古びたラジオ塔に迷い込んだときは、錆びついたアンテナの下で子供たちは不思議な音を耳にし夕暮れ時の空に向かって手遊びをした。その静寂と異質な波の交響音は彼らの想像力を刺激した。
自己修復,20,20,3人目,93,0.4853021478652768,ある夏の日、少年たちが古びたラジオ塔に迷い込んだときは、アンテナの下で子供たちは不思議な音を耳にし夕暮れ時の空に向かって手遊びをした。その静寂と異質な波の交響音は彼らの想像力を刺激した。
自己修復,20,20,4人目,84,0.2157456491749202,夏の日、少年が古いラジオ塔に入り込んだとき、アンテナ下で子供たちは不思議な音を聞きながら夕方空に向かって遊んでいた。静寂と波の異質な交響音は彼らの想像力を引き起こした。
自己修復,20,20,5人目,88,0.8126198461357163,夏の日、少年は古びたラジオ塔に迷い込んだ。錆び付いたアンテナの下で子供たちは不思議な音を聴き、夕方の空に向かって手遊びをした。静寂と異質な波の交響音が彼らの想像力を掻き立てた。
自己修復,20,20,6人目,93,0.382821126051631,少年は夏の日、古びたラジオ塔に迷い込みました。それから錆び付いたアンテナの下で子供たちは不思議な音を聞き、夕方の空に向かって手遊びをした。静かで異なる波の交響音が彼らの想像力を刺激した。
自己修復,20,20,7人目,94,0.4531970504542286,少年は夏の日、古びたラジオ塔に迷い込みました。それから錆び付いたアンテナの下で子供たちは不思議な音を聞き、夕方の空に向かって手遊びをした。異なる静寂と波の交響音が彼らの想像力を掻き立てた。
自己修復,20,20,8人目,96,0.45168853733245073,少年は夏の日、古びたラジオ塔に迷い込みました。それから錆び付いたアンテナの下で子供たちは不思議な音を聞き、夕方の空に向かって手遊びをした。その奇妙な静寂と波の交響音が彼らの想像力を掻き立てた。
自己修復,20,20,9人目,96,0.45168853733245073,少年は夏の日、古びたラジオ塔に迷い込みました。それから錆び付いたアンテナの下で子供たちは不思議な音を聞き、夕方の空に向かって手遊びをした。その奇妙な静寂と波の交響音が彼らの想像力を掻き立てた。
自己修復,20,20,10人目,89,0.39198137377819386,少年は夏の日、古びたラジオ塔に迷い込み、錆びついたアンテナの下で子供たちは不思議な音を聞きながら夕方に向かって手遊びをした。その異質な静寂と波の交響音が彼らの想像力を掻き立てた。
自己修復,21,21,原文,101,1.0,ある晴れた日の午後、カフェで読書していた女性が、隣の席の男性の膝に落ちたコーヒーを偶然見かけた。彼は慌てて手を洗い、優しく彼女に謝罪し、同じ種類のコーヒーをもう一杯プレゼントした。穏やかな時間が流れた。
自己修復,21,21,1人目,120,0.7822681556848718,何も変えない場合はこの文章となります。ある晴れた日の午後、カフェで読書していた女性が、隣の席の男性の膝に落ちたコーヒーを偶然見かけた。彼は慌てて手を洗い、優しく彼女に謝罪し、同じ種類のコーヒーをもう一杯プレゼントした。穏やかな時間が流れた。
自己修復,21,21,2人目,81,0.5863402613722856,ある晴れた日の午後、カフェで読書していた女性が、隣の席の男性の膝に落ちたコーヒーを見かけた。彼は慌てて手を洗い、彼女に謝罪し、お互いに同じ種類のコーヒーを飲んだ。
自己修復,21,21,3人目,86,0.593502929088108,ある晴れた日の午後、カフェで読書していた女性が隣の席の男性の膝に落ちたコーヒーを見かけた。その男性は急いで手を洗い、彼女に謝罪し同じ種類のコーヒーをもう一杯プレゼントした。
自己修復,21,21,4人目,79,0.4196883549171654,女性が午後カフェで読書していたとき、隣の席の男の膝にあるコーヒーを偶然見た。その男性は慌てて手を洗い、優しく彼女に謝罪し、同じ種類のコーヒーをプレゼントした。
自己修復,21,21,5人目,79,0.4196883549171654,女性が午後カフェで読書していたとき、隣の席の男の膝にあるコーヒーを偶然見た。その男性は慌てて手を洗い、優しく彼女に謝罪し、同じ種類のコーヒーをプレゼントした。
自己修復,21,21,6人目,79,0.4196883549171654,女性が午後カフェで読書していたとき、隣の席の男の膝にあるコーヒーを偶然見た。その男性は慌てて手を洗い、優しく彼女に謝罪し、同じ種類のコーヒーをプレゼントした。
自己修復,21,21,7人目,75,0.4683892734353028,午後、女性がカフェで読書していた際、隣の席の男性の膝にあるコーヒーを見た。彼は慌てて手を洗い、優しく彼女に謝罪し、同じ種類のコーヒーをプレゼントした。
自己修復,21,21,8人目,83,0.4591920053785092,午後、ある女性がカフェで読書していた際、隣の席から落ちていたコーヒーを偶然見つけ、彼は慌てて手を洗い、優しく彼女に謝罪し、同じ種類のコーヒーをもう一杯プレゼントした。
自己修復,21,21,9人目,86,0.46096449464452866,午後、ある女性がカフェで読書していた際、隣の席の男性の膝から落ちていたコーヒーを見つけ、彼は慌てて手を洗い、優しく彼女に謝罪し、同じ種類のコーヒーをもう一杯プレゼントした。
自己修復,21,21,10人目,86,0.46096449464452866,午後、ある女性がカフェで読書していた際、隣の席の男性の膝から落ちていたコーヒーを見つけ、彼は慌てて手を洗い、優しく彼女に謝罪し、同じ種類のコーヒーをもう一杯プレゼントした。
自己修復,22,22,原文,111,1.0,都内で開催された大規模イベント会場において、突発的に天候が悪化し、強風と豪雨が発生。多くの参加者が避難を余儀なくされ、会場内の設備が一部破損した。緊急車両の出動や救助活動に要力を入れ、安全確保のためイベントは中断となった。
自己修復,22,22,1人目,76,0.12053565351522078,都会の場所で、強風と雨が突然降り出し多くの人が避難を余儀なくされた。設備も少し損壊したため、緊急車両が出動し救助活動を行い、会場が安全に維持されていた。
自己修復,22,22,2人目,87,0.2325959787245675,都会の場所で、突発的に天候が悪化し強風と豪雨が降り出し多くの参加者が避難を余儀なくされた。設備も一部破損したため緊急車両が出動し救助活動を行い、会場は安全に維持されなかった。
自己修復,22,22,3人目,108,0.5002431870920345,都内で開催されたイベントの会場では突発的に天候が悪化し強風と豪雨が発生した。その結果多くの参加者が避難を余儀なくされ、会場内の設備も一部破損した。緊急車両が出動し救助活動を行い、安全確保のためイベントは中断となった。
自己修復,22,22,4人目,116,0.8629254631309137,都内で開催された大規模イベント会場において、突発的に天候が悪化し強風と豪雨が発生した。その結果多くの参加者が避難を余儀なくされ、会場内の設備が一部破損した。緊急車両の出動や救助活動に要力を入れ、安全確保のためイベントは中断となった。
自己修復,22,22,5人目,116,0.8629254631309137,都内で開催された大規模イベント会場において、突発的に天候が悪化し強風と豪雨が発生した。その結果多くの参加者が避難を余儀なくされ、会場内の設備が一部破損した。緊急車両の出動や救助活動に要力を入れ、安全確保のためイベントは中断となった。
自己修復,22,22,6人目,126,0.7523180582359776,【修復・要約された文章】都内で開催された大規模イベント会場において、突発的に天候が悪化し強風と豪雨が発生した。その結果多くの参加者が避難を余儀なくされ、会場内の設備が破損した。緊急車両の出動や救助活動に要力を入れ、安全確保のためイベントは中断となった。
自己修復,22,22,7人目,126,0.7523180582359776,【修復・要約された文章】都内で開催された大規模イベント会場において、突発的に天候が悪化し強風と豪雨が発生した。その結果多くの参加者が避難を余儀なくされ、会場内の設備が破損した。緊急車両の出動や救助活動に要力を入れ、安全確保のためイベントは中断となった。
自己修復,22,22,8人目,128,0.6892346459807517,【修復・要約された文章】都内で開催された大規模イベント会場において突発的に天候が悪化し強風と豪雨が発生した。その結果多くの参加者が避難を余儀なくされ、会場内の設備の一部が破損した。緊急車両の出動や救助活動に要力を入れ、安全確保のためイベントは中断となった。
自己修復,22,22,9人目,128,0.6892346459807517,【修復・要約された文章】都内で開催された大規模イベント会場において突発的に天候が悪化し強風と豪雨が発生した。その結果多くの参加者が避難を余儀なくされ、会場内の設備の一部が破損した。緊急車両の出動や救助活動に要力を入れ、安全確保のためイベントは中断となった。
自己修復,22,22,10人目,128,0.6892346459807517,【修復・要約された文章】都内で開催された大規模イベント会場において突発的に天候が悪化し強風と豪雨が発生した。その結果多くの参加者が避難を余儀なくされ、会場内の設備の一部が破損した。緊急車両の出動や救助活動に要力を入れ、安全確保のためイベントは中断となった。
自己修復,23,23,原文,91,1.0,先日、近所の公園で迷子になった犬が保護されました。飼い主と再会し、安堵の表情を浮かべていました。その小さな命が無事に帰れたことには、地域の住民たちの迅速な行動と協力があったそうです。
自己修復,23,23,1人目,84,0.5435719863286012,【修復・要約された文章】近所の公園で迷子になった犬が保護され、その飼い主と再会しました。その小さな命が無事に帰れたことには、地域の住民たちの迅速な行動があったそうです。
自己修復,23,23,2人目,116,0.40355053831707205,前者の文は、原文をそのまま引用したものだったようです。修正後の文章は次のようになります。近所の公園で迷子になった犬が保護され、その飼い主と再会しました。その小さな命が無事に帰れたことには、地域の住民たちの迅速な行動があったそうです。
自己修復,23,23,3人目,88,0.8366234445248479,先日、近所の公園で迷子になった犬が保護されました。飼い主と再会し、その安堵の表情を浮かべていました。小さな命が無事に帰れたことには、地域の住民たちの迅速な行動があったそうです。
自己修復,23,23,4人目,91,0.8969458169786372,先日、近所の公園で迷子になった犬が保護されました。飼い主と再会し、その安堵の表情を浮かべていました。小さな命が無事に帰れたことには、地域の住民たちの迅速な行動と協力があったそうです。
自己修復,23,23,5人目,95,0.8223909619435029,先日、近所の公園で迷子になった犬が保護されました。その後に飼い主と再会し、その安堵の表情を浮かべていました。小さな命が無事に帰れたことには、地域の住民たちの迅速な行動と協力があったそうです。
自己修復,23,23,6人目,88,0.5595159941726259,先日、近所の公園で迷子になった犬が保護されました。その後、飼い主と再会し、その安堵の表情を浮かべていました。この事例は、地域の住民たちの迅速な行動と協力があったということです。
自己修復,23,23,7人目,105,0.48550589687717743,先日、近所の公園で迷子になった犬が保護されました。その後、飼い主と再会し、その安堵の表情を浮かべていました。この事例は、地域の住民たちの迅速な行動や協力があったことで、安全に帰ることができたことを示しています。
自己修復,23,23,8人目,95,0.4337114076881831,先日、近所の公園で迷子になった犬が保護されました。その後、飼い主と再会し、その安堵の表情を浮かべていました。これは、迅速な行動や協力があったことで、安全に帰ることができたことを示しています。
自己修復,23,23,9人目,102,0.48653292313220287,先日、近所の公園で迷子になった犬が保護されました。その後、飼い主と再会し、その安堵の表情を浮かべていました。これは、地域の住民たちの迅速な行動や協力があったことで安全に帰ることができたことを示しています。
自己修復,23,23,10人目,99,0.5283064820682865,先日、近所の公園で迷子になった犬が保護されました。飼い主と再会し、その安堵の表情を浮かべていました。このように、地域の住民たちの迅速な行動と協力があったことで無事に帰ることができたと言われています。
自己修復,24,24,原文,124,1.0,2023年5月14日、新宿駅の改札前で、一人の男性がスマートフォンを操作しながら人混みの中で待ち構えていた。彼は、着信音が鳴らない分、バッテリー残量を気にし、周囲の状況を注意深く観察していた。少しだけ空いていた場所へ移動し、再び画面に視線を戻した。
自己修復,24,24,1人目,96,0.7288499364610237,2023年5月14日、新宿駅の改札前で、一人の男性がスマートフォンを操作しながら人混みの中で待ち構えていた。彼は、着信音が鳴らない分、バッテリー残量を気にし、周囲の状況を注意深く観察していた。
自己修復,24,24,2人目,98,0.6388903907122098,2023年5月14日、新宿駅の改札前で、一人の男性がスマートフォンを操作しながら人混みの中で待ち構えていた。一方、彼は着信音が鳴らない分、バッテリー残量を気にし、周囲の状況を注意深く観察していた。
自己修復,24,24,3人目,98,0.6388903907122098,2023年5月14日、新宿駅の改札前で、一人の男性がスマートフォンを操作しながら人混みの中で待ち構えていた。一方、彼は着信音が鳴らない分、バッテリー残量を気にし、周囲の状況を注意深く観察していた。
自己修復,24,24,4人目,99,0.5983782878986776,2023年5月14日、新宿駅の改札前で、一人の男性がスマートフォンを操作しながら人混みの中で待ち構えていた。一方、彼は着信音が鳴らないため、バッテリー残量を気にし、周囲の状況を注意深く観察していた。
自己修復,24,24,5人目,99,0.5983782878986776,2023年5月14日、新宿駅の改札前で、一人の男性がスマートフォンを操作しながら人混みの中で待ち構えていた。一方、彼は着信音が鳴らないため、バッテリー残量を気にし、周囲の状況を注意深く観察していた。
自己修復,24,24,6人目,99,0.5983782878986776,2023年5月14日、新宿駅の改札前で、一人の男性がスマートフォンを操作しながら人混みの中で待ち構えていた。一方、彼は着信音が鳴らないため、バッテリー残量を気にし、周囲の状況を注意深く観察していた。
自己修復,24,24,7人目,99,0.5983782878986776,2023年5月14日、新宿駅の改札前で、一人の男性がスマートフォンを操作しながら人混みの中で待ち構えていた。一方、彼は着信音が鳴らないため、バッテリー残量を気にし、周囲の状況を注意深く観察していた。
自己修復,24,24,8人目,94,0.4236237130636157,2023年5月14日、新宿駅の改札前で、一人の男性がスマートフォンを操作しながら人混いの中で待っていた。着信音が鳴らないため、彼はバッテリー残量に気にして周囲の状況を注意深く観察していた。
自己修復,24,24,9人目,123,0.7114362800957796,2023年5月14日、新宿駅の改札前で、一人の男性がスマートフォンを操作しながら人混いの中で待っていた。着信音が鳴らないため、彼はバッテリー残量に気にして周囲の状況を注意深く観察していたが、少しだけ空いていた場所へ移動し、再び画面に視線を戻した。
自己修復,24,24,10人目,124,1.0000000000000004,2023年5月14日、新宿駅の改札前で、一人の男性がスマートフォンを操作しながら人混みの中で待ち構えていた。彼は、着信音が鳴らない分、バッテリー残量を気にし、周囲の状況を注意深く観察していた。少しだけ空いていた場所へ移動し、再び画面に視線を戻した。
自己修復,25,25,原文,87,1.0,ある晴れた日の午後、カフェで読書していた女性が、偶然目にした迷うような男性に一瞬で心を奪われた。彼は優しそうな笑顔で話しかけ、その声と視線が彼女の日常を大きく揺さぶったのだ。
自己修復,25,25,1人目,88,0.145324440818157,ある晴れた日の午後、女性はカフェで読書していた。そのとき、近くにいた男性を見た。彼の優しい表情が心を動かした。彼の声と視線は、彼女の生活の中で何か大きく変わるきっかけになった。
自己修復,25,25,2人目,99,0.1345533546085265,ある晴れた日の午後、女性はカフェで読書していた。その時、近くにいた男性を見た。それは偶然だったが、彼の優しい表情が心を動かした。そして彼の声と視線は彼女の生活の中で何か大きく変わるきっかけになった。
自己修復,25,25,3人目,86,0.1938164589211969,ある晴れた日の午後、女性はカフェで読書していた。その時、近所にいた男性を見て意外にも心を奪われた。彼の優しい表情は大きな影響を与え、声と視線が彼女の生活の中で大きく変えた。
自己修復,25,25,4人目,271,0.19242931575384226,この文脈において前人が修正した内容の詳細なリストを作成します。1.  「迷うような男性」は、原文にない情報です。したがって削除します。2.  「近所にいた男性」という表現には、原文から確認できない具体的な情報があります。誤りを修正しません。3.  「女性の生活の中で大きく変えた」は、原文の「彼女の日常を大きく揺さぶった」よりもあまりにも広い言い方です。したがってこの表現は削除します。修復・要約された文章：ある晴れた日の午後、女性はカフェで読書していた。その時、彼の優しい表情は大きな影響を与え、その声と視線が彼女の日常を大きく揺さぶった。
自己修復,25,25,5人目,73,0.1480477129978979,ある晴れた日の午後、女性はカフェで読書していた。その時、彼の優しい表情は彼女に強い感銘を与えた。彼の声と視線が彼女の生活に大きな変化をもたらした。
自己修復,25,25,6人目,221,0.6800858189752406,原文は次の通りです。ある晴れた日の午後、カフェで読書していた女性が、偶然目にした迷うような男性に一瞬で心を奪われた。彼は優しそうな笑顔で話しかけ、その声と視線が彼女の日常を大きく揺さぶったのだ。前の人の文章には誤りや欠落があるため、それらを修正して要約した文章は次のようになります。ある晴れた日の午後、女性はカフェで読書していた。その時、彼に心を奪われてしまった。彼は優しそうな笑顔で話しかけて、その声と視線が彼女の日常に大きな影響を与えた。
自己修復,25,25,7人目,145,0.25546444040648697,原文に記載されている事実を正しい情報として扱うため、前人の文章には誤りや欠落がある部分を修正して要約したものは次のようになります。ある晴れた日の午後、女性はカフェで読書していた。その時、彼に心を奪われてしまった。彼は優しそうな笑顔で話しかけて、その声と視線が彼女の日常に大きな影響を与えた。
自己修復,25,25,8人目,141,0.20605157410956906,原文に記載されている事実を正しい情報として扱うため、前人の文章には誤りや欠落があった部分を修正して要約したものは次のようになります。ある晴れた日の午後、女性がカフェで読書中に、偶然に見た男性の一瞬の会話に心を奪われた。優しそうな笑顔で話しかけてきた彼の声と視線が彼女の生活を変えた。
自己修復,25,25,9人目,82,0.6853682706037333,ある晴れた日の午後、カフェで読書していた女性が、偶然目にした男性に一瞬で心を奪われました。彼は優しそうな笑顔で話しかけ、その声と視線が彼女の日常を大きく変えました。
自己修復,25,25,10人目,81,0.8643954657982742,ある晴れた日の午後、カフェで読書していた女性が偶然目にした男性に一瞬で心を奪われた。彼は優しそうな笑顔で話しかけ、その声と視線が彼女の日常を大きく揺さぶったのだ。
自己修復,26,26,原文,98,1.0,2023年5月、円安が進み、輸入物価が急騰し、家計を圧迫した。特に食料品やエネルギーの価格上昇が顕著であり、企業の生産コストも増加した。この影響は消費者物価指数に反映され、インフレ懸念が高まった。
自己修復,26,26,1人目,86,0.43761060195686335,2023年5月、円安により輸入物価が急騰し、食料品やエネルギーの価格上昇が顕著となり、企業の生産コストも増加した。その結果、消費者物価指数に反映されインフレ懸念が高まった。
自己修復,26,26,2人目,87,0.63312034224579,2023年5月、円安により輸入物価が急騰し、食料品やエネルギーの価格上昇が顕著となり、企業の生産コストも増加した。この影響は消費者物価指数に反映され、インフレ懸念が高まった。
自己修復,26,26,3人目,87,0.63312034224579,2023年5月、円安により輸入物価が急騰し、食料品やエネルギーの価格上昇が顕著となり、企業の生産コストも増加した。この影響は消費者物価指数に反映され、インフレ懸念が高まった。
自己修復,26,26,4人目,87,0.63312034224579,2023年5月、円安により輸入物価が急騰し、食料品やエネルギーの価格上昇が顕著となり、企業の生産コストも増加した。この影響は消費者物価指数に反映され、インフレ懸念が高まった。
自己修復,26,26,5人目,88,0.7300966930686131,2023年5月、円安が進み、輸入物価が急騰し、食料品やエネルギーの価格上昇が顕著となり、企業の生産コストも増加した。この影響は消費者物価指数に反映され、インフレ懸念が高まった。
自己修復,26,26,6人目,82,0.4887441531464378,2023年5月、円安により輸入物価が急騰し、特に食料品やエネルギーの価格上昇が顕著で企業の生産コストも増加したため、消費者物価指数に反映されインフレ懸念が高まった。
自己修復,26,26,7人目,82,0.5922123904584407,2023年5月、円安が進み、輸入物価が急騰し、特に食料品やエネルギーの価格上昇が顕著で企業の生産コストも増加したため消費者物価指数に反映されインフレ懸念が高まった。
自己修復,26,26,8人目,82,0.4251648658222265,2023年5月、円安により輸入物価が急騰し、特に食料品やエネルギーの価格上昇が顕著で企業の生産コストも増加したため、消費者物価指数が上昇し、インフレ懸念が高まった。
自己修復,26,26,9人目,73,0.32709693005640256,2023年5月、円安により輸入物価が急騰し、特に食料品やエネルギーの価格が顕著に上昇したため、企業の生産コストも増加し、消費者物価指数が高まった。
自己修復,26,26,10人目,74,0.33749876282074315,2023年5月、円安により輸入物価が急騰し、特に食料品やエネルギーの価格の上昇が顕著で、企業の生産コストも増加したことで、消費者物価指数が高まった。
自己修復,27,27,原文,107,1.0,2023年5月、円安が進行し、輸入物価が高騰したことで、家計を中心に影響が出た。特に食料品やエネルギー価格の上昇が顕著で、消費者物価指数も上昇傾向にあった。企業業績にも悪影響を及ぼし、輸出企業の収益が悪化していた。
自己修復,27,27,1人目,109,0.5471863529870633,2023年5月、円安の影響により家計が苦境に立たされていた。この時期の輸入物価の上昇は特に食料品やエネルギー価格で顕著であり、消費者物価指数も上昇傾向にあった。企業業績にも悪影響を及ぼし、輸出企業の収益が悪化していた。
自己修復,27,27,2人目,76,0.24516601057950907,2023年5月には、円安により家計や企業の経営状況に悪影響が出た。特に食料品やエネルギー価格の上昇が問題となったほか、消費者物価指数も上昇傾向にあった。
自己修復,27,27,3人目,94,0.5298200196052766,【修復・要約された文章】2023年5月、円安が進行し輸入物価が高騰したことで、家計や企業の経営状況に影響が出た。特に食料品やエネルギー価格の上昇が顕著で、消費者物価指数も上昇傾向にあった。
自己修復,27,27,4人目,94,0.5298200196052766,【修復・要約された文章】2023年5月、円安が進行し輸入物価が高騰したことで、家計や企業の経営状況に影響が出た。特に食料品やエネルギー価格の上昇が顕著で、消費者物価指数も上昇傾向にあった。
自己修復,27,27,5人目,94,0.5298200196052766,【修復・要約された文章】2023年5月、円安が進行し輸入物価が高騰したことで、家計や企業の経営状況に影響が出た。特に食料品やエネルギー価格の上昇が顕著で、消費者物価指数も上昇傾向にあった。
自己修復,27,27,6人目,91,0.25642581560549327,【修復・要約された文章】2023年5月、円安による輸入高の増加により、家計と企業の経営状況が影響を受けた。特に食料品やエネルギー価格の上昇は顕著で、消費者物価指数も上昇傾向にあった。
自己修復,27,27,7人目,91,0.25642581560549327,【修復・要約された文章】2023年5月、円安による輸入高の増加により、家計と企業の経営状況が影響を受けた。特に食料品やエネルギー価格の上昇は顕著で、消費者物価指数も上昇傾向にあった。
自己修復,27,27,8人目,91,0.25642581560549327,【修復・要約された文章】2023年5月、円安による輸入高の増加により、家計と企業の経営状況が影響を受けた。特に食料品やエネルギー価格の上昇は顕著で、消費者物価指数も上昇傾向にあった。
自己修復,27,27,9人目,91,0.25642581560549327,【修復・要約された文章】2023年5月、円安による輸入高の増加により、家計と企業の経営状況が影響を受けた。特に食料品やエネルギー価格の上昇は顕著で、消費者物価指数も上昇傾向にあった。
自己修復,27,27,10人目,91,0.25642581560549327,【修復・要約された文章】2023年5月、円安による輸入高の増加により、家計と企業の経営状況が影響を受けた。特に食料品やエネルギー価格の上昇は顕著で、消費者物価指数も上昇傾向にあった。
自己修復,28,28,原文,77,1.0,2023年5月、円安が進み、輸入物価が上昇したことで、食品やエネルギーの価格が高騰し、家計を圧迫した。企業も原材料費の値上げを実施し、実質賃金は低下した。
自己修復,28,28,1人目,86,0.26455102547087056,【修復・要約された文章】2023年5月、円安により輸入物価の上昇が進行し、食品やエネルギーの価格が高騰して家計の負担が増加した。また、企業も原材料費の値上げを実施している。
自己修復,28,28,2人目,86,0.26455102547087056,【修復・要約された文章】2023年5月、円安により輸入物価の上昇が進行し、食品やエネルギーの価格が高騰して家計の負担が増加した。また、企業も原材料費の値上げを実施している。
自己修復,28,28,3人目,87,0.5436428746787811,【修復・要約された文章】2023年5月、円安が進み、輸入物価の上昇で食品やエネルギーの価格が高騰して家計を圧迫したり、企業も原材料費の値上げを実施し、実質賃金は低下している。
自己修復,28,28,4人目,76,0.5736010187406633,【修復・要約された文章】2023年5月、円安により輸入物価が上昇し、食品やエネルギーの価格が高騰し、企業も原材料費の値上げを実施し、実質賃金は低下した。
自己修復,28,28,5人目,75,0.45350107255461913,【修復・要約された文章】2023年5月、円安により輸入物価の上昇で食品やエネルギーの価格が高騰し、企業も原材料費の値上げを実施し、実質賃金は低下した。
自己修復,28,28,6人目,75,0.45350107255461913,【修復・要約された文章】2023年5月、円安により輸入物価の上昇で食品やエネルギーの価格が高騰し、企業も原材料費の値上げを実施し、実質賃金は低下した。
自己修復,28,28,7人目,77,0.5141090866327226,【修復・要約された文章】 2023年5月、円安が進み、輸入物価の上昇で食品やエネルギーの価格が高騰し、企業も原材料費の値上げを実施し、実質賃金は低下した。
自己修復,28,28,8人目,76,0.5580200447898552,【修復・要約された文章】2023年5月、円安が進み、輸入物価の上昇で食品やエネルギーの価格が高騰し、企業も原材料費の値上げを実施し、実質賃金は低下した。
自己修復,28,28,9人目,80,0.6254837701383906,【修復・要約された文章】2023年5月、円安が進み、輸入物価の上昇で食品やエネルギーの価格が高騰したことで、企業も原材料費の値上げを実施し、実質賃金は低下した。
自己修復,28,28,10人目,78,0.4405914094602993,【修復・要約された文章】2023年5月に円安により輸入物価の上昇で食品やエネルギーの価格が高騰したことで企業も原材料費の値上げを実施し、実質賃金は低下した。
自己修復,29,29,原文,108,1.0,2023年5月に発表された日銀の金融政策決定会合において、現状の物価上昇圧力に対して、大規模な金融緩和策を維持することが決定した。これは、企業や家計への影響が懸念されたため、景気の下支えを優先する判断だったと言える。
自己修復,29,29,1人目,91,0.5681561343396563,【修復・要約文】2023年5月に発表された日銀の金融政策決定会合において、大規模な金融緩和策を維持することが決定した。これは、企業や家計への影響が懸念され、景気の下支えが優先された。
自己修復,29,29,2人目,95,0.5769848419560324,【修復・要約文】2023年5月に発表された日銀の金融政策決定会合において、大規模な金融緩和策を維持することが決定した。これは、物価上昇圧力に対処し、企業や家計への影響が懸念されたためである。
自己修復,29,29,3人目,95,0.5769848419560324,【修復・要約文】2023年5月に発表された日銀の金融政策決定会合において、大規模な金融緩和策を維持することが決定した。これは、物価上昇圧力に対処し、企業や家計への影響が懸念されたためである。
自己修復,29,29,4人目,95,0.5769848419560324,【修復・要約文】2023年5月に発表された日銀の金融政策決定会合において、大規模な金融緩和策を維持することが決定した。これは、物価上昇圧力に対処し、企業や家計への影響が懸念されたためである。
自己修復,29,29,5人目,95,0.5769848419560324,【修復・要約文】2023年5月に発表された日銀の金融政策決定会合において、大規模な金融緩和策を維持することが決定した。これは、物価上昇圧力に対処し、企業や家計への影響が懸念されたためである。
自己修復,29,29,6人目,95,0.5769848419560324,【修復・要約文】2023年5月に発表された日銀の金融政策決定会合において、大規模な金融緩和策を維持することが決定した。これは、物価上昇圧力に対処し、企業や家計への影響が懸念されたためである。
自己修復,29,29,7人目,88,0.31406729214927986,【修復・要約文】2023年5月の日銀の金融政策決定会合で、大規模な金融緩和策を続けることに決まった。この判断は、物価上昇圧力に対処し、企業や家計への影響が懸念されたためである。
自己修復,29,29,8人目,88,0.31406729214927986,【修復・要約文】2023年5月の日銀の金融政策決定会合で、大規模な金融緩和策を続けることに決まった。この判断は、物価上昇圧力に対処し、企業や家計への影響が懸念されたためである。
自己修復,29,29,9人目,80,0.2265047049543115,【修復・要約文】2023年5月の日銀の会議で、大規模な金融緩和策を続けることに決まった。この判断は、物価上昇に対処し、企業や家計への影響が懸念されたためである。
自己修復,29,29,10人目,73,0.5514518882734072,【修復・要約文】2023年5月に発表された日銀の会議で、大規模な金融緩和策を続けることに決まった。これは景気の下支えを優先する判断だったと言える。
自己修復,30,30,原文,110,1.0,2023年5月の日銀金融政策決定会合において、大規模な金融緩和方針が維持され、市場に大きな影響を与えた。金利の据え置きに加え、量的緩和資産の購入規模も変更せず、経済活動を支えるための資金供給機能を強化することを目指した。
自己修復,30,30,1人目,97,0.3211896544304193,【修復・要約された文章】2023年5月の日銀金融政策決定会合において、大規模な金融緩和方針が維持され、市場に大きな影響を与えた。また、金利の据え置きと量的緩和資産購入規模の変更は行われなかった。
自己修復,30,30,2人目,103,0.393938412365325,【修復・要約された文章】2023年5月の日銀金融政策決定会合において、大規模な金融緩和方針が維持され、市場に大きな影響を与えた。大規模な金融緩和の方針で金利の据え置きと量的緩和資産購入規模は変わらなかった。
自己修復,30,30,3人目,103,0.393938412365325,【修復・要約された文章】2023年5月の日銀金融政策決定会合において、大規模な金融緩和方針が維持され、市場に大きな影響を与えた。大規模な金融緩和の方針で金利の据え置きと量的緩和資産購入規模は変わらなかった。
自己修復,30,30,4人目,103,0.393938412365325,【修復・要約された文章】2023年5月の日銀金融政策決定会合において、大規模な金融緩和方針が維持され、市場に大きな影響を与えた。大規模な金融緩和の方針で金利の据え置きと量的緩和資産購入規模は変わらなかった。
自己修復,30,30,5人目,103,0.393938412365325,【修復・要約された文章】2023年5月の日銀金融政策決定会合において、大規模な金融緩和方針が維持され、市場に大きな影響を与えた。大規模な金融緩和の方針で金利の据え置きと量的緩和資産購入規模は変わらなかった。
自己修復,30,30,6人目,103,0.393938412365325,【修復・要約された文章】2023年5月の日銀金融政策決定会合において、大規模な金融緩和方針が維持され、市場に大きな影響を与えた。大規模な金融緩和の方針で金利の据え置きと量的緩和資産購入規模は変わらなかった。
自己修復,30,30,7人目,130,0.5784140254250584,【修復・要約された文章】2023年5月の日銀金融政策決定会合において、大規模な金融緩和方針が維持され、市場に大きな影響を与えた。金利の据え置きと量的緩和資産購入規模は変わらなかった。この方針により、経済活動を支えるための資金供給機能が強化されることを目指した。
自己修復,30,30,8人目,130,0.5784140254250584,【修復・要約された文章】2023年5月の日銀金融政策決定会合において、大規模な金融緩和方針が維持され、市場に大きな影響を与えた。金利の据え置きと量的緩和資産購入規模は変わらなかった。この方針により、経済活動を支えるための資金供給機能が強化されることを目指した。
自己修復,30,30,9人目,108,0.36724087596916793,【修復・要約された文章】2023年5月の日銀金融政策決定会合で、大規模な金融緩和が維持され、市場に影響がもたらされた。金利は据え置きで、量的緩和資産購入規模も変化せず、経済活動を支える資金供給機能の強化が目指された。
自己修復,30,30,10人目,108,0.36724087596916793,【修復・要約された文章】2023年5月の日銀金融政策決定会合で、大規模な金融緩和が維持され、市場に影響がもたらされた。金利は据え置きで、量的緩和資産購入規模も変化せず、経済活動を支える資金供給機能の強化が目指された。
自己修復,31,31,原文,82,1.0,2023年8月15日、プロ野球中継の視聴者数が記録的な高を更新した。夏季甲子園優勝校同士の対戦を中心に、多くの人々がテレビを見守り、熱狂的な応援を送った結果である。
自己修復,31,31,1人目,86,0.3792026301074568,【修復・要約】2023年8月15日、プロ野球中継の視聴者数が記録的な高を更新した。これは夏季甲子園優勝校同士が対戦する試合で、多くの人々が熱狂的な応援を見守った結果である。
自己修復,31,31,2人目,85,0.46614123111883937,【修復・要約】2023年8月15日、プロ野球中継の視聴者数が記録的な高を更新したのは、夏季甲子園優勝校同士の対戦によるもので、多くの人がテレビを見守り応援した結果である。
自己修復,31,31,3人目,99,0.32053852108519,修復・要約した文章は次のとおりです。2023年8月15日、プロ野球中継の視聴者数が記録的な高を更新したのは夏季甲子園優勝校同士の対戦によるもので、それを見守る多くの人が熱狂的な応援をした結果である。
自己修復,31,31,4人目,102,0.2723772953645952,修復・要約された文章は次のとおりです。2023年8月15日、プロ野球中継の視聴者数が記録的な高を更新したのは夏季甲子園優勝校同士による対戦によるもので、それを見守る多くの人が熱狂的な応援をした結果である。
自己修復,31,31,5人目,83,0.38565313862920436,2023年8月15日、プロ野球中継の視聴者数が記録的な高を更新したのは夏季甲子園優勝校同士による対戦によるもので、それを見守る多くの人が熱狂的な応援をした結果である。
自己修復,31,31,6人目,82,0.354561608887976,2023年8月15日、プロ野球中継の視聴者数が記録的高を更新したのは夏季甲子園優勝校同士による対戦によるもので、それを見守る多くの人が熱狂的な応援をした結果である。
自己修復,31,31,7人目,82,0.354561608887976,2023年8月15日、プロ野球中継の視聴者数が記録的高を更新したのは夏季甲子園優勝校同士による対戦によるもので、それを見守る多くの人が熱狂的な応援をした結果である。
自己修復,31,31,8人目,82,0.354561608887976,2023年8月15日、プロ野球中継の視聴者数が記録的高を更新したのは夏季甲子園優勝校同士による対戦によるもので、それを見守る多くの人が熱狂的な応援をした結果である。
自己修復,31,31,9人目,82,0.43213825784914467,2023年8月15日、プロ野球中継の視聴者数が記録的な高を更新したのは、夏季甲子園優勝校同士の対戦によるもので、それを見守る多くの人が熱狂的な応援をした結果である。
自己修復,31,31,10人目,82,0.43213825784914467,2023年8月15日、プロ野球中継の視聴者数が記録的な高を更新したのは、夏季甲子園優勝校同士の対戦によるもので、それを見守る多くの人が熱狂的な応援をした結果である。
自己修復,32,32,原文,103,1.0,2024年5月16日、那須田誠司は富士ヒルズを雨の中完走した。序盤のペース配分に苦しみ、後半失速したが、コースレコード更新ならずという結果だった。厳しい暑さと降雨が選手のパフォーマンスに大きく影響を与えた。
自己修復,32,32,1人目,91,0.7666897424260214,2024年5月16日、那須田誠司は富士ヒルズを雨の中完走した。序盤のペース配分に苦しみ後半失速しコースレコード更新ならず。厳しい暑さと降雨が選手のパフォーマンスに大きく影響を与えた。
自己修復,32,32,2人目,81,0.7695142695366362,2024年5月16日、那須田誠司は富士ヒルズを雨の中完走した。序盤のペース配分に苦しみ、後半失速したが厳しい暑さと降雨が選手のパフォーマンスに大きく影響を与えた。
自己修復,32,32,3人目,90,0.7247695919309294,2024年5月16日、那須田誠司は富士ヒルズを雨の中完走した。序盤ペース配分に苦しみ、後半失速しコースレコード更新ならずという結果だった。降雨が選手のパフォーマンスに影響を与えた。
自己修復,32,32,4人目,77,0.6055091151047568,2024年5月16日、那須田誠司は富士ヒルズを雨の中完走した。序盤ペース配分に苦しみ、後半失速し厳しい暑さもありコースレコード更新ならずという結果だった。
自己修復,32,32,5人目,78,0.6400380711814423,2024年5月16日、那須田誠司は富士ヒルズを雨の中完走した。序盤のペース配分に苦しみ、後半失速し厳しい暑さもありコースレコード更新ならずという結果だった。
自己修復,32,32,6人目,73,0.6060324263263077,2024年5月16日、那須田誠司は富士ヒルズを雨の中完走した。序盤のペース配分に苦しみ、後半失速し厳しい暑さが選手のパフォーマンスに影響を与えた。
自己修復,32,32,7人目,76,0.6783054117660725,2024年5月16日、那須田誠司は富士ヒルズを雨の中完走した。序盤のペース配分に苦しみ、後半失速し厳しい暑さと降雨が選手のパフォーマンスに影響を与えた。
自己修復,32,32,8人目,83,0.6785849942812473,2024年5月16日、那須田誠司は富士ヒルズを雨の中完走した。序盤のペース配分に苦しみ、後半失速したが厳しい暑さと降雨によりコースレコード更新ならずという結果だった。
自己修復,32,32,9人目,83,0.6785849942812473,2024年5月16日、那須田誠司は富士ヒルズを雨の中完走した。序盤のペース配分に苦しみ、後半失速したが厳しい暑さと降雨によりコースレコード更新ならずという結果だった。
自己修復,32,32,10人目,79,0.7571186779228721,2024年5月16日、那須田誠司は富士ヒルズを雨の中完走した。序盤のペース配分に苦しみ、後半失速し厳しい暑さと降雨が選手のパフォーマンスに大きく影響を与えた。
自己修復,33,33,原文,120,1.0,2023年8月15日、プロ野球中継の視聴率が、長年の記録を更新した。侍ジャパンのワールドシリーズ制覇と、メジャーリーグでの日本人の活躍が相まって、多くの人々がテレビをつける時間が増加したと考えられる。関連広告やメディアも盛り上がりを見せた。
自己修復,33,33,1人目,87,0.26969664153608175,2023年8月15日、プロ野球中継の視聴率は新記録を達成した。侍ジャパンのワールドシリーズ制覇や日本人選手の活躍がテレビの視聴率の向上に寄与している可能性があると考えられる。
自己修復,33,33,2人目,88,0.303822093893332,2023年8月15日、プロ野球中継の視聴率は新記録を達成した。メジャーリーグでの日本人の活躍や侍ジャパンのワールドシリーズ制覇がテレビの視聴率の向上に寄与している可能性がある。
自己修復,33,33,3人目,93,0.3940249993437405,2023年8月15日、プロ野球中継の視聴率は長年の記録を更新した。これは、メジャーリーグでの日本人の活躍や侍ジャパンのワールドシリーズ制覇がテレビの視聴率に寄与しているからと考えられる。
自己修復,33,33,4人目,98,0.7224693564987887,2023年8月15日、プロ野球中継の視聴率が、長年の記録を更新した。メジャーリーグでの日本人の活躍や侍ジャパンのワールドシリーズ制覇が相まって多くの人々がテレビをつける時間が増加したと考えられる。
自己修復,33,33,5人目,56,0.324206138883821,2023年8月15日、プロ野球中継の視聴率が記録を更新したとみられている。関連広告やメディアも盛り上がっている。
自己修復,33,33,6人目,144,0.4313746979299775,この文は正しい情報源である原文に基づいて修復・要約すると以下のようになる。2023年8月15日、プロ野球中継の視聴率が長年の記録を更新した。侍ジャパンのワールドシリーズ制覇とメジャーリーグでの日本人の活躍が相まって多くの人がテレビを見ていたと考えられる。関連広告やメディアも盛り上がった。
自己修復,33,33,7人目,107,0.6591765526875853,2023年8月15日、プロ野球中継の視聴率が長年の記録を更新した。侍ジャパンのワールドシリーズ制覇とメジャーリーグでの日本人の活躍が相まって多くの人がテレビを見ていたと考えられる。関連広告やメディアも盛り上がった。
自己修復,33,33,8人目,125,0.8082650110790677,2023年8月15日、プロ野球中継の視聴率が長年の記録を更新した。侍ジャパンのワールドシリーズ制覇とメジャーリーグでの日本人の活躍が相まって、多くの人々がテレビをつける時間が増加したためであると考えられる。また関連広告やメディアも盛り上がりを見せた。
自己修復,33,33,9人目,124,0.7702656715892486,2023年8月15日、プロ野球中継の視聴率が長年の記録を更新した。侍ジャパンのワールドシリーズ制覇とメジャーリーグでの日本人の活躍が相まって多くの人々がテレビをつける時間が増加したためであると考えられる。また関連広告やメディアも盛り上がりを見せた。
自己修復,33,33,10人目,80,0.5061222085063227,2023年8月15日、プロ野球中継の視聴率が長年の記録を更新し、多くの人々はテレビをつける時間が増加したと考えられる。このため関連広告やメディアも盛り上がった。
自己修復,34,34,原文,128,1.0,2023年8月15日、プロサッカーリーグJ1レギュラー戦でFC東京が川崎フロンターレを3対2と破りました。試合終盤の激しい攻防の中、東京の古橋亨梧が決勝点を挙げ、勝利を決定づけました。観客動員数は約3万8千人となり、熱狂的な応援が選手たちを後押ししました。
自己修復,34,34,1人目,108,0.33411182500657854,"2023年8月15日、プロサッカーリーグJ1のレギュラー戦でFC東京が川崎フロンターレを3対2と破った。この勝利に貢献した古橋亨梧選手は試合終盤の決勝点を決めました。約38,000人の観客の熱狂的な応援もありました。"
自己修復,34,34,2人目,118,0.5249605600518452,2023年8月15日、プロサッカーリーグJ1のレギュラー戦でFC東京が川崎フロンターレを3対2と破りました。この勝利に貢献した古橋亨梧選手は試合終盤の決勝点を決め、勝利を決定づけました。観客動員数約3万8千人で熱狂的な応援がありました。
自己修復,34,34,3人目,117,0.5470057546596278,2023年8月15日、プロサッカーリーグJ1レギュラー戦でFC東京が川崎フロンターレを3対2と破りました。この勝利に貢献した古橋亨梧選手は試合終盤の決勝点を決め、勝利を決定づけました。観客動員数約3万8千人で熱狂的な応援がありました。
自己修復,34,34,4人目,127,0.8234212636672572,"2023年8月15日、プロサッカーリーグJ1レギュラー戦でFC東京が川崎フロンターレを3対2と破りました。試合終盤の激しい攻防の中、古橋亨梧が決勝点を挙げ、勝利を決定づけました。観客動員数は約38,000人となり、熱狂的な応援で選手たちを後押ししました。"
自己修復,34,34,5人目,127,0.8234212636672572,"2023年8月15日、プロサッカーリーグJ1レギュラー戦でFC東京が川崎フロンターレを3対2と破りました。試合終盤の激しい攻防の中、古橋亨梧が決勝点を挙げ、勝利を決定づけました。観客動員数は約38,000人となり、熱狂的な応援で選手たちを後押ししました。"
自己修復,34,34,6人目,128,0.9999999999999996,2023年8月15日、プロサッカーリーグJ1レギュラー戦でFC東京が川崎フロンターレを3対2と破りました。試合終盤の激しい攻防の中、東京の古橋亨梧が決勝点を挙げ、勝利を決定づけました。観客動員数は約3万8千人となり、熱狂的な応援が選手たちを後押ししました。
自己修復,34,34,7人目,110,0.6274312844781724,"2023年8月15日、プロサッカーリーグJ1レギュラー戦でFC東京が川崎フロンターレを3対2と破りました。試合終盤の激しい攻防の中、東京の古橋亨梧が決勝点を挙げて勝利を決定付け、観客動員数は約38,000人となりました。"
自己修復,34,34,8人目,113,0.7812996233089713,"2023年8月15日、プロサッカーリーグJ1レギュラー戦でFC東京が川崎フロンターレを3対2と破りました。試合終盤の激しい攻防の中、東京の古橋亨梧が決勝点を挙げ、勝利を決定づけました。観客動員数は約38,000人となりました。"
自己修復,34,34,9人目,128,0.9999999999999996,2023年8月15日、プロサッカーリーグJ1レギュラー戦でFC東京が川崎フロンターレを3対2と破りました。試合終盤の激しい攻防の中、東京の古橋亨梧が決勝点を挙げ、勝利を決定づけました。観客動員数は約3万8千人となり、熱狂的な応援が選手たちを後押ししました。
自己修復,34,34,10人目,111,0.5428748205808811,2023年8月15日、プロサッカーリーグJ1レギュラー戦でFC東京が川崎フロンターレを3対2と破りました。試合終盤の激しい攻防の中、東京の古橋亨梧が決勝点を得て勝利しました。観客約3万8千人から熱狂的な応援を受けたという。
自己修復,35,35,原文,122,1.0,2023年8月15日、プロ野球の試合中継において、広島東洋カープのエースが渾身のストレートでサヨナマホームランを放ち、観客を熱狂させた。その瞬間、スタジアム全体に興奮と感動が爆発し、勝利を確信したチームメイトや監督との喜びの感情表現が見られた。
自己修復,35,35,1人目,113,0.7337002720544071,2023年8月15日、プロ野球の試合中継において広島東洋カープのエースが渾身のストレートでサヨナマホームランを放ち観客を熱狂させた。それに伴いスタジアム全体に興奮と感動が爆発し、チームメイトや監督との喜びの感情表現が見られた。
自己修復,35,35,2人目,109,0.4808134310910303,広島東洋カープのエースは2023年8月15日、試合中継において渾身のストレートでサヨナマホームランを放ち観客を熱狂させた。また、その瞬間にはスタジアム全体に感動が爆発し、チームメイトや監督との喜びの感情表現も見られた。
自己修復,35,35,3人目,106,0.5361879237174922,広島東洋カープのエースは2023年8月15日、試合中継において渾身のストレートでサヨナマホームランを放ち観客を熱狂させた。その瞬間にはスタジアム全体に感動が爆発し、チームメイトや監督との喜びの感情表現も見られた。
自己修復,35,35,4人目,106,0.5501115430377927,2023年8月15日、広島東洋カープのエースは試合中継において渾身のストレートでサヨナマホームランを放ち観客を熱狂させた。その瞬間にはスタジアム全体に感動が爆発し、チームメイトや監督との喜びの感情表現も見られた。
自己修復,35,35,5人目,112,0.6768133831592841,2023年8月15日、プロ野球の試合中継において広島東洋カープのエースは渾身のストレートでサヨナマホームランを放ち、観客を熱狂させた。その瞬間にはスタジアム全体に感動が爆発し、チームメイトや監督との喜びの感情表現も見られた。
自己修復,35,35,6人目,98,0.6065085390184785,2023年8月15日、広島東洋カープのエースは渾身のストレートでサヨナマホームランを放ち、観客を熱狂させた。その瞬間、スタジアム全体に感動が爆発し、チームメイトや監督との喜びの感情表現も見られた。
自己修復,35,35,7人目,108,0.723374577384188,2023年8月15日、広島東洋カープのエースは渾身のストレートでサヨナマホームランを放ち、観客を熱狂させた。その瞬間、スタジアム全体に感動と興奮が爆発し、勝利を確信したチームメイトや監督との喜びの感情表現が見られた。
自己修復,35,35,8人目,108,0.723374577384188,2023年8月15日、広島東洋カープのエースは渾身のストレートでサヨナマホームランを放ち、観客を熱狂させた。その瞬間、スタジアム全体に感動と興奮が爆発し、勝利を確信したチームメイトや監督との喜びの感情表現が見られた。
自己修復,35,35,9人目,92,0.5271362723889113,2023年8月15日、広島東洋カープのエースは渾身のストレートでサヨナマホームランを放ち、その瞬間、スタジアム全体に感動と興奮が爆発し、チームメイトや監督との喜びの感情表現が見られた。
自己修復,35,35,10人目,92,0.5271362723889113,2023年8月15日、広島東洋カープのエースは渾身のストレートでサヨナマホームランを放ち、その瞬間、スタジアム全体に感動と興奮が爆発し、チームメイトや監督との喜びの感情表現が見られた。
自己修復,36,36,原文,98,1.0,2023年5月、東京都の新宿御苑で、記録的な猛暑が観測されました。気温は40℃近くまで上昇し、多くの観光客や市民が熱中症で救護所を利用しました。植物への影響も懸念され、水やり頻度などが調整された。
自己修復,36,36,1人目,96,0.4434843545192274,2023年5月、新宿御苑では記録的な猛暑が観測されました。気温は40℃近くまで上昇し、熱中症で救護所を利用した人も多くなりました。植物への影響を心配されたため、水やりの頻度などを調整しました。
自己修復,36,36,2人目,109,0.34334698932387264,2023年5月、新宿御苑では記録的な猛暑が観測されました。気温は40℃近くまで上昇し、熱中症で救護所に利用した人も多くなりました。水やりの頻度などが調整されたため、植物への影響を心配することなく過ごすことができました。
自己修復,36,36,3人目,87,0.5076450572636703,2023年5月の新宿御苑での記録的な猛暑により、気温は40℃近くまで上昇し、多くの観光客や市民が熱中症で救護所を利用した。植物への影響も懸念され、水やりの頻度などを調整した。
自己修復,36,36,4人目,109,0.6348271799027578,2023年5月、東京都の新宿御苑では記録的な猛暑が観測されました。気温は40℃近くまで上昇し、多くの観光客や市民が熱中症で救護所を利用しました。また、植物への影響も懸念されており、水やりの頻度などが調整されていました。
自己修復,36,36,5人目,95,0.7739459391558573,2023年5月、東京都の新宿御苑で記録的な猛暑が観測されました。気温は40℃近くまで上昇し、多くの人が熱中症で救護所を利用しました。植物への影響も懸念され、水やりの頻度などが調整されました。
自己修復,36,36,6人目,98,0.8176215953345641,2023年5月、新宿御苑の新宿御苑で記録的な猛暑が観測されました。気温は40℃近くまで上昇し、多くの観光客や市民が熱中症で救護所を利用しました。植物への影響も懸念され、水やり頻度などが調整された。
自己修復,36,36,7人目,95,0.754789868360338,2023年5月、新宿御苑で記録的な猛暑が観測されました。気温は40℃近くまで上昇し、多くの観光客や市民が熱中症で救護所を利用しました。植物への影響も懸念されます。水やり頻度などが調整された。
自己修復,36,36,8人目,93,0.8517479712356228,2023年5月、新宿御苑で記録的な猛暑が観測されました。気温は40℃近くまで上昇し、多くの観光客や市民が熱中症で救護所を利用しました。植物への影響も懸念され、水やり頻度などが調整された。
自己修復,36,36,9人目,113,0.6615752358166765,2023年5月、新宿御苑で記録的な猛暑が観測されました。気温は40℃近くまで上昇し、多くの観光客や市民が熱中症で救護所を利用しました。東京都の新宿御苑では、この時期に植物への影響も懸念され、そのため水やり頻度などが調整された。
自己修復,36,36,10人目,112,0.6727526343608466,2023年5月、新宿御苑で記録的な猛暑が観測されました。気温は40℃近くまで上昇し、多くの観光客や市民が熱中症で救護所を利用しました。この時期に東京都の新宿御苑では植物への影響も懸念され、そのため水やり頻度などが調整された。
自己修復,37,37,原文,105,1.0,2021年、記録的な大雨により、山間部の小川が氾濫し、周辺の農地や道路に浸水被害をもたらした。宅地後背地の整備が進む中で、河川の保全意識が低下していたことが要因の一つと考えられ、排水施設の老朽化も影響を与えた。
自己修復,37,37,1人目,95,0.605036177756856,2021年、大雨により山間部の小川が氾濫し、周辺農地や道路に浸水被害が発生した。宅地後背地整備が進む中で河川保全意識が低下していたことも要因の1つと考えられ、排水施設の老朽化も影響を与えた。
自己修復,37,37,2人目,127,0.3440928926860301,2021年、大雨により山間部の小川が氾濫し、周辺農地や道路に浸水被害が発生した。宅地後背地整備の進む中で河川保全意識が低下していたことも要因の一つと考えられるため、その影響を受けた可能性はあるものの確実な情報はなく、排水施設の老朽化も関係があったようだ。
自己修復,37,37,3人目,100,0.33144894234234273,2021年、大雨により山間部の小川が氾濫し、周辺の農地や道路に浸水被害をもたらした。この影響を受けた可能性があり、その要因の一つに宅地後背地の整備と河川保全意識の低下、および排水施設の老朽化があった。
自己修復,37,37,4人目,100,0.33144894234234273,2021年、大雨により山間部の小川が氾濫し、周辺の農地や道路に浸水被害をもたらした。この影響を受けた可能性があり、その要因の一つに宅地後背地の整備と河川保全意識の低下、および排水施設の老朽化があった。
自己修復,37,37,5人目,123,0.34890388170251024,2021年、大雨により山間部の小川が氾濫し、周辺の農地や道路に浸水被害をもたらした。この影響を受けた可能性があり、その要因の一つに河川保全意識の低下、および排水施設の老朽化があった。また宅地後背地の整備が進んだことも要因のひとつと考えられている。
自己修復,37,37,6人目,123,0.34890388170251024,2021年、大雨により山間部の小川が氾濫し、周辺の農地や道路に浸水被害をもたらした。この影響を受けた可能性があり、その要因の一つに河川保全意識の低下、および排水施設の老朽化があった。また宅地後背地の整備が進んだことも要因のひとつと考えられている。
自己修復,37,37,7人目,123,0.34890388170251024,2021年、大雨により山間部の小川が氾濫し、周辺の農地や道路に浸水被害をもたらした。この影響を受けた可能性があり、その要因の一つに河川保全意識の低下、および排水施設の老朽化があった。また宅地後背地の整備が進んだことも要因のひとつと考えられている。
自己修復,37,37,8人目,91,0.3077539674109107,2021年、大雨により山間部の小川が氾濫し、周辺の農地や道路に浸水被害をもたらした。この影響を受けた可能性があり、その要因の一つに河川保全意識の低下、および排水施設の老朽化があった。
自己修復,37,37,9人目,91,0.3077539674109107,2021年、大雨により山間部の小川が氾濫し、周辺の農地や道路に浸水被害をもたらした。この影響を受けた可能性があり、その要因の一つに河川保全意識の低下、および排水施設の老朽化があった。
自己修復,37,37,10人目,90,0.2991735958696935,2021年、大雨により山間部の小川が氾濫し、周辺の農地や道路に浸水被害をもたらした。この影響を受けた可能性があり、その要因の一つに河川保全意識の低下および排水施設の老朽化があった。
自己修復,38,38,原文,122,1.0,2023年7月、豪州東部のシドニー湾沿岸地域で記録的な干ばつが続き、海面水位が著しく低下した。普段は賑わう港の底には大量の貝類や魚類が晒され、生態系に深刻な影響が出たと考えられる。気温上昇と降水量の減少が複合的に作用し、異常事態を引き起こした。
自己修復,38,38,1人目,121,0.7813432143818856,2023年7月、豪州東部のシドニー湾沿岸地域で記録的な干ばつが続き、海面水位が著しく低下した。気温上昇と降水量の減少が複合的に作用し、異常事態を引き起こした。このため、港の底には大量の貝類や魚類が晒され、生態系に深刻な影響が出たと考えられる。
自己修復,38,38,2人目,123,0.5810036640534042,2023年7月、豪州東部のシドニー湾沿岸地域で記録的な干ばつが続き、海面水位が著しく低下した。これにより、港の底には大量の貝類や魚類が晒され、生態系に深刻な影響が出たと考えられる。気温の上昇と降水量の減少は、この異常事態を引き起こした主因である。
自己修復,38,38,3人目,123,0.5887140202261387,2023年7月、豪州東部のシドニー湾沿岸地域で記録的な干ばつが続き、海面水位が著しく低下した。これにより港の底には大量の貝類や魚類が晒され、生態系に深刻な影響が出たと考えられる。気温の上昇と降水量の減少は、この異常事態を引き起こした主因となった。
自己修復,38,38,4人目,121,0.5909256172191636,2023年7月、豪州東部のシドニー湾沿岸地域で記録的な干ばつが続き、海面水位が著しく低下した。このため港の底には大量の貝類や魚類が晒され、生態系に深刻な影響が出たと考えられる。気温の上昇と降水量の減少はこの異常事態を引き起こした主因となった。
自己修復,38,38,5人目,121,0.5909256172191636,2023年7月、豪州東部のシドニー湾沿岸地域で記録的な干ばつが続き、海面水位が著しく低下した。このため港の底には大量の貝類や魚類が晒され、生態系に深刻な影響が出たと考えられる。気温の上昇と降水量の減少はこの異常事態を引き起こした主因となった。
自己修復,38,38,6人目,117,0.3804423072305783,2023年7月、豪州東部のシドニー湾沿岸地域で記録的な干ばつが続き、海面水位が著しく低下した。これにより、港の底に大量の貝類や魚類が晒され生態系に深刻な影響が出るとみられる。この異常事態は気温の上昇と降水量の減少の複合的な作用による。
自己修復,38,38,7人目,113,0.4356026157285055,2023年7月、豪州東部のシドニー湾沿岸地域で記録的干ばつが続き、海面水位が著しく低下した。その結果、港の底には大量の貝類や魚類が晒され生態系に深刻な影響が出ている。気温の上昇と降水量の減少は、この異常事態を引き起こしている。
自己修復,38,38,8人目,117,0.5577007337144541,2023年7月、豪州東部のシドニー湾沿岸地域で記録的な干ばつが続き、海面水位が著しく低下した。港の底には大量の貝類や魚類が晒され、生態系に深刻な影響が出ている。これは気温上昇と降水量の減少が複合的に作用し引き起こされた異常事態である。
自己修復,38,38,9人目,121,0.5081630914391241,2023年7月、豪州東部のシドニー湾沿岸地域で記録的な干ばつが続き、海面水位が著しく低下した。その結果、港の底には大量の貝類や魚類が晒され生態系に深刻な影響が出ている。これは気温上昇と降水量の減少が複合的に作用し引き起こされた異常事態である。
自己修復,38,38,10人目,118,0.6120933333400069,2023年7月、豪州東部のシドニー湾沿岸地域で記録的な干ばつが続き、海面水位は著しく低下した。これにより港の底には大量の貝類や魚類が晒され生態系に深刻な影響が出ている。気温上昇と降水量の減少が複合的に作用し、この異常事態を引き起こした。
自己修復,39,39,原文,101,1.0,2023年夏、豪雨により県内の河川が氾濫し、多くの家屋や農地を水没させた。浸水深は地域によって異なり、特に下流域では床上高止水位を超える被害が出た。避難指示が出され、住民は一時的に安全な場所に移動した。
自己修復,39,39,1人目,80,0.4066522933897716,2023年夏の豪雨により県内の河川が氾濫し、多くの家屋や農地を浸水させた。床上高止水位を超える被害が出て避難指示が出された。住民は安全な場所に一時的に移動した。
自己修復,39,39,2人目,101,0.7305752439875555,2023年夏の豪雨により県内の河川が氾濫し、多くの家屋や農地を浸水させた。浸水深は地域によって異なり、特に下流域では床上高止水位を超える被害が出て避難指示が出された。住民は安全な場所に一時的に移動した。
自己修復,39,39,3人目,93,0.421040845936134,【修復・要約文】2023年夏の豪雨により県内の河川が氾濫し、多くの家屋や農地を浸水させた。下流域では床上高止水位を超える被害が出て避難指示が出された。住民は安全な場所に一時的に移動した。
自己修復,39,39,4人目,93,0.421040845936134,【修復・要約文】2023年夏の豪雨により県内の河川が氾濫し、多くの家屋や農地を浸水させた。下流域では床上高止水位を超える被害が出て避難指示が出された。住民は安全な場所に一時的に移動した。
自己修復,39,39,5人目,93,0.421040845936134,【修復・要約文】2023年夏の豪雨により県内の河川が氾濫し、多くの家屋や農地を浸水させた。下流域では床上高止水位を超える被害が出て避難指示が出された。住民は安全な場所に一時的に移動した。
自己修復,39,39,6人目,93,0.421040845936134,【修復・要約文】2023年夏の豪雨により県内の河川が氾濫し、多くの家屋や農地を浸水させた。下流域では床上高止水位を超える被害が出て避難指示が出された。住民は安全な場所に一時的に移動した。
自己修復,39,39,7人目,93,0.421040845936134,【修復・要約文】2023年夏の豪雨により県内の河川が氾濫し、多くの家屋や農地を浸水させた。下流域では床上高止水位を超える被害が出て避難指示が出された。住民は安全な場所に一時的に移動した。
自己修復,39,39,8人目,93,0.421040845936134,【修復・要約文】2023年夏の豪雨により県内の河川が氾濫し、多くの家屋や農地を浸水させた。下流域では床上高止水位を超える被害が出て避難指示が出された。住民は安全な場所に一時的に移動した。
自己修復,39,39,9人目,93,0.421040845936134,【修復・要約文】2023年夏の豪雨により県内の河川が氾濫し、多くの家屋や農地を浸水させた。下流域では床上高止水位を超える被害が出て避難指示が出された。住民は安全な場所に一時的に移動した。
自己修復,39,39,10人目,93,0.421040845936134,【修復・要約文】2023年夏の豪雨により県内の河川が氾濫し、多くの家屋や農地を浸水させた。下流域では床上高止水位を超える被害が出て避難指示が出された。住民は安全な場所に一時的に移動した。
自己修復,40,40,原文,109,1.0,2023年5月、記録的な大雨により河川が氾濫し、地域住民の生活に大きな影響が出た。土砂災害警戒情報の発令や避難指示などが実施され、多くの家屋が浸水被害を受けた。重立った状況下で、自治体と住民が連携し、復旧作業を進めた。
自己修復,40,40,1人目,69,0.2607227689692717,2023年5月に大雨により河川氾濫・浸水被害、土砂災害警戒情報や避難指示などが発令されていく中で、自治体と住民は連携して復旧作業を進めた。
自己修復,40,40,2人目,97,0.434736824243529,2023年5月の大雨により河川氾濫や浸水被害が発生し、大きな影響が出た。土砂災害警戒情報や避難指示が実施され、多くの家屋が浸水被害を受けたが、その状況下で自治体と住民は連携し、復旧作業を進めた。
自己修復,40,40,3人目,104,0.5473295032543758,2023年5月の大雨により河川氾濫や浸水被害が発生し、大きな影響が出た。土砂災害警戒情報の発令や避難指示などが実施され、多くの家屋が浸水被害を受けた。このような状況下で自治体と住民は連携し、復旧作業を進めた。
自己修復,40,40,4人目,114,0.529715239427977,2023年5月の大雨により記録的な大雨の影響で河川氾濫や浸水被害が発生し、大きな影響が出た。土砂災害警戒情報の発令や避難指示などが実施され、多くの家屋が浸水被害を受けた。このような状況下で自治体と住民は連携し、復旧作業を進めた。
自己修復,40,40,5人目,114,0.529715239427977,2023年5月の大雨により記録的な大雨の影響で河川氾濫や浸水被害が発生し、大きな影響が出た。土砂災害警戒情報の発令や避難指示などが実施され、多くの家屋が浸水被害を受けた。このような状況下で自治体と住民は連携し、復旧作業を進めた。
自己修復,40,40,6人目,114,0.4750150865743361,2023年5月の大雨により記録的な大雨の影響で河川氾濫や浸水被害が発生し、大きな影響が出た。土砂災害警戒情報の発令や避難指示などが実施され、多くの家屋が浸水被害を受けた。このような状況下で自治体と住民は連携して復旧作業を行った。
自己修復,40,40,7人目,87,0.23357441641347165,2023年5月の記録的大雨により、河川氾濫や浸水被害が発生し、多くの家屋に影響が出た。土砂災害警戒情報が発表され避難指示も実施された。自治体と住民は協力して復旧作業を進めた。
自己修復,40,40,8人目,97,0.29479430722822747,【修復・要約した文章】2023年5月の記録的大雨により、多くの家屋に浸水被害が出て地域住民の生活に影響が大きかった。土砂災害警戒情報と避難指示が発表され、自治体と住民は連携して復旧作業を進めた。
自己修復,40,40,9人目,98,0.2701846505663864,【修復・要約した文章】2023年5月の大雨により、多くの家屋に浸水被害が出て地域住民の生活に影響が大きかった。このため土砂災害警戒情報と避難指示が発表され、自治体と住民は連携して復旧作業を進めた。
自己修復,40,40,10人目,98,0.2701846505663864,【修復・要約した文章】2023年5月の大雨により、多くの家屋に浸水被害が出て地域住民の生活に影響が大きかった。このため土砂災害警戒情報と避難指示が発表され、自治体と住民は連携して復旧作業を進めた。
自己修復,41,41,原文,85,1.0,朝起きて、窓の外に鳥が飛び立っていくのを見た。昨日まで雨模様だったのに、空は青く晴れ渡り、日差しが優しく地面を照らしていた。風も穏やかで、木々の葉がそよそよと揺れていた。
自己修復,41,41,1人目,77,0.523625576094405,朝起きて窓の外に鳥が飛び立っていくのを見た。昨日の雨がすみ、天気が良くなり、日差しは優しく地面を照らしていた。風も穏やかで木々の葉がそよそよと揺れていた。
自己修復,41,41,2人目,81,0.6372977069535807,朝起きて窓の外に鳥が飛び立っていくのを見た。昨日の雨がすみ、空は明るく晴れており、日差しが優しく地面を照らしていた。風も穏やかで、木々の葉がそよそよと揺れていた。
自己修復,41,41,3人目,71,0.3167716575546318,鳥たちが窓の外に飛び立っていくのを見て、空は青く明るく晴れており日差しが優しく地面を照らしている。また風も穏やかで木々の葉も揺れているようだ。
自己修復,41,41,4人目,62,0.1145141997008452,鳥たちは窓の外に飛び立ち、空が青い晴れ日に日光が温かい照りつけるような風は穏やかで、木たちの葉がそよそよと揺れる光景だった。
自己修復,41,41,5人目,80,0.2776407436622776,夜明けを見て、窓の外には鳥たちが飛んでいく様子を見た。昨日の雨がもらえていたように空は青く晴れていて、日差しが優しく風は穏やかで、木の葉がそよそよと揺れていた。
自己修復,41,41,6人目,67,0.3560358941141041,夜明けを見て、窓の外には鳥たちが飛んでいく様子を見た。空は青く晴れており、日差しが優しく風も穏やかで、木々の葉がそよそよと揺れていた。
自己修復,41,41,7人目,84,0.4911515295877826,夜明けを見て、窓の外には鳥たちが飛んでいく様子を見た。昨日までは雨模様だったのに、今日は空は青く晴れており、日差しが優しく風も穏やかで、木々の葉がそよそよと揺れていた。
自己修復,41,41,8人目,85,0.5868155338777804,夜明けを見て、窓の外には鳥たちが飛び立っていくのを見た。昨日までは雨模様だったのに、今日は空は青く晴れており、日差しが優しく風も穏やかで、木々の葉がそよそよと揺れていた。
自己修復,41,41,9人目,76,0.46210566008996484,夜明けを見て、窓の外に鳥たちが飛び立っていくのを見た。昨日の雨は終わって空は青く晴れており、日差しが優しく風も穏やかで、木々の葉がそよそよと揺れていた。
自己修復,41,41,10人目,74,0.5251794293264469,朝起きて、窓の外に鳥たちが飛び立っていくのを見た。昨日の雨は終わって空は青く晴れており、日差しが優しく風も穏やかで、木々の葉がそよそよと揺れていた。
自己修復,42,42,原文,86,1.0,朝起きて窓の外に目をやると、空模様がいつもと違う色調だった。雲の配置も複雑で、まるで誰かが絵を描いているようだった。静かな住宅街には、鳥の鳴き声と自転車の音が混じっていた。
自己修復,42,42,1人目,80,0.7717419145682041,朝起きて窓の外に目をやると、空模様がいつもと違う色調だった。雲の配置も複雑で、まるで誰かが絵を描いているようだった。しかし住宅街には、鳥の鳴き声が聞こえていた。
自己修復,42,42,2人目,90,0.7395535477928885,朝起きて窓の外に目をやると、空模様がいつもと違う色調だった。雲の配置も複雑で、まるで誰かが絵を描いているようだった。それに合わせて住宅街には、鳥の鳴き声と自転車の音が聞こえていた。
自己修復,42,42,3人目,82,0.8836213191928348,窓の外に目をやると、空模様がいつもと違う色調だった。雲の配置も複雑で、まるで誰かが絵を描いているようだった。静かな住宅街には、鳥の鳴き声と自転車の音が聞こえていた。
自己修復,42,42,4人目,76,0.5648079845390725,窓の外に目をやると、空模様がいつもと違う色調だった。雲の配置は複雑で誰かが描いているように見えた。静かな住宅街では鳥の鳴き声と自転車の音が聞こえていた。
自己修復,42,42,5人目,76,0.5648079845390725,窓の外に目をやると、空模様がいつもと違う色調だった。雲の配置は複雑で誰かが描いているように見えた。静かな住宅街では鳥の鳴き声と自転車の音が聞こえていた。
自己修復,42,42,6人目,76,0.5648079845390725,窓の外に目をやると、空模様がいつもと違う色調だった。雲の配置は複雑で誰かが描いているように見えた。静かな住宅街では鳥の鳴き声と自転車の音が聞こえていた。
自己修復,42,42,7人目,91,0.2010200564977138,窓の外を見ると、空模様がいつもとは異なる色合いが現れた。雲の形や配置は複雑で誰かの手描きのような雰囲気を醸し出していた。住宅街では静かだったのに、鳥の声と自転車音が混ざり合っていた。
自己修復,42,42,8人目,95,0.27717687841661054,朝起きて窓の外を見ると、空模様がいつもとは異なる色調が現れていた。雲の配置は複雑で誰かの手描きのような雰囲気を醸し出していた。住宅街では静かな時間にも、鳥の鳴き声と自転車の音が聞こえていた。
自己修復,42,42,9人目,98,0.2785241952752287,朝起きて窓の外を見ると、空模様がいつもとは異なる色調が現れていた。雲の配置は複雑で誰かの手描きのような雰囲気を醸し出していた。しかし住宅街では静かだった。鳥の鳴き声と自転車の音だけが聞こえていた。
自己修復,42,42,10人目,96,0.38678891619623507,朝起きて窓の外を見ると、空模様がいつもとは異なる色調が現れていた。雲の配置は複雑で誰かの手描きのような雰囲気を醸し出していた。しかし静かな住宅街では、鳥の鳴き声と自転車の音だけが混じっていた。
自己修復,43,43,原文,103,1.0,昨日の夕暮れ、公園のベンチで老夫婦が手をつないでいた。空には茜色が広がり、静かに波打つ海を見つめていた。二人の顔には穏やかな笑みが浮かんでおり、まるで長年連れ添ったように安心感に満ちた雰囲気を漂わせていた。
自己修復,43,43,1人目,103,0.9999999999999983,昨日の夕暮れ、公園のベンチで老夫婦が手をつないでいた。空には茜色が広がり、静かに波打つ海を見つめていた。二人の顔には穏やかな笑みが浮かんでおり、まるで長年連れ添ったように安心感に満ちた雰囲気を漂わせていた。
自己修復,43,43,2人目,101,0.939185513775543,昨日の夕暮れ、公園のベンチで老夫婦が手をつないでいた。空には茜色が広がり、静かに波打つ海を見ていた。二人の顔には穏やかな笑みが浮かんでおり、まるで長年連れ添ったように安心感に満ちた雰囲気を漂わせていた。
自己修復,43,43,3人目,103,0.9999999999999983,昨日の夕暮れ、公園のベンチで老夫婦が手をつないでいた。空には茜色が広がり、静かに波打つ海を見つめていた。二人の顔には穏やかな笑みが浮かんでおり、まるで長年連れ添ったように安心感に満ちた雰囲気を漂わせていた。
自己修復,43,43,4人目,108,0.7878711711577066,昨日の夕暮れ、公園のベンチで老夫婦が手をつないでいた。空には茜色の太陽が落ちており、静かに波打つ海を見つめていた。二人の顔には穏やかな笑みが浮かんでおり、まるで長年連れ添ったように安心感に満ちた雰囲気を漂わせていた。
自己修復,43,43,5人目,103,0.9999999999999983,昨日の夕暮れ、公園のベンチで老夫婦が手をつないでいた。空には茜色が広がり、静かに波打つ海を見つめていた。二人の顔には穏やかな笑みが浮かんでおり、まるで長年連れ添ったように安心感に満ちた雰囲気を漂わせていた。
自己修復,43,43,6人目,103,0.9999999999999983,昨日の夕暮れ、公園のベンチで老夫婦が手をつないでいた。空には茜色が広がり、静かに波打つ海を見つめていた。二人の顔には穏やかな笑みが浮かんでおり、まるで長年連れ添ったように安心感に満ちた雰囲気を漂わせていた。
自己修復,43,43,7人目,69,0.6236387790665902,昨日の夕暮れ、公園のベンチで老夫婦が手をつないでいた。空には茜色が広がり、静かに波打つ海を見つめていた、二人の顔には穏やかな笑みがあった。
自己修復,43,43,8人目,102,0.9428219421415572,昨日の夕暮れ、公園のベンチで老夫婦が手をつないでいた。空には茜色が広がり、静かに波打つ海を見つめていた二人の顔には穏やかな笑みが浮かんでおり、まるで長年連れ添ったように安心感に満ちた雰囲気を漂わせていた。
自己修復,43,43,9人目,103,0.9999999999999983,昨日の夕暮れ、公園のベンチで老夫婦が手をつないでいた。空には茜色が広がり、静かに波打つ海を見つめていた。二人の顔には穏やかな笑みが浮かんでおり、まるで長年連れ添ったように安心感に満ちた雰囲気を漂わせていた。
自己修復,43,43,10人目,89,0.3944595895941036,昨日の夕暮れ、公園のベンチで老夫婦が手をつないでいた。その場面は穏やかな空貌と静かに波打つ海を眺めている様子がうかんでおり、まるで長年連れ添ったような安心感に満ちた雰囲気だった。
自己修復,44,44,原文,104,1.0,雨上がりの道を歩いていた。足元にはキラキラと水たまりが広がり、虹がかかった空の下、子供たちの歓声が聞こえてきた。ベンチに座ってアイスクリームを食べる女の子の姿も目に浮かぶ。それは、過ぎ去りし夏の一コマだった。
自己修復,44,44,1人目,91,0.5327366921110622,雨上がりの道を歩いていた。足元にはキラキラと水たまりが広がり、虹がかかった空の下、子供たちの歓声が聞こえてきた。アイスクリームを食べる女の子も見えた。それは過ぎ去った夏の一瞬だった。
自己修復,44,44,2人目,91,0.5327366921110622,雨上がりの道を歩いていた。足元にはキラキラと水たまりが広がり、虹がかかった空の下、子供たちの歓声が聞こえてきた。アイスクリームを食べる女の子も見えた。それは過ぎ去った夏の一瞬だった。
自己修復,44,44,3人目,86,0.4723577121131601,雨上がりの道を歩いていた。足元には水たまりが広がり、虹がかかった空の下、子供たちの歓声が聞こえてきた。アイスクリームを食べる女の子も見えた。それは過ぎ去った夏の一瞬だった。
自己修復,44,44,4人目,98,0.6139243767364921,雨上がりの道を歩いていた。足元にはキラキラと水たまりが広がり、虹がかかった空の下、子供たちの歓声が聞こえてきた。ベンチに座ってアイスクリームを食べる女の子も見えた。それは過ぎ去った夏の一瞬だった。
自己修復,44,44,5人目,98,0.6139243767364921,雨上がりの道を歩いていた。足元にはキラキラと水たまりが広がり、虹がかかった空の下、子供たちの歓声が聞こえてきた。ベンチに座ってアイスクリームを食べる女の子も見えた。それは過ぎ去った夏の一瞬だった。
自己修復,44,44,6人目,98,0.6139243767364921,雨上がりの道を歩いていた。足元にはキラキラと水たまりが広がり、虹がかかった空の下、子供たちの歓声が聞こえてきた。ベンチに座ってアイスクリームを食べる女の子も見えた。それは過ぎ去った夏の一瞬だった。
自己修復,44,44,7人目,98,0.6139243767364921,雨上がりの道を歩いていた。足元にはキラキラと水たまりが広がり、虹がかかった空の下、子供たちの歓声が聞こえてきた。ベンチに座ってアイスクリームを食べる女の子も見えた。それは過ぎ去った夏の一瞬だった。
自己修復,44,44,8人目,86,0.4723577121131601,雨上がりの道を歩いていた。足元には水たまりが広がり、虹がかかった空の下、子供たちの歓声が聞こえてきた。アイスクリームを食べる女の子も見えた。それは過ぎ去った夏の一瞬だった。
自己修復,44,44,9人目,92,0.5977263122958768,雨上がりの道を歩いていた。足元にはキラキラと水たまりが広がり、虹がかかった空の下、子供たちの歓声が聞こえてきた。アイスクリームを食べる女の子も見えた。それは過ぎ去った夏の一コマだった。
自己修復,44,44,10人目,99,0.6731110492973477,雨上がりの道を歩いていた。足元にはキラキラと水たまりが広がり、虹がかかった空の下、子供たちの歓声が聞こえてきた。ベンチに座ってアイスクリームを食べる女の子も見えた。それは過ぎ去った夏の一コマだった。
自己修復,45,45,原文,89,1.0,雨上がりの道を歩いていた。足元はまだ濡れていて、色とりどりの傘の花が咲き乱れている。遠くには虹がかかり、子供たちが歓声を上げて走っていた。心が洗われるような、穏やかな一日だった。
自己修復,45,45,1人目,103,0.6749629101262525,この前の人の文章は正しいです。雨上がりの道を歩いていた。足元はまだ濡れていて、色とりどりの傘の花が咲き乱れている。遠くには虹がかかり、子供たちが歓声を上げて走っていた心が洗われるような、穏やかな一日だった。
自己修復,45,45,2人目,88,0.7160023630457774,雨上がりの道を歩いていた。足元はまだ濡れていて、色とりどりの傘の花が咲き乱れている。遠くには虹がかかり、その様子で子供たちが歓声を上げて走っていた心が洗われるような一日だった。
自己修復,45,45,3人目,84,0.8705146434525575,雨上がりの道を歩いていた。足元はまだ濡れていて、色とりどりの傘の花が咲き乱れている。遠くには虹がかかり、子供たちが歓声を上げて走っていた心が洗われるような、一日だった。
自己修復,45,45,4人目,88,0.9568476893191199,雨上がりの道を歩いていた。足元はまだ濡れていて、色とりどりの傘の花が咲き乱れている。遠くには虹がかかり、子供たちが歓声を上げて走っていた心が洗われるような、穏やかな一日だった。
自己修復,45,45,5人目,84,0.8705146434525575,雨上がりの道を歩いていた。足元はまだ濡れていて、色とりどりの傘の花が咲き乱れている。遠くには虹がかかり、子供たちが歓声を上げて走っていた心が洗われるような、一日だった。
自己修復,45,45,6人目,96,0.6125752165713485,雨上がりの道を歩いていた。足元はまだ濡れていて、色とりどりの傘の花が咲き乱れている。遠くには虹がかかっており、小さな子供たちが歓声を上げながら走っていた。心が穏やかに洗われるような一日だった。
自己修復,45,45,7人目,85,0.916895295478565,雨上がりの道を歩いていた。足元はまだ濡れていて、色とりどりの傘の花が咲き乱れている。遠くには虹がかかり、子供たちが歓声を上げて走っていた。心が洗われるような、一日だった。
自己修復,45,45,8人目,83,0.7392260330362592,雨上がりの道を歩いていた。足元はまだ濡れていて、色とりどりの傘の花が咲き乱れている。遠くには虹がかかっており、子供たちが歓声を上げて走っていた心の穏やかな一日だった。
自己修復,45,45,9人目,76,0.7505865615265108,雨上がりの道を歩いていた。足元はまだ濡れていて、色とりどりの傘の花が咲き乱れている。虹がかかり、子供たちが歓声を上げて走っていた心の穏やかな一日だった。
自己修復,45,45,10人目,88,0.9568476893191199,雨上がりの道を歩いていた。足元はまだ濡れていて、色とりどりの傘の花が咲き乱れている。遠くには虹がかかり、子供たちが歓声を上げて走っていた心が洗われるような、穏やかな一日だった。
自己修復,46,46,原文,97,1.0,明治維新は、幕末の動乱期に、武士階級を中心とした政治勢力が皇室を擁立し、江戸幕府を倒したことで成立した。新しい国家体制が築かれ、近代化政策が進められた。社会構造や文化にも大きな変化をもたらした。
自己修復,46,46,1人目,88,0.3841393350245616,明治維新は、幕末の動乱期に、武士階級を中心とした政治勢力が皇室を擁立し、江戸幕府を倒したことで成立した。しかし、その際に新しい国家体制と近代化政策が実施されたことは事実である。
自己修復,46,46,2人目,95,0.7368367727117842,明治維新は、幕末の動乱期に、武士階級を中心とした政治勢力が皇室を擁立し、江戸幕府を倒したことで成立した。新しい国家体制と近代化政策が進められた結果、社会構造や文化にも大きな変化をもたらした。
自己修復,46,46,3人目,102,0.6760081458753024,明治維新は、幕末の動乱期に、武士階級を中心とした政治勢力が皇室を擁立し、江戸幕府を倒したことで成立した。その結果、新しい国家体制と近代化政策が進められたことにより社会構造や文化にも大きな変化をもたらした。
自己修復,46,46,4人目,102,0.6760081458753024,明治維新は、幕末の動乱期に、武士階級を中心とした政治勢力が皇室を擁立し、江戸幕府を倒したことで成立した。その結果、新しい国家体制と近代化政策が進められたことにより社会構造や文化にも大きな変化をもたらした。
自己修復,46,46,5人目,93,0.5873910638384908,明治維新は、武士階級を中心とした政治勢力が皇室を擁立し江戸幕府を倒したことで成立した。その結果、新しい国家体制と近代化政策が進められたことにより社会構造や文化にも大きな変化をもたらした。
自己修復,46,46,6人目,87,0.4266643427480286,明治維新は、武士階級を中心とした政治勢力が皇室を擁立し江戸幕府を倒したことで成立した。その結果、新しい国家体制と近代化政策が進められ、大きく社会構造や文化にも影響を及ぼした。
自己修復,46,46,7人目,88,0.5495426692857119,明治維新は、幕末の動乱期に武士階級を中心とした政治勢力が皇室を擁立し江戸幕府を倒して成立した。新しい国家体制と近代化政策が進められ、社会構造や文化にも大きな変化がもたらされた。
自己修復,46,46,8人目,91,0.6258011648205328,明治維新は、幕末の動乱期に武士階級を中心とした政治勢力が皇室を擁立し江戸幕府を倒したことで成立し、新しい国家体制と近代化政策が進められた。社会構造や文化にも大きな変化がもたらされた。
自己修復,46,46,9人目,96,0.6261245351136804,明治維新は、幕末の動乱期に武士階級を中心とした政治勢力が皇室を擁立し、江戸幕府を倒したことで成立し、新しい国家体制と近代化政策が進められたことが原因で社会構造や文化にも大きな変化をもたらした。
自己修復,46,46,10人目,96,0.5196444471974535,明治維新は、幕末の動乱期に武士階級を中心とした政治勢力が皇室を擁立し、江戸幕府を倒したことで成立したことが原因で、新しい国家体制や近代化政策が進められ、大きな社会構造や文化の変化をもたらした。
自己修復,47,47,原文,100,1.0,明治維新は、1868年、江戸幕府が倒れ、天皇を中心とした新しい政府が成立した。武士階級による政治改革が進み、欧米列強との貿易が開かれた。社会構造や文化が大きく変化し、近代日本へと移行する契機となった。
自己修復,47,47,1人目,96,0.26309046302742045,明治維新は、1868年、江戸幕府が倒れ、新しい政府が天皇を中心に成立した。新しく政治改革を行い、欧米との貿易が始まった。社会や文化も大きく変わり、この出来事により近代日本への移行につながった。
自己修復,47,47,2人目,91,0.39644677834408604,明治維新は、1868年、江戸幕府が倒れ、新しい政府が天皇を中心に成立した。政治改革と貿易の開拓が進み、社会構造や文化も大きく変化し、この出来事により近代日本へと移行する契機となった。
自己修復,47,47,3人目,98,0.5009215112746153,明治維新は、1868年、江戸幕府が倒れたことで天皇を中心とする新しい政府が成立した。武士階級による政治改革と欧米との貿易の開拓により、社会構造や文化も大きく変化し近代日本へと移行する契機となった。
自己修復,47,47,4人目,94,0.655029613343158,明治維新は、1868年、江戸幕府が倒れ、天皇を中心とした新しい政府が成立した。武士階級による政治改革と欧米との貿易の開拓により社会構造や文化も大きく変化し近代日本へと移行する契機となった。
自己修復,47,47,5人目,89,0.4462772306482675,明治維新は、1868年、江戸幕府が倒れ、新しい政府が天皇を中心として成立した。その結果、政治改革と貿易の開拓により社会構造や文化も大きく変化し、近代日本へと移行する契機となった。
自己修復,47,47,6人目,92,0.43058969544439263,明治維新は、1868年、江戸幕府が倒れたことで天皇を中心とする新しい政府が成立した。その結果、政治改革と貿易の開拓により社会構造や文化も大きく変化し、近代日本へと移行する契機となった。
自己修復,47,47,7人目,81,0.29467733521980327,明治維新は、1868年、江戸幕府が倒れ、新しい政府が天皇を中心に成立した。それにより政治改革と貿易の発展が進み、日本社会や文化も大きく変化し近代日本へと移行した。
自己修復,47,47,8人目,94,0.4401269545881059,明治維新は、1868年、江戸幕府が倒れ、新しい政府が天皇を中心に成立した。それにより武士階級による政治改革と欧米列強との貿易の開放が進み、日本社会や文化も大きく変化し近代日本へと移行した。
自己修復,47,47,9人目,94,0.4401269545881059,明治維新は、1868年、江戸幕府が倒れ、新しい政府が天皇を中心に成立した。それにより武士階級による政治改革と欧米列強との貿易の開放が進み、日本社会や文化も大きく変化し近代日本へと移行した。
自己修復,47,47,10人目,94,0.4401269545881059,明治維新は、1868年、江戸幕府が倒れ、新しい政府が天皇を中心に成立した。それにより武士階級による政治改革と欧米列強との貿易の開放が進み、日本社会や文化も大きく変化し近代日本へと移行した。
自己修復,48,48,原文,85,1.0,明治維新後、富国強兵のため殖産興業を推進し、日本銀行の設立や官営工場の建設などが行われた。これにより、近代的な経済基盤が整備され、工業化へと向かう大きな一歩を踏み出した。
自己修復,48,48,1人目,81,0.7674215979435604,明治維新後、富国強兵のため殖産興業を推進した結果、日本銀行の設立や官営工場の建設などが行われ、近代的な経済基盤が整備され、工業化へと向かう大きな一歩を踏み出した。
自己修復,48,48,2人目,85,0.35521614514852173,明治維新後の日本では富国強兵のため殖産興業が推進され、日本銀行が設立され官営工場も建設された。これにより近代的な経済基盤が整備され工業化へと進む大きな一歩が踏み出された。
自己修復,48,48,3人目,82,0.6606673097809801,明治維新後の日本では富国強兵のため殖産興業が推進され、日本銀行の設立や官営工場の建設などにより、近代的な経済基盤が整備され、工業化へと向かう大きな一歩を踏み出した。
自己修復,48,48,4人目,79,0.5811054094751203,明治維新後の日本では富国強兵のため殖産興業が推進され、日本銀行と官営工場の建設などにより、近代的な経済基盤が整備され、工業化へと向かう大きな一歩を踏み出した。
自己修復,48,48,5人目,82,0.6606673097809801,明治維新後の日本では富国強兵のため殖産興業が推進され、日本銀行の設立や官営工場の建設などにより、近代的な経済基盤が整備され、工業化へと向かう大きな一歩を踏み出した。
自己修復,48,48,6人目,82,0.6606673097809801,明治維新後の日本では富国強兵のため殖産興業が推進され、日本銀行の設立や官営工場の建設などにより、近代的な経済基盤が整備され、工業化へと向かう大きな一歩を踏み出した。
自己修復,48,48,7人目,75,0.6065785258501328,明治維新後、富国強兵のため殖産興業が推進され、日本銀行と官営工場の設立などにより、近代的な経済基盤が整備され、工業化へと向かう大きな一歩を踏み出した。
自己修復,48,48,8人目,83,0.8746952558949982,明治維新後、富国強兵のため殖産興業を推進し、日本銀行の設立や官営工場の建設などが行われ、これにより近代的な経済基盤が整備され、工業化へと向かう大きな一歩を踏み出した。
自己修復,48,48,9人目,72,0.4690346811307039,明治維新後、富国強兵のため殖産興業が推進された。日本銀行と官営工場の建設なども行われ、これにより近代的な経済基盤が整備され、工業化へと向かった。
自己修復,48,48,10人目,69,0.7102837180135132,明治維新後、殖産興業を推進し、日本銀行の設立や官営工場の建設などが行われた。これにより、近代的な経済基盤が整備され、工業化へと歩み始めた。
自己修復,49,49,原文,98,1.0,明治維新の際、薩摩藩を中心とする倒幕派が、江戸幕府に代わる新しい政治体制を樹立するため、武力蜂起を行い、朝廷を支援した。この結果、天皇を頂点とした明治政府が成立し、近代国家としての基礎が築かれた。
自己修復,49,49,1人目,98,0.9999999999999977,明治維新の際、薩摩藩を中心とする倒幕派が、江戸幕府に代わる新しい政治体制を樹立するため、武力蜂起を行い、朝廷を支援した。この結果、天皇を頂点とした明治政府が成立し、近代国家としての基礎が築かれた。
自己修復,49,49,2人目,74,0.6808271901326898,明治維新の際、薩摩藩を中心とする倒幕派が武力蜂起を行い、朝廷を支援した。その結果、天皇を頂点とした明治政府が成立し、近代国家としての基礎が築かれた。
自己修復,49,49,3人目,114,0.2260202910007227,【修復・要約】明治維新の際、薩摩藩を中心とする倒幕派は江戸幕府に代わる政治体制を作りたいと考え、武力蜂起を行った。そして朝廷の力を借りて、新しい政府ができた。新政府の中心には天皇がいて、その下では近代国家としての基礎が作られた。
自己修復,49,49,4人目,103,0.2630587116780568,【修復・要約】明治維新の際、薩摩藩を中心とする倒幕派は江戸幕府に代わる政治体制を作りたいと考え、武力蜂起を行い朝廷の力を借りて、新政府ができた。天皇がその中心となり、その下で近代国家としての基礎が築かれた。
自己修復,49,49,5人目,97,0.28933754675732315,明治維新の際、薩摩藩を中心とする倒幕派は、江戸幕府に代わる政治体制を作りたいと考え、武力蜂起を行い朝廷の力を借りて、新政府ができた。天皇はその頂点であり、その下で近代国家としての基礎が築かれた。
自己修復,49,49,6人目,83,0.6008428581564763,明治維新の際、薩摩藩を中心とする倒幕派が武力蜂起を行い、朝廷を支援して新政府を作り上げた。この結果、天皇を頂点とした明治政府が成立し、近代国家としての基礎が築かれた。
自己修復,49,49,7人目,89,0.7049119304467727,明治維新の際、薩摩藩を中心とする倒幕派は江戸幕府に代わる新しい政治体制を作るため、朝廷を支援して武力蜂起を行い、天皇を頂点とした明治政府が成立し、近代国家としての基礎が築かれた。
自己修復,49,49,8人目,89,0.6203399801682324,明治維新の際、薩摩藩を中心とする倒幕派は江戸幕府に代わる新しい政治体制を作るため、朝廷と協力して武力蜂起を行い、天皇を頂点とした明治政府が成立し、近代国家としての基礎が築かれた。
自己修復,49,49,9人目,89,0.6392113719328167,明治維新の際、薩摩藩を中心とする倒幕派は江戸幕府に代わる新しい政治体制を作るため、武力蜂起を行い、朝廷と協力して天皇を頂点とした明治政府が成立し、近代国家としての基礎が築かれた。
自己修復,49,49,10人目,97,0.6262478486445402,薩摩藩を中心とする倒幕派は、明治維新の際に江戸幕府に代わる新しい政治体制を作りたいと考え、武力蜂起を行い朝廷を支援した。この結果、天皇を頂点とした明治政府が成立し近代国家としての基礎が築かれた。
自己修復,50,50,原文,90,1.0,明治維新の際、薩摩藩を中心とする倒幕派が、朝廷に圧力をかけ、江戸幕府を打倒した。武力衝突や政治的駆け引きを経て、天皇を中心とした新しい国家体制が樹立され、近代日本の基礎が築かれた。
自己修復,50,50,1人目,87,0.7355683020260877,明治維新の際、薩摩藩を中心とする倒幕派が朝廷に圧力をかけて江戸幕府を打倒した。武力衝突や政治的駆け引きを経て天皇を中心とした新しい国家体制が樹立され、近代日本の基礎となった。
自己修復,50,50,2人目,90,0.28276487230287506,明治維新の際、薩摩藩を中心とする倒幕派が朝廷に圧力をかけて江戸幕府を打倒し、新たな政府を作り出し、天皇を中心とした国家体制が樹立された。これにより、日本は近代化の一歩前進を見せた。
自己修復,50,50,3人目,85,0.3078056610099989,明治維新の際、薩摩藩を中心とする倒幕派が朝廷に圧力をかけて江戸幕府を打倒し、新たな政府を作り出し、天皇を中心とした国家体制が樹立された。これにより、日本は近代化が進んだ。
自己修復,50,50,4人目,90,0.31076241000065163,明治維新の際、薩摩藩を中心とする倒幕派が朝廷に圧力をかけて江戸幕府を打倒し、新たな政府を作り出し、天皇を中心とした国家体制が樹立された。これにより、日本は近代化が促進されていった。
自己修復,50,50,5人目,92,0.2992965126653935,明治維新の際、薩摩藩を中心とする倒幕派が朝廷に圧力をかけて江戸幕府を打倒し、新たな政府が発足した結果、天皇を中心とした国家体制が樹立された。これにより、日本は近代化が促進されていった。
自己修復,50,50,6人目,93,0.31630218985925407,明治維新の際、薩摩藩を中心とする倒幕派が朝廷に圧力をかけ、江戸幕府を打倒し、新たな政府が発足した結果、天皇を中心とした国家体制が樹立された。このことにより日本は近代化が促進されていった。
自己修復,50,50,7人目,89,0.9443097537048003,明治維新の際、薩摩藩を中心とする倒幕派が朝廷に圧力をかけ、江戸幕府を打倒した。武力衝突や政治的駆け引きを経て、天皇を中心とした新しい国家体制が樹立され、近代日本の基礎が築かれた。
自己修復,50,50,8人目,89,0.9443097537048003,明治維新の際、薩摩藩を中心とする倒幕派が朝廷に圧力をかけ、江戸幕府を打倒した。武力衝突や政治的駆け引きを経て、天皇を中心とした新しい国家体制が樹立され、近代日本の基礎が築かれた。
自己修復,50,50,9人目,87,0.4768036023317529,明治維新の際、薩摩藩を中心とする倒幕派が朝廷に圧力をかけた結果、江戸幕府は実質的に打倒された。それに続き、天皇を中心とした新しい国家体制が樹立され、近代日本の基礎が築かれた。
自己修復,50,50,10人目,71,0.3242035092054661,明治維新の際、薩摩藩を中心とする倒幕派が朝廷に圧力をかけて江戸幕府を打倒し、新しく天皇を中心とした国家体制を作り出して近代日本の基礎を築いた。
